"Account ID","Account Name","Website Domain Text"
"0013j00002bADai","Shiji Group","shijigroup.com"
"0013j00003ALmL5","GLOBAL LEGAL ENTITY IDENTIFIER FOUND","gleif.org"
"001F0000017didL","Zound Industries International AB","zoundindustries.com"
"0013j000037iWFB","Encord","encord.com"
"001VK00000AcUSM","CR Bard","crbard.com"
"0012A00002TYauY","Coop Tagungszentrum","coop.ch"
"001F000000vYZVV","Molex","molex.com"
"001VK00000W2LSX","Recurrent Energy","recurrentenergy.com"
"0013j000031vbff","Clear.co","clear.co"
"001VK00000Tl5XD","Radisson","radissonhotelgroup.com"
"001F000000sfAKd","Helly Hansen","hellyhansen.com"
"001F0000010dTT3","ConocoPhillips","conocophillips.com"
"001VK00000fcUnK","City Hive, Inc.","cityhive.net"
"001F000000g7Dhx","Rakuten Kobo Inc.","kobo.com"
"0013j000034t1P0","A24 Films","a24films.com"
"001VK00000dhUXp","Hornet","hellohornet.com"
"001VK00000i76XB","ObjectiveHealth","objective.health"
"001F000001qEfR0","Deliveroo","deliveroo.co.uk"
"001F0000010dTar","Ingles Markets, Incorporated","ingles-markets.com"
"001VK000003st8W","Attorney General Minnesota","ag.state.mn.us"
"0012A00002TYL9G","Proxy","proxy.com"
"0012A00002TVzzX","Systematic","systematic.com"
"001F000000tYUAP","Cradlepoint","cradlepoint.com"
"0012A00002Bn0oJ","Wiley","wiley.com"
"001F000000jUeeX","Atlassian","atlassian.com"
"0012A00002VAGCY","Kinsta","kinsta.com"
"0013j00003ALmOu","AUTOKLAVER & DESINFEKTORER MEDICAL","ad-medical.se"
"0013j00003AMuWM","Frankenmuth Insurance","fmins.com"
"001VK000007lcHV","Westpack","westpack.com"
"0013j00003ANWzb","Lynk & Co","lynkco.com"
"0012A00002YJuip","Einride","einride.tech"
"0013j00002yaG3r","Nium","nium.com"
"0013j00002ybnMB","Bitso","bitso.com"
"0013j00003ANOlK","City of Avondale Estates","avondaleestates.org"
"001F0000010dSqx","Vectra","vectranetworks.com"
"001F000001qEm11","NIL Ltd.","nil.si"
"001VK00000UxB3B","Mg","mg.ironcladapp.com"
"0012A00001vZXId","Church's (Prada)","church-footwear.com"
"0013j00002ybJ2Z","Twingate","twingate.com"
"0013j000034tcko","OVHcloud","ovhcloud.com"
"001F0000010dTct","Lazard","lazard.com"
"0013j00002mdAZo","Beijer Byggmaterial AB","beijerbygg.se"
"0013j00002mbgz6","Ontario Teachers'? Pension Plan","otpp.com"
"0013j000034t3JV","Freiberuflich","ferrero.com"
"0013j00002bAMgD","Dental Intelligence","dentalintel.com"
"0012A00002Z1b1h","Highmark","highmarkhealth.org"
"001F000001teTxx","Groupe AF","groupeaf.com"
"0012A00002AgWra","EBANX","ebanx.com"
"001VK000007lg8B","Smedbo AB","smedbo.se"
"0013j00003AMRH2","New York City Council","council.nyc.gov"
"001F0000010dToV","Tenet Healthcare","tenethealth.com"
"0012A0000284YTZ","FC Barcelona","fcbarcelona.com"
"0013j00002cTLuI","People Power","peoplepowerco.com"
"0012A000021KESj","Axis Group","axisgroup.com"
"0013j00003ALmLn","JT International","jtidist.com"
"001VK00000VHSxP","AEG","aegworldwide.com"
"001F000001meNaF","happn","happn.com"
"0013j00003GVSPK","Foundever","foundever.com"
"0012A00002Eudzr","Celonis","celonis.com"
"001VK00000VaNKP","KION Group","kiongroup.com"
"001VK00000UDPpt","RISE","fraconferences.com"
"0013j00002mbu1L","New Jersey Performing Arts Center","njpac.org"
"0013j00002cRVmg","Harman International","harmaninternational.com"
"001VK00000gavXT","Invesco EMEA","invesco.eu"
"0013j00002bA5rx","Igloo Products","igloocoolers.com"
"0012A00002Z1cKw","Aspen Dental","aspendental.com"
"001VK00000VNIQb","Arc'teryx Equipment Inc.","arcteryx.com"
"001VK00000YrGfl","Vision Media","visionmedia.com"
"001VK000005ddJZ","Lava Car Rental","lavacarrental.is"
"001F0000010dTJe","Vivint","vivint.com"
"001VK00000QcG3C","OSRAM","osram.us"
"001VK000005ncnl","Oregon State Bar","osbar.org"
"0012A00002UJFgL","Performance Foodservice","performancefoodservice.com"
"001F0000010dSvK","BAE Systems","baesystems.com"
"001F000001jMaBR","ICA Gruppen","icagruppen.se"
"001VK00000dM7Nq","ECHO, Payments Simplified®","echohealthinc.com"
"001F0000017dcZL","Copenhagen Airports","cph.dk"
"0012A00002QrtLD","Etteplan","etteplan.com"
"001F000001BNzCC","L'Occitane","loccitane.com"
"001F000001meMgh","Scandic Hotels","scandichotels.com"
"001F0000010dTRr","CF Industries Holdings, Inc.","cfindustries.com"
"001VK00000XmggH","University of Chile","fen.uchile.cl"
"0012A00002aU2oz","Verisk Insurance Solutions","verisk.com"
"0013j00002yb70n","Controlant","controlant.com"
"0012A00002XQPw4","Acist Medical Systems","acist.com"
"0012A00002EHYCF","OneTrust","onetrust.com"
"0012A00001rJSlQ","e.l.f.","elfbeauty.com"
"001F0000010dSk9","HSBC","hsbc.com"
"001VK00000POhQP","HCSC Health Care Service Corporation","hcsc.com"
"001F0000010dTis","PPD","ppdi.com"
"0013j000034t3Vw","Cadence","cadence.care"
"0012A00002Bn0aM","Wabtec Corporation","wabteccorp.com"
"0013j00003JrBMZ","interface.ai","interface.ai"
"001F000001rrQxO","Solace","solace.com"
"0013j00002cTZRw","Virginia Information Technologies Agency","virginia.gov"
"001VK00000kGDGk","Chalkboard","chalkboard.io"
"0012A00002UImXg","SapientRazorfish","sapientrazorfish.com"
"001F000001rq5aQ","Airwallex","airwallex.com"
"0013j00002ycAPg","Weber Shandwick","ipgdxtrahealth.com"
"0013j00002cTwti","Alstom Power","alstom.com"
"001F000000j7F5P","SoftwareONE","softwareone.com"
"0013j00002yc7qK","La Redoute","laredoute-corporate.com"
"0013j000034sCJA","Boomy Corporation","boomy.com"
"0013j00002ybxHr","Children's Services Council of Palm Beach County","cscpbc.org"
"001VK00000AxrSM","Bloomberg Philanthropies","bloomberg.org"
"0013j00002cRcje","American Psychological Association","apa.org"
"001F000001AEk6e","TOEFL","ets.org"
"001F000001jNdvs","Bain & Company","bain.com"
"0012A00002Z1bBM","Vital Proteins","vitalproteins.com"
"0013j00002ycJlP","DOVISTA A/S","dovista.com"
"0012A00002VAY0s","Whoop","whoop.com"
"001F0000010dTpw","United Rentals","unitedrentals.com"
"001F000001o2rzy","Superdry","superdry.com"
"0013j000037iOCq","Imperial Dade","imperialdade.com"
"0012A00002SA42p","MEIKO Maschinenbau GmbH & Co. KG","meiko-global.com"
"0012A000021K3rc","MaxiCoffee","maxicoffee.com"
"001VK00000VDnAl","Danaher Corporation","danaher.com"
"0012A00002ZpLRY","Yokohama Tire Corporation","yokohamatire.com"
"0012A00002BnVKB","Vorwerk Group","vorwerk.ch"
"0012A00002IhNFt","Dixon Schwabl Advertising","healthfirst.org"
"001F000001HaLfi","Forter","forter.com"
"001F000001rqAgQ","Rituals","rituals.com"
"0012A00002BmnFC","ReliaQuest","reliaquest.com"
"001VK00000R6kJx","Svenska Postkodlotteriet","postkodlotteriet.se"
"001F0000010dTgu","Ocean Spray Cranberries","oceanspray.com"
"0013j000037iJ6F","BERLIN-CHEMIE Menarini","berlin-chemie.de"
"001F000000rB1sV","Morgans Hotel Group Management","sbe.com"
"0013j00002mdtDl","MSC Mediterranean Shipping Company","msc.com"
"0013j00002ybLAn","Zenseact","zenseact.com"
"0012A000021J4FP","Murex","murex.com"
"001VK00000PxgPs","Substack","substack.com"
"001F0000010dTEv","ServiceNow","servicenow.com"
"0013j00002bA7vu","Selency","selency.fr"
"001F0000017GMV5","Dawn Foods Global","dawnfoods.com"
"001F000001rpji8","Mediaplanet","mediaplanet.com"
"0012A00002ZpIfi","VyStar Credit Union","vystarcu.org"
"001A000000Zjbwa","Criteo","criteo.com"
"001VK00000gWpSF","Groeneveld-BEKA","groeneveld-beka.com"
"001F0000010dTZV","HDR","hdrinc.com"
"001VK000003st7t","Rhode Island Medicaid","healthsourceri.com"
"0012A00002TzqyL","Wave","wavedesign.be"
"0012A00002Bmn7p","Science 37","science37.com"
"0013j00003AM8LJ","Nassau County","nassaucountyny.gov"
"001VK00000gumLB","OneHome","onehome.health"
"0012A00002ZpIfP","First Citizens Bank","firstcitizens.com"
"001F000001DTIPj","Dolls Kill","dollskill.com"
"0013j000034tYQ6","ClickHouse","clickhouse.com"
"001VK00000grcLW","Voicegain","voicegain.ai"
"0013j00003ANOkB","Orange County District Attorney?s Office","orangecountyda.com"
"001VK00000gOhvP","German Accelerator","germanaccelerator.com"
"001F000000g7fex","Nuance Communications","nuance.com"
"0013j00003AOqVB","Euro Finans AB","eurofinans.se"
"001VK000003st7h","New Mexico Medicaid","nmmedicaid.portal.conduent.com"
"001VK00000VJIIj","Tapestry","tapestry.com"
"001VK00000fYdox","InfiMotion Technology","infimotiontec.com"
"0013j00002cUE4v","Shine","shine.fr"
"0013j00002yZMkb","International Medical Corps","internationalmedicalcorps.org"
"001F0000010dTUe","Dillon Companies, Inc.","dillons.com"
"001VK00000TBGC2","NYC OTI","nyc.gov"
"0012A00001rJQz2","BESTSELLER","bestseller.com"
"001F000001N2AjU","Oregon Health & Science University","ohsu.edu"
"0012A00002RMvPZ","Teachable","teachable.com"
"0013j000031uVQ3","Burlington Stores, Inc.","burlingtoninvestors.com"
"0013j000031vNU3","JobLeads","jobleads.com"
"0012A00002860d7","Kong Inc.","konghq.com"
"001F0000017GMXU","Ultra Clean Technology","uct.com"
"0012A000021J4GX","Orlebar Brown (Chanel)","orlebarbrown.com"
"0012A00002UIzUp","LeanIX","leanix.net"
"0013j00003AP4w7","Tropicana Brands Group","tropicanabrandsgroup.com"
"001F0000017GN2Y","ID.me","id.me"
"001F000000ic5KL","Warby Parker","warbyparker.com"
"0012A000021J4AB","Hanna Andersson","hannaandersson.com"
"001F000000xQYIj","Mu Sigma Inc.","mu-sigma.com"
"001F000000rxhLQ","EY - UAE","ey.com"
"0012A00002KAKfl","NYC Mayor's Office of Immigrant Affairs","nyc.gov"
"001VK00000dmTpI","Jerome Translation Group  Inc.","jtg-inc.com"
"001F000001rp4oS","Wheels Up","wheelsup.com"
"0013j00002yacNV","Thebes Center for Medical Devices","umn.edu"
"001F0000017GMiV","Evertec, Inc.","evertecinc.com"
"0012A00002Z1ZlF","Notion","notion.so"
"0013j00002ycM2d","West Bend Mutual Insurance","thesilverlining.com"
"0013j00003GVSO8","Tools for Humanity","toolsforhumanity.com"
"0013j00002bAKwP","Shionogi","shionogi.com"
"0013j000034u8Gv","AARDEX Group","aardexgroup.com"
"0012A00002YLlqB","Ledvance","ledvance.com"
"0013j00003ANCKO","KAR Global","corporate.openlane.com"
"0012A00002apIvV","Fellowes Brands","fellowesbrands.com"
"0012A00002EvqOR","TransferGo","transfergo.com"
"001VK00000F0guf","Lumene Group","lumenegroup.com"
"001VK00000eAmVu","Xtralis","xtralis.com"
"0012A00002X07LD","Cambridge Mobile Telematics","cmtelematics.com"
"0012A00002Bn6Mb","Bank J. Safra Sarasin","jsafrasarasin.com"
"001F0000016SFIL","Appian","appian.com"
"0013j00003JrOLB","PCG News","pcg.church"
"001F000000gUhbF","Unity","unity.com"
"0012A00002ZpRwV","Sedex","sedexglobal.com"
"0013j00002ybEro","Annata","annata.net"
"0012A0000284Jga","SevenRooms","sevenrooms.com"
"0013j00003ALmLw","KNOWIT SOLUTIONS OY","etuovi.com"
"001F000001JAFL6","Awin","affili.net"
"0013j00002md7R6","Expro","expro.com"
"0013j00003GUy2o","Keystone Education Group","keg.com"
"001F0000012dvDK","Keysight Technologies","keysight.com"
"001VK00000gHXdj","Google (Drive)","google.com"
"001F0000010dTaP","Huntington National Bank","huntington.com"
"0012A00002BnVJa","Boston Dynamics","bostondynamics.com"
"001F000000lugVI","EPAM Systems","epam.com"
"001A000000aH8cj","Convergint Technologies","convergint.com"
"001F000001teBth","Maersk","maersk.com"
"001F0000017GN3y","Betterment","betterment.com"
"001F000001GzdwJ","Trek Bikes","trekbikes.com"
"0013j00002cSqz5","Signal AI","signal-ai.com"
"001A000000eT4oi","Puma","puma.com"
"0013j00003AMRg7","Charlie Health","charliehealth.com"
"0013j00002ycDB0","LMS365","lms365.com"
"001F000000gABPQ","BMO","bmo.com"
"0012A00002BnQhr","Samsara","samsara.com"
"0012A00002Bmn6e","Finicity, a Mastercard Company","finicity.com"
"0013j000037iTBR","BYD North America","byd.com"
"0012A00002Z1c2W","MBTA","mbta.com"
"0012A00002J7xrE","International Committee of the Red Cross - ICRC","icrc.org"
"001F0000010dToQ","Teksystems, Inc.","teksystems.com"
"0012A00002YJbEc","State of Colorado","colorado.gov"
"0013j00003GV5WA","Mondi PLC","mondigroup.com"
"001VK000005Mrve","Extu","extu.com"
"001A000000Yzcna","Macy's Stores","macysinc.com"
"001F000000xhdOj","Sprout Social, Inc.","sproutsocial.com"
"001F0000010dTX5","Flir Systems","flir.com"
"001F000001o3hku","MotivAction, LLC","motivaction.academy"
"0013j000031w23U","Digital Currency Group","dcg.co"
"001VK00000guDYj","Cascade Comprehensive Care","cascadehealthalliance.com"
"001VK00000197eQ","eComID","ecomid.com"
"0013j000034s5O8","Ooni","ooni.com"
"001F000001teBuS","Hella","hella.com"
"001VK000003st7b","Massachusetts Medicaid","mass.gov"
"0013j00002mcYYL","Mo","mo.work"
"001VK00000cjSQY","huish outdoors","huishoutdoors.com"
"001VK00000igU8X","rockfon","rockfon.com"
"001F000001teBtg","Colruyt Group","colruytgroup.com"
"001F0000018jKQ3","Clari","clari.com"
"001F0000012gDsB","Elekta","elekta.com"
"0013j00002yZIzh","Material Security","material.security"
"001F0000010dSzB","Cresta","cresta.com"
"0012A00002Z28LD","Airbase","airbase.com"
"0013j00002cUML7","Aiven","aiven.io"
"0012A00002SDCf6","Ribbon Communications","ribboncommunications.com"
"001VK00000VBdgv","PetSmart","petsmart.com"
"001VK000003qcfN","Sommita","sommita.net"
"0012A00002Bn0cT","POWER Engineers","powereng.com"
"0013j000037iIqt","MLB","mariners.com"
"0013j00002mckPT","Renesas Electronics Corporation","renesas.com"
"0012A00002IhNHm","Incyte","incyte.com"
"0012A00002Bn0gx","Rittal GmbH & Co. KG","rittal.com"
"0012A00002Z1cAj","Eversource Energy","eversource.com"
"0013j00002mcexD","Town of Seekonk","seekonk-ma.gov"
"0013j00003AMRFu","Miami-Dade Police Department","miamidade.gov"
"0012A00002Z27Qx","Thinkful","thinkful.com"
"0013j00002ybXNb","SGI","sgi-usa.org"
"001VK000007lcHY","PULS Nutrition","pulsnutrition.com"
"0012A000021HdJm","Red Bull Media House","redbullmediahouse.com"
"001F000001Ha1Tc","Algolia","algolia.com"
"001F000001qOwmb","SharkNinja","sharkninja.com"
"0012A00002ZcmOT","TriMet","trimet.org"
"0013j000031vzAd","Rohlik Group","rohlik.group"
"0012A00002ZpJ9B","Illinois Institute of Technology","iit.edu"
"0012A00002Z1aya","U.S. Environmental Protection Agency","epa.gov"
"0013j00003ALNVl","BloXroute Labs","bloxroute.com"
"0013j000037iIOQ","Visionet Systems Inc.","visionet.com"
"0013j00002mc9QQ","Harrisonburg VA","harrisonburgva.gov"
"001F000000hUJiH","J.Crew","jcrew.com"
"001F0000010dTey","Microchip Technology Inc.","microchip.com"
"0012A00002T8Fs1","Naturgy","naturgy.com"
"0013j000034rgnY","ILIA Beauty","iliabeauty.com"
"0012A00002WyYGh","CoreLogic","corelogic.com"
"0013j00002yau1k","InfStones","infstones.com"
"0012A00002U0xTE","BeiGene","beigene.com"
"0013j00002yaGXk","Snapchat","snapchat.com"
"0012A00001vZx9u","Symphony.com","symphony.com"
"001VK00000Up8Tj","Ryght AI","ryght.ai"
"0013j00003GWn6i","TLDV","tldv.io"
"001VK00000Z0PBy","Saatchi & Saatchi","saatchi.com"
"001F0000017GNFy","Simplilearn","simplilearn.com"
"0013j00002ybY6T","Illinois Department of Human Services","state.il.us"
"001VK000002nAtB","Danfoss Editron","axcomotors.com"
"001F0000017GMLa","ESAB","esab.com"
"001VK00000VNKU1","Transunion","transunion.com"
"001F000000pWHcW","Valero","valero.com"
"0013j00002cTIE4","Carsome","carsome.my"
"0012A00002MnE3q","SANA Hotels","sanahotels.com"
"0013j00002yacZO","Lucca","lucca-software.com"
"0013j00003GV6XN","AXA","axa.com"
"0012A00002VtjLl","BitFinex","bitfinex.com"
"0012A00002TYaui","Opel","opel.com"
"0012A000021J45e","Chantecaille Beauté","chantecaille.com"
"0013j00002yaWVt","Famly","famly.co"
"0012A000021J4GP","Advanced","oneadvanced.com"
"0013j000037iK78","Storytel","storytel.com"
"001VK00000OQ6nG","Foot Locker EMEA","footlocker.nl"
"001F000000g9mQC","YipitData","yipit.com"
"0012A00002Z1bBd","Hiya Inc.","hiya.com"
"0012A00001vZKjq","Nokian Tyres plc","nokiantyres.com"
"001VK000007vn9C","Opter","opter.com"
"0012A00002WywkS","Ironclad","ironcladapp.com"
"0013j00002mc7Ps","MagiCAD","magicad.com"
"001F0000010dTaj","Capgemini","capgemini.com"
"0013j00003ALmR7","Salience Learning","saliencelearning.com"
"0013j000037iKeL","RaySafe","raysafe.com"
"0013j00002ybyPu","Mavic","mavic.com"
"0012A00001vaMub","Social Native","socialnative.com"
"001A000000axlSl","Live Nation","livenation.com"
"0013j00002bA90s","Veepee","veepee.com"
"0012A00002WaoO5","Guideline","guideline.com"
"0013j00003Jpqfg","Ellab - Validation & Monitoring Solutions","ellab.com"
"0013j00003ALmJg","AJ Vaccines","ajvaccines.com"
"0012A000021IOk6","Sanofi","sanofi.com"
"001VK00000R4oV0","Bodil","bodil.io"
"001VK00000LrXrP","VDH","vdh.virginia.gov"
"0012A00001vZf8H","Tubi","tubitv.com"
"001F000000fZGK0","Southwest Airlines","southwest.com"
"0013j00002yby4A","TUI Cruises","tuicruises.com"
"001F000000pXpir","Ubisoft","ubisoft.com"
"0012A00002TVzvM","Boggi Milano","boggi.com"
"001VK00000gpvX8","Coca-Cola Europacific Partners","ccep.com"
"0012A000021JYJm","Knight Frank","knightfrank.com"
"001F0000010dTS6","Chesapeake Energy","expandenergy.com"
"0012A000021JYEc","CGS (Computer Generated Solutions)","cgsinc.com"
"0013j000034rNXL","Penny AI","pennyapp.com"
"001F0000017GLx9","Ensco International Incorporated","ensco.com"
"0013j00002meP4b","Veikkaus Oy","veikkaus.fi"
"001A000000eRSwd","Blue Nile","bluenile.com"
"0012A000021JYFZ","Groupe SEB","groupeseb.com"
"0012A000021IXHa","Marimekko","marimekko.com"
"0013j000031vowu","dYdX","dydx.exchange"
"001F000001GMow0","Benetton","benettongroup.com"
"0012A000021K3k5","CMA CGM","cma-cgm.com"
"0013j00003ANxYg","Jamie Health","jamiehealth.com"
"001A000000aFUeF","Bentley Systems","bentley.com"
"0013j00002bCbCZ","Altec","altec.com"
"0013j00002bCb7R","Stampli","stampli.com"
"001VK00000Gatpb","Access Development","accessdevelopment.com"
"001VK00000kHoqn","DAQA","daqa.net"
"0013j00003GUxbL","Dabadu","dabadu.ai"
"001F0000011pIQx","Benefit Cosmetics","benefitcosmetics.com"
"001F000000xhyAE","Mimecast","mimecast.com"
"001F0000010dTM9","Acer","acer.com"
"0012A00001vaMt4","Royal Enfield","royalenfield.com"
"0012A0000283Mlr","Casio USA","casio.com"
"001F0000010dTmX","Skyworks Solutions, Inc.","skyworksinc.com"
"0012A00002XSJgT","Indigo Agriculture","indigoag.com"
"0012A00001rIYyN","PMD Beauty","trypmd.com"
"0012A00001vZxD3","Sony Europe","sony-europe.com"
"0013j00002yaxud","Assurant Solutions","assurantsolutions.com"
"001VK00000409di","inDrive","indrive.com"
"0013j00002mc8qF","Buncombe County Government","buncombecounty.org"
"001F0000010dTNC","Ally","ally.com"
"0012A000021IQEh","Unit4","unit4.com"
"0013j00002bAH55","Eurofins","eurofins.com"
"001F000001o3J1j","igus SE & Co. KG","igus.de"
"0013j000037iQkb","MAPFRE Insurance Company","mapfreinsurance.com"
"001VK00000cfiyT","Measurlabs","measurlabs.com"
"0012A00002Tzrz3","Osborne Clarke","osborneclarke.com"
"001VK00000jOfxn","Dongfeng Nissan Passenger Vehicle Company","dongfeng-nissan.com.cn"
"0012A00002NrfSf","Glovo","glovoapp.com"
"001F000001teBuV","Leoni","leoni.com"
"0013j00002mc8mA","National Endowment for the Arts","arts.gov"
"001VK00000fYh6F","McLane Global","mclaneglobal.com"
"001VK00000guclc","Optinosis","optinosis.com"
"001F000000odk3b","Greyhound Lines, Inc.","greyhound.com"
"0012A00002ZpLLQ","Envolve","envolvehealth.com"
"001F000001pKHuS","Hays","hays.co.uk"
"0013j00002cTBS8","Elgiganten A/S","elgiganten.dk"
"0013j00003AP4ws","The Unicorn ? A Creative Agency","theunicorn.dk"
"0012A00002Bn5dg","Bitrefill","bitrefill.com"
"001F0000012fvEp","Packsize","packsize.com"
"001F0000017GM5e","Credit Acceptance","creditacceptance.com"
"0013j00002ybD9M","BitMart","bitmart.com"
"001VK00000fzxIA","Novva Data Centers","novva.com"
"0013j00002bA8dn","Jaguar Land Rover","jaguarlandrover.com"
"0012A000021LA7x","SentinelOne","sentinelone.com"
"0013j00003ALmQj","Britannica","britannica.com"
"0013j00002ycJkW","SOCO SYSTEM A/S","socosystem.com"
"0012A00002TzsTO","ILF Consulting Engineers","ilf.com"
"0012A00002Tzqty","STEF","stef.com"
"0013j00003AMQxK","City of Schenectady","cityofschenectady.com"
"0012A00002Bn0ax","Foxconn","foxconn.com"
"0013j00003AMR9L","Flagler County Sheriff's Office","flaglersheriff.com"
"001VK00000f82oD","Aldermore Bank","aldermore.co.uk"
"0012A000021Iw2L","Sourcegraph","sourcegraph.com"
"0012A000021JYKq","FutureBrand","futurebrand.com"
"001VK000003AOkM","FAO","fao.org"
"0013j00002yc29t","Sveaskog","sveaskog.se"
"0012A00002EtAPB","LifeVantage Corporation","lifevantage.com"
"0012A0000284ytQ","Veem","veem.com"
"001F0000010dTc4","Kellogg Company","kelloggs.com"
"0013j00002bAKub","Lee Hecht Harrison","lhh.com"
"001F000000ucrDL","Gumroad","gumroad.com"
"0013j00002ycM6g","Holiday Club Resorts","holidayclubresorts.com"
"001A000000YO1Ix","Trend Micro","trendmicro.com"
"001F0000012eDNt","Rover.com","rover.com"
"001F000000hWNyD","The Children's Place","childrensplace.com"
"0013j00002mcqPh","Kum & Go","kumandgo.com"
"0013j00003ALmRG","Seminole HardRock Support Services","seminolehardrockhollywood.com"
"001F0000010dTX9","FMC Corporation","fmc.com"
"0012A00002HFBBR","Lemonade","lemonade.com"
"0013j000037iOJp","Blaser Swisslube Ag","blaser.com"
"0013j00002ybeZK","TUI Hotels & Resorts Turkey","tuigroup.com"
"001F0000013ujZo","Technip S.A.","technipfmc.com"
"001F000001abqFb","ZARA (Inditex)","zara.com"
"001F000000gufxH","Fidelity Investments","fidelity.com"
"0013j00003GVSFq","Lexware","lexware.de"
"001F000001XZrG6","JD Sports","jdplc.com"
"001VK00000gOhvH","HMD Global","hmd.com"
"0013j000037iJww","IMC Logistics","imcc.com"
"0013j00003ANOml","City of Joliet","joliet.gov"
"0013j000034tFVo","Autograph (LFG NFT)","autograph.io"
"001F000000sclWL","AIG","aig.com"
"0012A00001vZQCe","California State University, East Bay","csueastbay.edu"
"001F000000ptFjE","Stemcell Technologies","stemcell.com"
"0012A00002AghOm","Konecranes","konecranes.com"
"0013j00002mbhHX","Smarp","smarp.com"
"0012A000021K3xr","Virbac S.A.","virbac.com"
"001F000000joNd1","Aviva","avivainvestors.com"
"0012A00002BnDKj","Ingeteam","ingeteam.com"
"001VK00000VD7mk","AT&T","att.com"
"001F000000yFjbn","Aesop","aesop.com"
"001VK00000FsaAp","JJ-Net Group Oy","jj-net.fi"
"0013j00002yacBi","Assystem","assystem.com"
"0012A00002EurPE","Cadillac","cadillac.com"
"001VK000008KN99","Cerenion Oy","cerenion.com"
"001F000000vYYtU","Arctic Cat","arcticcat.com"
"0013j00002ybHY6","Howden Group Holdings","howdengroupholdings.com"
"0012A00002UH7YQ","Bargreen Ellingson","bargreen.com"
"0013j000031ueIy","YAZIO","yazio.com"
"001VK00000JyS3M","Stealth AI Startup","ai-in-stealth.com"
"0013j00002cRdq6","ROLLER","roller.software"
"001F0000010dTPF","Bath & Body Works Direct","bathandbodyworks.com"
"001F0000010dT4j","Infoblox","infoblox.com"
"0013j00002yc6bk","Silk","silk.us"
"0012A00002UJFZQ","Fortune","fortune.com"
"001F000001tfSGf","Globality","globality.com"
"0012A00002armVq","Amazon Games","amazongames.com"
"0013j00003ALmKX","DANMARKS BLDERFORENING","bloderforeningen.dk"
"001A000000YzHe6","Lowe's","lowes.com"
"001A000000cnyp5","Ultimate Fighting Championship","ufc.com"
"001F000000inwOp","Zuora","zuora.com"
"001VK000006b7gb","Kingfisher plc","kingfisher.com"
"001VK00000XF315","Intelligems","intelligems.io"
"001F000000vsW56","Corewell Health","spectrumhealth.org"
"001VK00000htlNS","First Integrity Title Company","firstintegritytitle.com"
"001F0000010dT4S","Illumio","illumio.com"
"0012A00002T7QOy","State of Nevada","nv.gov"
"001VK00000gtvC2","Azara Healthcare","azarahealthcare.com"
"001VK00000aHhbl","Airalo","airalo.com"
"001F000000fZEgK","The Student Loan Corporation","studentloan.com"
"0012A0000285TTl","ShopBack","shopback.com"
"001VK00000gycGm","GB Railfreight","gbrailfreight.com"
"0013j00003GVBTN","BMO U.S.","tuvidatufuturo.com"
"0012A000021JYDI","Dematic","dematic.com"
"0013j00002ybWaU","ODX","odxsolutions.com"
"001VK00000ct5MB","Room8group","room8group.com"
"0013j00003ANOor","Granville County Government","granvillecounty.org"
"0013j000037iI7Y","Saie","saiehello.com"
"001VK000009B4W9","Dansk Markedsf¯ring (Danish Marketing Association)","markedsforing.dk"
"0012A00002XQQ0B","CooperSurgical","coopersurgical.com"
"001VK0000040xgA","Kumanu","kumanu.com"
"0012A00002MjiGA","Hotmart","hotmart.com"
"0013j00003AP45v","Castore","castore.com"
"001VK000007lg8I","Care of Carl","careofcarl.com"
"0013j00002mdAYb","PPG Architectural Coatings","ppgac.com"
"001VK000002nUS1","Danish Data Center Industry","datacenterindustrien.dk"
"001F00000191GgU","thatgamecompany","thatgamecompany.com"
"001F000000joNWR","Sporting News","sportingnews.com"
"0013j00003GVAwQ","Yenza Careers","yenzacareers.com"
"001F0000017GLy8","GE Medical Systems Information Technologies, Inc.","gecapital.com"
"001F000001qEfR7","GameChangerSF","gamechangersf.com"
"0013j00002bAR5g","Axonius","axonius.com"
"001F0000017GMPt","Syneos Health","syneoshealth.com"
"0013j000037iGVu","Lyntia","lyntia.com"
"0012A00002870ua","BrewDog","brewdog.com"
"001VK00000jbpmP","Easyfairs Nordic","easyfairs.com"
"0012A00002AghO6","Mitratech","mitratech.com"
"0013j00003ALmMI","Metrics at Work","metricsatwork.ca"
"001F0000010dTKB","WideOrbit","wideorbit.com"
"0012A00002UHMrr","INFARM","infarm.com"
"0012A00002OEXEx","Webull Financial","webull.com"
"001VK00000gZDiO","BerlinRosen","berlinrosen.com"
"001F000000xioeZ","Cloudflare","cloudflare.com"
"001F0000010dTNF","Alorica","alorica.com"
"0013j000034t2qZ","AutoScout24 GmbH","autoscout24.de"
"001VK00000fYyNA","Dustcontrol Group","dustcontrol.com"
"0012A00002HBnWJ","Greenberg Traurig, LLP","gtlaw.com"
"0013j00002yYu1p","Aafes","aafes.com"
"001VK000009Yk1d","Mondel?z International","mdlz.com"
"001VK00000ReHYv","EY Global","jp.ey.com"
"001F0000010dT5C","Integral Ad Science","integralads.com"
"001VK00000VQ65A","M&T Bank Corporation","mtb.com"
"0013j00002yaXhJ","AXA Group Operations","axaxl.com"
"001F000000jo3Vy","Michael Kors","michaelkors.com"
"001F0000017GLw6","Conn's HomePlus","conns.com"
"001VK000009VhTQ","axians","axians.se"
"001F0000017GNKH","Trupanion","trupanion.com"
"001A000000d6xNX","DreamHost","dreamhost.com"
"0013j000034tj6B","Vita Mojo","vitamojo.com"
"001F000001WCn5P","Bacardi","bacardi.com"
"001F000000f3GyL","American Eagle Outfitters Inc.","aeo-inc.com"
"001F000001jMa89","GEA Group","gea.com"
"001VK00000XiUgv","Minneapolis Public Schools","mpschools.org"
"0013j000034uFtg","Magic Eden","magiceden.io"
"0013j00002mc8lP","County of Orange Human Resource Services","ocgov.com"
"001VK00000AxdQG","ALD Automotive Belgium","aldautomotive.be"
"0013j00002ybMon","Fifa World Cup Mexico 2026","fifa.com"
"0012A00002ZpK1O","Lifespan","lifespan.org"
"001VK000004FbVD","Minesto","minesto.com"
"001F0000017GMMw","bebe stores","bebe.com"
"0012A00002BnVLu","AllTrails","alltrails.com"
"001F000000puhsR","Sempra","sempra.com"
"001VK00000Qpzdb","Arrive Group","arrive.com"
"0012A00001vZesO","Podium","podium.co"
"0013j00002mbbil","Amplitude Analytics","amplitude.com"
"0013j00003GV5U9","Rolls-Royce","rolls-royce.com"
"001VK000007X6Pg","Allianz Ireland","allianz.ie"
"001VK00000jeISh","Davis Applied Technology College","davistech.edu"
"001A000000ZjbwQ","Internet Brands","internetbrands.com"
"0013j00002bBnJm","Chicago Housing Authority","thecha.org"
"0013j00003GX8Qt","KeyPlants","keyplants.com"
"0013j00002mdAjZ","IQ-EQ","iqeq.com"
"0012A00002RMvPM","Flutterwave","flutterwave.com"
"0013j000037iLzv","K?hrs Group","kahrsgroup.com"
"0012A00002ZpK7y","Atlanta Public Schools","atlantapublicschools.us"
"0013j00002mbgZm","Bluedrop USA Inc.","bluedrop.com"
"0012A00002SmS2y","dutchie","dutchie.com"
"0012A00002Bmn6t","TTEC","ttec.com"
"001F0000010dTOL","ARRIS","arris.com"
"0013j00002bALsf","Cupertino Electric","cei.com"
"001VK00000N70kS","Ramblin'? Brands","ramblinbrands.com"
"0013j00002yaPYF","Usercentrics GmbH","usercentrics.com"
"0013j00003ALmPe","Frederick Gunn School","frederickgunn.org"
"0012A00002WynyW","Surest","surest.com"
"001F000001o3J1f","KWH Mirka","mirka.com"
"001F0000010dToI","The Turner Corporation","turnerconstruction.com"
"0012A00002BndxF","Vitec Software Group","vitecsoftware.com"
"0012A00002Z1ab3","Thule","thule.com"
"0012A000021IViK","Dr. Martens plc","drmartens.com"
"001VK00000fufx0","medplanet","medplanet.biz"
"0012A00002Qrscs","Guild","guildeducation.com"
"001VK00000VAEHb","Wells Fargo","wellsfargo.com"
"0013j00003ALmNX","SmartGrid Solutions","smartgridsolutions.com"
"0012A000021J43l","Barings","barings.com"
"0013j000037iZIH","City of Ottawa","ottawa.ca"
"001VK00000fcQDG","British Steel","britishsteel.co.uk"
"0013j00003JqclE","Aaron.ai","aaron.ai"
"001F000000pZKDg","Logitech","logitech.com"
"0013j00003GUsMa","97th Floor","97thfloor.com"
"0013j00002yawrw","Greenlight Startup","greenlightstartup.com"
"001F000000ryDTP","Coursera","coursera.org"
"0012A00002WY2bB","DataCamp","datacamp.com"
"0013j00003ALmJw","Bank Julius Baer Europe S.A.","juliusbaer.com"
"001VK00000kI7Oj","Bridge33 Capital","bridge33capital.com"
"0013j00002yaGSU","Texas Mutual Insurance Company","texasmutual.com"
"001F0000010dTXq","Gates","gates.com"
"0012A00002arIg0","Publicis Sapient","publicissapient.com"
"0012A00002HBMqT","Crunchtime","crunchtime.com"
"001VK000002hRaM","Deutsche Factoring Bank","deutsche-factoring.de"
"0013j00002cRdhW","Cheq","cheq.ai"
"0012A00002Z1bl9","Greenfly","greenfly.com"
"001VK0000020d2R","Ford Pro","fordpro.com"
"001VK00000fcL27","Maxwood Furniture","maxwoodfurniture.com"
"0013j00002mbgdk","Lord, Abbett & Co. LLC","lordabbett.com"
"001VK00000cbsTQ","DoD InspectorGeneral","dodig.mil"
"0013j000034sPO8","Tryp.com","tryp.com"
"001VK00000c85Sr","Venizum","venizum.com"
"001A000000ZQZoQ","Intuit Mailchimp","mailchimp.com"
"0012A00002XmPIO","Revolution Race","revolutionrace.eu"
"0012A000021JYIq","Wood Mackenzie","woodmac.com"
"001F000001Fg56Z","Indegene","indegene.com"
"0013j00002cT9DB","React and Share","askem.com"
"0013j00003ANOmz","Office of the Illinois State Treasurer","illinoistreasurer.gov"
"0013j00002md7Ze","American Modern Insurance Group","amig.com"
"0012A000021J4MW","Urban Decay Cosmetics","urbandecay.com"
"0013j000034tXch","Spotter","spotter.la"
"0013j000037iO0J","Pediatric Associates Family of Companies","pediatricassociates.com"
"001A000000ZiwBv","JOANN Stores","joann.com"
"001VK000007lbUJ","Australian Bodycare","australian-bodycare.com"
"0012A00002Z1aMG","Qualia","qualia.com"
"001VK000002sN8P","Nestle Purina","purina.com"
"001VK0000012RZr","Smekab Citylife Sverige","smekabcitylife.se"
"0012A00002Z1aj9","Team17","team17.com"
"0013j00002cUHvG","CFGI","cfgi.com"
"001F000001o3J16","Camfil","camfil.com"
"0013j00002mc5Nd","Merz Aesthetics","merzaesthetics.com"
"001VK00000csuVb","Broadfield Capital","broadfieldcapital.com"
"0013j00002bAKoi","Bracco","bracco.com"
"0013j00003ANOq7","City of Bullard - Municipal Government","bullardtexas.net"
"0013j000034sPl5","MOURI Tech","mouritech.com"
"0013j000034t4H1","DICE (EA Digital Illusions CE AB)","dice.se"
"0013j00002mcBfy","Cadence","percent.com"
"001VK00000eJ555","Nimo","nimoverken.com"
"0012A0000285mpz","GEEKPLUS ROBOTICS","geekplus.com.cn"
"001F0000010dTVm","Enterprise Holdings","enterprise.com"
"0012A00002Z1aog","Atrium Health","atriumhealth.org"
"001A000000W2FO5","Wix","wix.com"
"0012A00002WxoLd","H·skÛli Õslands","hi.is"
"001F0000010dTkx","Reliance Steel & Aluminum Co.","rsac.com"
"0012A00002QrdiD","Star Stable","starstable.com"
"001VK000002FASY","IMPACT Initiatives","impact-initiatives.org"
"0012A00002YKai5","Pathfactory","pathfactory.com"
"0013j00003AMF34","Saxo Bank","home.saxo"
"001F000000r3Zu1","bioMÈrieux","biomerieux.com"
"0013j000037iMv6","Trioworld","trioworld.com"
"001F000000fcR3A","ADP","adp.com"
"0013j00003GVfyK","Herbalife","herbalife.com"
"001F000000rZZiV","Avis Budget Group","avisbudgetgroup.com"
"0012A00001rJMmv","TATCHA","tatcha.com"
"0013j00002ycDAe","BankInvest","bankinvest.dk"
"0013j00003GUxym","Nordax Bank","nordax.com"
"0013j00002md7cE","Kpler","kpler.com"
"001VK000004h4hR","Medtronic Diabetes","medtronicdiabetes.com"
"001VK00000VDxrd","Providence","providence.org"
"0013j00002ybWZ1","Blue Mountain","coolblue.com"
"001VK00000AxdPt","Preem AB","preem.com"
"001F000001rpae1","Carousell","carousell.sg"
"0012A00002SCHGD","Dynapac (FAYAT Group)","dynapac.com"
"0012A00001vZqXH","County of Santa Clara","sccgov.org"
"0012A00002T74hR","Insider","useinsider.com"
"0013j00003JqxQ1","Bitly","bitly.is"
"001VK00000BDbD8","AMS","weareams.com"
"001VK00000eg40E","Alpine Testing Solutions, Inc.","alpinetesting.com"
"001F000000rayDP","AdRoll, a division of NextRoll","adroll.com"
"0012A00002ZpKMc","CPKC","cpr.ca"
"0012A00002Z1bS3","BECU","becu.org"
"0013j00002cRe1m","McLaren Health Care","mclaren.org"
"001F000000qEoAI","Alaska Airlines","alaskaair.com"
"0013j00003GVDMR","Perplexity AI","perplexity.ai"
"001VK000005PbTm","Istekki Oy","istekki.fi"
"001VK000003st8a","Attorney General Kentucky","ag.ky.gov"
"0013j00003ALmNB","ROCDAN LIMITED","hkcorporationsearch.com"
"001VK00000bUXyz","Simio Software","simio.com"
"001VK000007NESr","Rewiring America","rewiringamerica.org"
"0012A00002ZpUje","A-dec Inc.","a-dec.com"
"0012A00002ZpK39","Dale Carnegie","dalecarnegie.com"
"0012A00002TzsPy","Beckhoff Automation","beckhoff.com"
"0012A00002NpmKz","Octagon","octagon.com"
"001VK000007li5O","Evondos Group","evondos.com"
"0012A00002ZpJJR","Security Service Federal Credit Union","ssfcu.org"
"001F0000010dTeD","Materion Corporation","materion.com"
"001VK00000IZVTB","Rentcars","rentcars.com"
"0012A00002XpQ9O","Hinge Health","hingehealth.com"
"001F0000017GMPd","America's Car-Mart, Inc.","car-mart.com"
"0013j00002ybiIc","Invesco US","invesco.com"
"0012A00001vZOqd","Babylon","babylonhealth.com"
"001VK000007S2Kp","Viessmann Refrigeration Solutions","epta-centralnortheurope.com"
"0013j00002cTBSF","JOE & THE JUICE","joejuice.com"
"001VK00000UGvU6","Comply Pro","complypro.co.nz"
"001F000001rqGJu","FareHarbor","fareharbor.com"
"0012A00002BmhZa","TietoEVRY","tietoevry.com"
"0012A00002Boc0I","OwnBackup","ownbackup.com"
"0013j00002mcna5","Adaptavist","adaptavist.com"
"0013j000037iNqM","Cheniere Energy, Inc.","cheniere.com"
"0013j00002mbkpx","CareBridge","carebridgehealth.com"
"001F000001tfvpd","NOS","nos.pt"
"0012A00002Z2OXW","Amazon Business","amazonbusiness.com"
"001F000000v7w0A","Globant","globant.com"
"0013j000037iITe","BP Mobile","bpmobile.com"
"001F0000010dTec","Medical Mutual","medmutual.com"
"0013j00002mduXr","PÂgen","pagen.se"
"0012A00002BnglH","Mambu","mambu.com"
"001VK000007lb8J","BEAUTYCOS","beautycos.dk"
"0012A00002XoHdc","HomeLight","homelight.com"
"0012A00002TzrE3","Banque de France","banque-france.fr"
"0013j00003Jp3TL","Children's Healthcare of Atlanta","choa.org"
"0013j000034rKUD","Cart.com","cart.com"
"001F000001W9fyt","Aeromexico","aeromexico.com"
"0012A000021J4AV","HiBob","hibob.com"
"0013j000037iTje","Allstate Identity Protection","allstateidentityprotection.com"
"0012A00002KrwRs","Automobili Lamborghini S.p.A.","lamborghini.com"
"0013j00003GUo6q","Buk","buk.cl"
"0013j00002yb19A","Z¸rcher Kantonalbank","zkb.ch"
"0013j00003ALVre","Graphite HQ","graphite.io"
"001VK00000VMLf6","Gilead Sciences","gilead.com"
"001F000001hxTit","Noom","noom.com"
"001VK00000Afhpd","Bombardier Transportation","bombardier.com"
"001F000000nDMrH","Idox plc","idoxgroup.com"
"001F0000010dT1T","Energy and Power Solutions, Inc.","energyxsolutions.com"
"0013j000037iKNw","Allianz Life","allianzlife.com"
"0013j00002cTtZA","McLaren Racing","mclaren.com"
"0012A00002RivAg","Griffith Foods Worldwide Inc.","griffithfoods.com"
"0012A000021Ht12","Treasure Data","treasuredata.com"
"0013j00003JpUzZ","SoftConstruct","softconstruct.com"
"001F000000xMLsx","Coloplast","coloplast.com"
"001A000000aFWWG","LendingTree","lendingtree.com"
"001F000000nFK9t","Apple","apple.com"
"001A000000YwlGU","Synopsys","synopsys.com"
"001VK00000jgqmg","JuneFirst","junefirst.tv"
"0013j00003GXimj","VASS","vasscompany.com"
"001VK000003st7n","Alaska Medicaid","health.alaska.gov"
"0013j00002ycKci","Alpha International","alpha.org"
"0012A00002Bn6Vb","÷ssur","ossur.com"
"0012A00002Z1aNG","DriveWealth","drivewealth.com"
"0013j00003GVvca","First Nations Community HealthSource","fnch.org"
"001VK00000bhGxD","Clayton State University","clayton.edu"
"001VK000004gz42","Xbrane Biopharma AB","xbrane.com"
"0013j00002ycKDi","Clipboard Health","clipboardhealth.com"
"001VK00000VAEHd","Major League Baseball (MLB)","mlb.com"
"001F0000010dTXA","Fresenius Medical Care","freseniusmedicalcare.com"
"001VK000003st8S","Attorney General Missouri","ago.mo.gov"
"0012A00001rJWEj","Fragomen","fragomen.com"
"0013j000037iO7s","Radiometer","radiometer.com"
"0013j00003ALmMT","National Association of Emergency Medical Technicians","naemt.org"
"0012A00002ZGS7F","Bullitt Group Ltd","bullitt-group.com"
"0013j00002cTUiB","Vetter Pharma","vetter-pharma.com"
"001F000001tfvpt","Universal Robots","universal-robots.com"
"0013j000031w5ZI","Juni","juni.co"
"001F000001teXDu","Coda Payments","codapayments.com"
"0013j00002cUQTg","Unmind","unmind.com"
"001VK00000eg3ou","Thrive Pet Healthcare","thrivepet.com"
"001VK00000ijBnp","City of Muscatine","muscatineiowa.gov"
"0013j00003JoWtw","Lions Clubs International","lionsclubs.org"
"0012A00002Bohub","Arista","arista.com"
"0013j00003Jpyyc","OCEG","oceg.org"
"0013j00003GVCNK","Freshworks (formerly Freshdesk)","freshworks.com"
"0012A00002BneNj","CatalystOne Solutions","catalystone.com"
"001VK00000VTxFn","Mary Kay","marykay.com"
"001VK000007lZm5","Polarn O. Pyret","polarnopyret.com"
"0013j00002mePAS","TDC Erhverv","tdc.dk"
"001F000000rzc0l","Genentech","gene.com"
"0012A00002WYlZy","Akeneo","akeneo.com"
"0013j00002mc9Fx","City of Stockton","stocktonca.gov"
"0012A0000282vza","Earnix","earnix.com"
"001F000001ez7O2","McKinsey & Company","mckinsey.com"
"001VK00000VNP4K","FUJIFILM Healthcare Americas Corporation","fujifilm.com"
"0013j00002mbet5","Hailo","hailo.ai"
"0013j00002cUBxb","Rivigo","rivigo.com"
"0012A00002Agkrf","Georg Jensen","georgjensen.com"
"001VK00000XzFbr","M3GS Sweden AB","m3gs.se"
"001F0000017GM2P","Arconic","arconic.com"
"001VK00000W3EIc","1-800-FLOWERS.COM, INC.","1800flowers.com"
"0012A00002Bne4H","Currencies Direct","currenciesdirect.com"
"001VK00000412De","Overloop","overloop.com"
"0012A00002Et2lG","Advania","advania.is"
"001F0000011mByO","Isagenix","isagenix.com"
"0012A00002XTLpo","MatHem","mathem.se"
"0013j00002cTni0","All Response Media","allresponsemedia.com"
"0013j00003ANOmw","Oak Park Public Library","oppl.org"
"001VK00000STVzd","Spindox","spindox.it"
"001F000000wZxSH","LPL Financial","lpl.com"
"0012A00002Z1a63","ClickUp","clickup.com"
"001F000000r0ySO","Roku Inc.","weareroku.com"
"001VK000006vBTN","Serverpod","serverpod.dev"
"0013j00003GUy4L","Navan","navan.com"
"001VK00000V6oYB","Centene","centene.com"
"001F0000010dTU5","DaVita Kidney Care","davita.com"
"001VK000003st7U","HUSKY Health For Connecticut Children & Adults","portal.ct.gov"
"0013j00002mc92O","Kern County","kerncounty.com"
"0013j00002ybIWk","Alvotech","alvotech.com"
"0012A000021K3iL","Barry Callebaut Group","barry-callebaut.com"
"0012A00002QrZjy","AvaTrade","avatrade.com"
"0012A00002ZpL9X","HHAeXchange","hhaexchange.com"
"001F0000010dTQQ","Robert Bosch GmbH","bosch.de"
"0013j00002bAMl4","Harley-Davidson Financial Services","myhdfs.com"
"0012A00002apJ39","KontoorBrands","kontoorbrands.com"
"0012A00002Bn6W3","Nefab","nefab.com"
"001F000000ifU6A","SiriusXM","siriusxm.com"
"001VK00000HFPXN","FM Global","fm.com"
"001F000001H1oNi","Salomon (Amer Sports Corporation)","salomon.com"
"0013j00002yaf5b","Metacore Games","metacoregames.com"
"0013j00003GUy2K","ESW","esw.com"
"0012A00002XTQal","Sendbird","sendbird.com"
"0013j00003ALmKG","CATSA","catsa-acsta.gc.ca"
"001F0000010dSzH","CrowdStrike","crowdstrike.com"
"0012A00002RNG3A","LYKO","lyko.se"
"0013j00002cULNT","FrontierSI","frontiersin.org"
"0012A00002Bn0co","eClinicalWorks","eclinicalworks.com"
"0013j00002me907","Fiksuruoka.fi","fiksuruoka.com"
"0013j00002mcNzq","Avanza Bank","avanza.se"
"001VK0000055ePF","Orange Consulting","orange-business.com"
"0012A00002AgflN","iTutorGroup","itutorgroup.com"
"0013j00002bAMlw","Eurofins MET Labs","metlabs.com"
"0013j000034s0Qr","Cortico","cortico.ai"
"001VK000003st7f","Virginia Medicaid","dmas.virginia.gov"
"001F000000vYZWh","Stryker","stryker.com"
"001F000000wbk51","Alarm.com","alarm.com"
"0013j00002c2Im7","Dapper Labs","dapperlabs.com"
"001F000001qOwsi","CreativeDrive","creativedrive.com"
"001VK00000XF313","Reverence Care","reverencecare.com"
"001F0000010dTFV","SMS Assist","smsassist.com"
"0012A00001rIOxQ","Virgin Group","virgin.com"
"0012A00002aHLyh","SURE","sureapp.com"
"001F000000odxQD","Snap-on Business Solutions","snapon.com"
"0013j00003JpUy4","The PokÈmon Company","pokemon.co.jp"
"001F000000j7OhX","Garmin","garmin.com"
"0013j00002mcwuU","New York State Unified Court System","nycourts.gov"
"001F0000010dTRj","CenterPoint Energy","centerpointenergy.com"
"0012A00002NrLY8","Amagi Corporation","amagi.com"
"0013j00002mcQvk","W?rtsil?","wartsila.com"
"001VK000007lfzC","Yliopiston Apteekki","yliopistonapteekki.fi"
"001VK00000UmqO1","K?rber Supply Chain","koerber-supplychain.com"
"001VK00000XF316","Authentic","authenticinsurance.com"
"001F0000010dTnn","Sunrise Senior Living","sunriseseniorliving.com"
"0012A00002KK7a6","Quantum Metric","quantummetric.com"
"0012A00002TVzyN","Debiopharm Group","debiopharm.com"
"001VK00000VDlCA","Ralph Lauren","ralphlauren.com"
"0013j00002yahZv","Berlitz Deutschland GmbH","berlitz.com"
"0012A00002Bn6Nl","Color Genomics","color.com"
"001VK000004LPOM","Ege Carpets","egecarpets.com"
"0012A00002EH8zz","Georg Fischer","georgfischer.com"
"001F0000018OMPL","Milwaukee Tool","milwaukeetool.com"
"0013j00002magSl","Dacadoo","dacadoo.com"
"001F000001qOwrT","Universal Music Group","universalmusic.com"
"001F000000xPdUN","Sprinklr","sprinklr.com"
"001F000001qOwtu","Elisa","elisa.fi"
"0013j00002ycKg2","Global Mediator","global-mediator.com"
"0013j00003ANOk6","County of Calaveras","calaverasgov.us"
"0013j00003ALmPh","Geil Enterprises","geilenterprises.com"
"001VK00000348ZK","Zalando SE","zalando.com"
"0013j00002bA0lX","Hollister Incorporated","hollister.com"
"0013j00002bADQx","Bridgestone Americas","bridgestoneamericas.com"
"0013j00002yc3lD","All-Clad Metalcrafters","all-clad.com"
"0013j00002mc99J","South Florida Water Management District","sfwmd.gov"
"0012A00002Y634G","LogRocket","logrocket.com"
"001F0000017GNNU","Forte Design Systems","cadence.com"
"0012A00002TVzvo","JOSEPH","joseph-fashion.com"
"0013j00003GVIvQ","Eviden","eviden.com"
"0012A00002EvhSx","Virgin Atlantic","virginatlantic.com"
"0012A00002ZpKGG","Tufts Health Plan","tuftshealthplan.com"
"001F0000019nzuT","ISN","isnetworld.com"
"0013j00003ALmOQ","WISAP MEDICAL TECHNOLOGY GMBH","wisap.de"
"001F000001jMe7u","Anheuser-Busch","anheuser-busch.com"
"0013j00002yaWVF","Accountor Finago Oy","finago.fi"
"001F000001BQV60","VIVALDI_","vivaldipartners.com"
"0013j00002mcOgg","Beyond Identity","beyondidentity.com"
"0013j00002mc8im","Mahoning County Educational Service Center","mahoningcountyoh.gov"
"0012A00002Vvv8K","Mattermost","mattermost.com"
"001F0000017GLth","Valvoline Cummins Ltd","valvoline.com"
"001F0000010dTXW","FedEx","fedex.com"
"0012A00002OH8QV","Qmatic","qmatic.com"
"0013j00003ANdds","City of Amesbury","amesburyma.gov"
"0013j000031uLJQ","Whatnot","whatnot.com"
"001VK00000gttdE","Upperline Health","upperlinehealth.com"
"0013j00003AM072","Focus Entertainment","focus-entmt.com"
"0013j00002bBs0n","U.S. Geological Survey","usgs.gov"
"0012A00002IjMwG","Konica Minolta Europe","konicaminolta.eu"
"001F000001qEm16","Pendo.io","pendo.io"
"0012A000021IFRk","BCD Travel","bcdtravel.com"
"0012A00002BneaT","Maria Black Jewellery","maria-black.com"
"0012A00002RhFYF","Yle","yle.fi"
"0012A00001vZIXP","UiPath","uipath.com"
"0013j000031uVIu","Novartis Institutes for BioMedical Research (NIBR)","nibr.com"
"001F0000016REZl","Planday","planday.com"
"0012A00002XRn3P","QuintoAndar","quintoandar.com"
"0013j00002md50N","PM-International","pm-international.com"
"0012A00002Tzu13","Ekstra Bladet","ekstrabladet.dk"
"0012A00002BmnCT","Ethoca","ethoca.com"
"0012A00002Z1bVg","State of Florida","myflorida.com"
"001F0000010dTZe","H-E-B","heb.com"
"001F000000oeyEE","Harley-Davidson Motor Company","harley-davidson.com"
"001VK00000ULuVy","HSO","hso.com"
"0012A00002Z1aN9","Dragos","dragos.com"
"0013j000034sKm6","UHS","uhs.com"
"001VK00000RbelL","word gallery","wordgallery.dk"
"001VK00000BWwFf","KPMG Switzerland","kpmg.ch"
"0013j000034t3JG","Electrolux Professional","electroluxprofessional.com"
"001F0000010dSwY","Brightstar","brightstar.com"
"001VK00000OjIZF","The Cigna Group","thecignagroup.com"
"001F000000tx3HA","ManpowerGroup","manpowergroup.com"
"001A000000ZQZrM","Verint","verint.com"
"0013j00002cUMJu","Kautex Textron","textron.com"
"001VK00000CkMEj","USAA","usaajobs.com"
"001VK000005PreS","Allianz Partners","allianz-partners.com"
"001VK00000gxRKC","Access Health CT","accesshealthct.com"
"0013j00002yaGhT","WorkSafeNB/Travail SÈcuritaire NB","worksafenb.ca"
"0013j00002bA0nS","Tecan Schweiz AG","tecan.com"
"001F0000010fUBa","Frankly","frankly.dk"
"0012A000021I9ov","BOLD","bold.com"
"001VK00000CtEQ1","IDG (International Data Group)","idgcommunications.com"
"0013j00003ANdEx","Global Class","globalclassbook.com"
"001VK00000ZO5wu","Ikano Bank","ikano.se"
"001F0000010dTkv","R.R. Donnelley","rrd.com"
"0013j00002md7kS","Mobvoi ????","mobvoi.com"
"001F000001qOwnZ","Abt Electronics","abt.com"
"001F000001qOx1f","OMG","omnicommediagroup.com"
"0012A00002Bn0gL","T?V S?D Auto Service GmbH","tuvsud.com"
"001VK00000V7CYA","Tate & Lyle","tateandlyle.com"
"0013j00002cRclV","New City","insidenewcity.com"
"0012A00002IhNMf","Snyk","snyk.io"
"0012A0000286KIJ","WestRock Company","westrock.com"
"0012A00002WbYns","Outschool","outschool.com"
"001VK00000WURm1","Also.","ridealso.com"
"001F000001abqKg","Stradivarius","stradivarius.com"
"001VK00000PTsV4","StickerYou","stickeryou.com"
"001F000000xknSz","Arrow Electronics","arrow.com"
"0013j00003GVSfN","Newrest","newrest.eu"
"0013j000034tEYn","Pixis","pixis.ai"
"0012A00002BmnFA","GreyOrange","greyorange.com"
"001VK00000cebB3","allegro.com","allegro.com"
"0012A00002ZqVmq","Synapse","synapsefi.com"
"001VK000009ThAr","Turck USA","turck.us"
"0012A00002ZpJMg","PODS","pods.com"
"0012A00002TXYs7","Wirex","wirexapp.com"
"001VK000003st7d","Alabama Medicaid","medicaid.alabama.gov"
"001VK000006m400","Bublish","bublish.fi"
"0013j00002bALVf","TRUMPF","trumpf.com"
"001F0000010dSvQ","Barracuda","barracuda.com"
"001VK00000T4Vfe","iZettle","izettle.com"
"001VK00000V7CY9","Eaton","eaton.com"
"001F000001jMa2G","Deutsche Telekom","telekom.com"
"0013j00002cTUqK","ISS Facility Services Italy","issworld.com"
"0013j00002cTDFd","Breuninger","breuninger.com"
"0013j00002bALVA","Harrisvaccines","merck-animal-health-usa.com"
"001F0000010dSkG","Age of Learning","ageoflearning.com"
"001F000000xOevj","Randstad RiseSmart","risesmart.com"
"0012A000021HZhz","IDEO","ideo.com"
"001F000000vXBzU","Allina Health","allinahealth.org"
"0013j00003ANddn","City of Evansville-Vanderburgh County","evansvillegov.org"
"001F0000017GMBR","CGI","cgi.com"
"0013j00002cTZ8a","Lusha","lusha.com"
"001VK00000UMeLk","BHLDN","bhldn.com"
"0013j00003AOClO","PPG","ppg.com"
"001F000000v5m6v","Murad (Unilever)","murad.com"
"001A000000ZgBck","ModCloth","modcloth.com"
"001VK000009zbGt","EKE-Electronics Ltd.","eke-electronics.com"
"001F0000010dTNn","Amkor Technology, Inc.","amkor.com"
"0012A00002Bn65q","Allen & Overy","allenovery.com"
"001F000001W9fvk","LOT Polish Airlines","lot.com"
"001F000001o35uZ","Regus","regus.com"
"001F0000010dTih","Philip Morris International","pmi.com"
"001F000000mEERF","Fossil Group","fossilgroup.com"
"0013j000034t1dm","UPSIDE Foods","upsidefoods.com"
"001F000001jMa3d","DP World","dpworld.com"
"0013j00002yZMsm","Clay County Sheriff's Office, FL","claysheriff.com"
"0013j00003GVDkv","Vertica","vertica.dk"
"0012A00002RMzRL","OP Financial Group","op.fi"
"0013j00003GVexe","Catalyst Inc.","catalyst.org"
"0013j00003GVetm","Renewcell","renewcell.com"
"0013j00003GVJ53","NBC Sports Next","nbcsportsnext.com"
"001VK00000VQDPb","Crystal Cruises","crystalcruises.com"
"001VK000007lZlk","NIELSENs A/S","nielsens.dk"
"001VK00000guDaI","THE TEXAS INTERNATIONAL INSTITUTE OF HEALTH PROFESSIONS","txihp.com"
"0013j00002mbsu4","i-Health, Inc., a division of dsm-firmenich","dsmihealth.com"
"0013j00003ANOpM","City Ave District","cityave.org"
"0012A000021JYCc","PHD","phdmedia.com"
"0013j00002mc8wt","Peoria County Government","peoriacounty.org"
"0013j00003ALmKj","EURO ACCESSOIRES","euro-accessoires.fr"
"001VK00000V6Dqe","Hubspot -","hubspot.com"
"001VK00000bgsHA","Otomo / TSL Digital","otomo.io"
"0013j00002ybXKB","Lawson Software","lawson.com"
"0013j00002mc8vJ","City of South Fulton","cityofsouthfultonga.gov"
"0013j00003ALmOD","TRI Oncology","trioncology.org"
"0013j00002cTRcV","Digit Insurance","godigit.com"
"0012A0000285Emf","Franke Group","franke.com"
"0012A00002ZpIoG","Teachers Credit Union","tcunet.com"
"001VK000004LVwN","Cap","cap.vc"
"0012A000021JYLL","Newton Investment Management","newtonim.com"
"0013j00002cUC3s","Pine Labs","pinelabs.com"
"001F0000010dTja","Quiktrip Corporation","quiktrip.com"
"001F000001tfvoh","Asda","asda.com"
"001F0000017GMXN","Jones Day","jonesday.com"
"0012A00002IME05","Immunotec","immunotec.com"
"001A000000e6vgE","Rosetta Stone","rosettastone.com"
"001F0000017GM8q","American Woodmark","americanwoodmark.com"
"0012A00002ZpJ8h","UCLA Health","uclahealth.org"
"001F000000lYSgA","John Deere","deere.com"
"001F000001qOwx1","IMG","img.com"
"0012A000021JCvR","Tektronix","tek.com"
"0013j00003ANJPq","Hogarth","hogarth.com"
"001VK00000QHW69","Up & Up Group","theupandupgroup.com"
"0013j00002bCbGO","Encompass Health","encompasshealth.com"
"0013j000034rA4B","Valora","valoraapp.com"
"0013j00002mbx8Z","eplane","eplane.com"
"001F0000017GMLq","H&M","hm.com"
"001F000001tff7u","Member of European Parliament","europarl.europa.eumepsenmap.html"
"0013j00002cSr8l","Proscia","proscia.com"
"0012A00002ZqUsB","Fisher Investments","fisherinvestments.com"
"0013j000034t3cq","Block","block.xyz"
"001F000001jMZnp","Beiersdorf","beiersdorf.com"
"0013j00003ANOpL","MEORC","meorc.com"
"0012A00002AghOs","Radian","radian.com"
"001VK00000415zW","GrowthQ","growthq.co"
"001VK000000V6PM","USA Hello","usahello.org"
"0012A00002VAJao","CommerceIQ","commerceiq.ai"
"001F000000p8dup","Revinate","revinate.com"
"001VK00000i1G9U","Amwins","amwins.com"
"001VK0000060JvL","Weichert, Realtors","weichert.com"
"001VK00000heufR","Koko","kokocares.org"
"0013j00002ycKcx","TrackMan","trackman.com"
"001F0000010dT56","Instructure","instructure.com"
"001A000000YNyHE","SSENSE","ssense.com"
"0013j000037iT45","International Tennis Hall of Fame","tennisfame.com"
"0012A00002BnVOr","Malvern Panalytical","malvernpanalytical.com"
"0013j00002cTsve","Bankdata","bankdata.dk"
"001F0000010dTip","POOLCORP","poolcorp.com"
"0013j00002ycJl7","Dj¯f","djoef.dk"
"0013j00002cRdr5","FarmWise","farmwise.io"
"001VK000004FbZo","Source2Sea","source2sea.com"
"0013j00002cRaZB","Workvivo (a Zoom company)","workvivo.com"
"0013j000034t2cj","Farm Bureau Insurance of Tennessee","fbitn.com"
"001VK000003st8G","Attorney General Pennsylvania","attorneygeneral.gov"
"0012A00002ML2YE","Trilux","trilux.com"
"0012A00002XRpuL","Clearwater Analytics","clearwateranalytics.com"
"0013j00003GXinM","Nerdio","getnerdio.com"
"0013j00003ALmKF","Canadian Agricultural Human Resource Council (CAHRC)","cahrc-ccrha.ca"
"0012A00002QrbOB","Cricut","cricut.com"
"001F000000vYYth","BP","bp.com"
"001VK00000VALWB","Monster","monster.com"
"001VK000003vh0q","Washoe County School District","washoeschools.net"
"0013j00002bA0o5","Xellia Pharmaceuticals","xellia.com"
"001F000001o35uh","MSC Cruises","msccruises.com"
"0013j00002mc8pI","CalSTRS","calstrs.com"
"0012A00002YKTD3","Polestar","polestar.com"
"0012A00002VAB33","CleverTap","clevertap.com"
"0013j00002ycBWo","Talent.com","talent.com"
"001F000001jNAgR","Avolta","avoltaworld.com"
"001VK00000C7wDQ","On Location","onlocationexp.com"
"001VK00000VTREI","Solenis Canada","solenis.com"
"001F000001teBvi","Coats","coats.com"
"0012A0000283sD7","Soundtrack Your Brand","soundtrackyourbrand.com"
"0012A00002Z1aoU","Orchard Therapeutics","orchard-tx.com"
"0013j00003AO9xM","Shine Early Learning","shineearly.com"
"0012A0000283OuG","PPHE Hotel Group","pphe.com"
"0013j00002cUUbj","Framery Acoustics","frameryacoustics.com"
"0013j00002ya7tf","Laensfoersaekringar","lansforsakringar.se"
"0013j00002cUJsI","Lightship","lightship.com"
"001VK00000V95t4","Mercedes-Benz USA","mbusa.com"
"0013j000037iKST","Clarins Group","groupeclarins.com"
"0013j00002yavwi","BEC Financial Technologies","bec.dk"
"0012A00002TyOkS","Ponsse","ponsse.com"
"001F000001H1mTO","Lidl","lidl-info.com"
"0012A00002ZpSBL","Paladin","joinpaladin.com"
"0013j00002yc783","ABN AMRO Bank N.V. The Netherlands","abnamro.nl"
"001F0000010dTQP","Borgwarner","borgwarner.com"
"001F0000017GLv3","Cumberland Farms","cumberlandfarms.com"
"001F000001o3J1Q","Phoenix Contact","phoenixcontact.com"
"0013j000031vkkK","Renault Group","renaultgroup.com"
"0013j00002ybg0T","Peace Corps","peacecorps.gov"
"001F000000kqFEe","RingCentral","ringcentral.com"
"001F0000010dT73","Lockheed Martin","lockheedmartin.com"
"0012A00002BneDj","Diabeloop","diabeloop.fr"
"001F0000010dTYO","P. H. Glatfelter Company","glatfelter.com"
"001VK00000fq13m","TNQTech","tnqtech.com"
"001F0000010dTkT","Riverside Health System","riversideonline.com"
"0012A00002N7ltf","DentalMonitoring","dental-monitoring.com"
"001VK00000WhYQe","BitDelta","bitdelta.com"
"0013j00002cUQb1","At Home Group Inc.","athome.com"
"0012A00002Bn0ib","Northgate Information Solutions","northgate-is.com"
"001A000000bCQIS","Victoria?s Secret & Co.","victoriassecret.com"
"0013j00003ALmK3","Bereavement Authority of Ontario (BAO)","thebao.ca"
"001VK00000V7CY0","Dell","dell.com"
"0012A00002Rigne","Checkout.com","checkout.com"
"001VK00000VNA6V","Forever 21","forever21.com"
"001F000000rZKLH","Edwards Lifesciences","edwards.com"
"0012A00001vZPis","Logix","logixbanking.com"
"0013j00003JpZXQ","Akademikernes a-kasse","aka.dk"
"0013j00003AN03v","kalmstrom.com - Business Solutions","kalmstrom.com"
"001VK00000e1FxF","Anderson Direct & Digital","andersondd.com"
"001F000001qOwlE","Publicis","publicisna.com"
"001F000001GNOPF","Trintech","trintech.com"
"0013j00002mc8l9","Consumer Financial Protection Bureau","consumerfinance.gov"
"001A000000PdRSA","Yahoo","yahoo-inc.com"
"001VK00000CXLBd","Yepoda","yepoda.com"
"001VK00000UmcOM","Shiseido","shiseido.com"
"001VK00000aFZQa","orlen","orlen.pl"
"0013j00003ALmPv","Intolead","intolead.com"
"0013j00003ALmPW","Design Media","designmedia.com"
"001VK000002Ensc","Fresenius Kabi USA","fresenius-kabi.com"
"0013j00002yc4XQ","Hays","haysplc.com"
"0013j00002ycLtK","Dot Foods","dotfoods.com"
"001F000001o3J0s","Zeiss","zeiss.de"
"001F000001o3qOO","DinnerBooking","dinnerbooking.com"
"0012A00002WaQZc","Rippling","rippling.com"
"001F0000010dTTo","CSX","csx.com"
"001F0000010dSwe","Bullhorn","bullhorn.com"
"0013j000034uKhB","Bosch Security Systems","boschsecurity.com"
"001VK00000SFTUj","SGS","sgs.com"
"001VK0000055buP","10 Chambers","10chambers.com"
"0013j00002yavxL","Eurowings Digital GmbH","eurowings-digital.de"
"0012A00002aI2jo","InfoSec","infosecinstitute.com"
"0012A00002T7rOl","DACHSER","dachser.com"
"001VK000008KNGT","AMADA Automation Europe Ltd.","amada-automation.eu"
"0012A00002HD0H6","Menlo Security","menlosecurity.com"
"001VK000007li5N","Energy Machines?","energymachines.com"
"0012A00002Etebh","KappAhl","kappahl.com"
"0012A00001vZxxA","TSB Bank","tsb.co.uk"
"0013j000037iJ3r","Fly Exclusive","flyexclusive.com"
"0012A000021LSLY","Relativity","relativity.com"
"0012A00002ZpJMa","Rollbar","rollbar.com"
"001F0000017GLxP","Kentucky Farm Bureau Mutual Insurance Company","kyfb.com"
"0012A00002Z1cC3","National Audubon Society","audubon.org"
"0013j000034rQmv","Uizard","uizard.io"
"0012A00002EubqE","Vanderlande","vanderlande.com"
"001VK0000082CYL","1Worldsync - Product","1worldsync.com"
"0012A00002BnN8M","fuboTV","fubo.tv"
"001F000000hWMHw","Hasbro","hasbro.com"
"001A000000e7lNW","Johnson & Johnson","jnj.com"
"0012A00002Bm13T","Dr. Sch?r","drschaer.com"
"0013j00002ybDEv","MinIO","min.io"
"001F000001LxY6Z","Etsy","etsy.com"
"001F0000010dTi4","Penske Corporation","penske.com"
"001VK000002sOZJ","American Bureau of Shipping (ABS)","eagle.org"
"001VK00000fBdWH","NORTHERN VIRGINIA MENTAL HEALTH INSTITUTE","dbhds.virginia.gov"
"001VK00000BrfI5","Biltema","biltema.se"
"001F0000010dTcK","Kmart","kmart.com"
"0012A00002Bn6Lv","L'OrÈal","loreal.com"
"0013j00002mc9cb","Village of Hoffman Estates","hoffmanestates.org"
"0013j00002mdnHj","Bouygues Telecom","bouyguestelecom.fr"
"001VK00000dI4ht","Paytient","paytient.com"
"0013j00003ALv5g","ADI Global","adiglobal.com"
"0013j00002mcda6","Sherwin-Williams","sherwin-williams.com"
"001F0000010dTnr","Supermicro","supermicro.com"
"001A000000cocUh","Nitro, Inc.","gonitro.com"
"0012A00002Bmn3E","Protolabs","protolabs.com"
"001VK0000087kCp","CIRA","cira.ca"
"0013j00002mbcnE","Veev","veev.com"
"001VK00000f9Mhf","Lufthansa Technik Canada","lufthansa-technik.com"
"0012A0000284yEe","brightwheel","mybrightwheel.com"
"0013j000034uI3b","Uniswap Labs","uniswap.org"
"0013j00002mc8ys","MedStar Washington Hospital Center","medstarwashington.org"
"0012A000021IeBz","Hunter Industries","hunterindustries.com"
"0013j00003GVHMW","Airfrance KLM","airfrance.fr"
"0012A000021HtbK","Barcelo Hotel Group","barcelogrupo.com"
"0013j00003AMRGB","Pee Dee Regional Transportation Authority","pdrta.org"
"0013j00002mc8tT","County of Monterey","monterey.ca.us"
"0013j00003GWh6y","Argentex Group PLC","argentex.com"
"0013j00002ybfiM","Vital Beats","vitalbeats.com"
"001VK000005I3fj","Avanti Wind Systems","avanti-online.com"
"0012A00002IhNHu","Insight Global","insightglobal.com"
"0013j00002yb12v","YPO","ypo.org"
"0012A00002Wau97","Clearcover","clearcover.com"
"001F0000017GNDB","ReCept Holdings","receptrx.com"
"0012A00002Bn661","Biotronik","biotronik.com"
"001F0000010dTa7","Hologic, Inc.","hologic.com"
"001F000000sgk2B","Coupa Software","coupa.com"
"001VK00000d857L","UNITED","unitedmedia.net"
"001F000000n5UYe","Billtrust","billtrust.com"
"0012A00002T74gy","Happeo","happeo.com"
"0013j000034tji5","Meta","meta.com"
"0013j000037iKFp","Warner Music Group (WMG)","wmg.com"
"0013j00002bALf0","Borden Ladner Gervais LLP (BLG)","blg.com"
"001VK00000eN0LU","Crescendo","crescendocx.ai"
"0012A0000286K21","Maison Margiela","maisonmargiela.com"
"0013j00002mcwzK","Hartsfield Jackson Atlanta International Airport","atl.com"
"0012A000021JYBh","National Association of Realtors","realtor.org"
"001VK00000A2sJW","Semel Oy","semel.fi"
"0013j00003JoX0R","MultiCare Health System","multicare.org"
"001F0000017GMKW","Flatiron Health","flatiron.com"
"0012A00002WyRzF","Cleary Gottleib","clearygottlieb.com"
"0012A00002Bn6Su","Fisher Clinical Services","fisherclinicalservices.com"
"001VK00000aukl2","Axholmen","axholmen.com"
"0012A00002RgOoz","Man Group","man.com"
"001VK000008snX1","OLYMP Bezner KG","olymp.com"
"001F0000017GMjC","Golden 1 Credit Union","golden1.com"
"0013j00002ycM2j","Mast Industries, Inc.","mast.com"
"001VK00000VD7mi","Here Technologies","here.com"
"001F000001lksR1","Dialpad","dialpad.com"
"001VK000008pU2f","Production Resource Group","prg.com"
"001VK00000A2n8d","Advokatfirman Delphi","delphi.se"
"0013j000034s7gM","Digitalist Sweden AB","digitalist.global"
"0012A00002Bn6A8","Jacobi Carbons","jacobi.net"
"0012A00002aoOuh","RTI International","rti.org"
"0012A00002BmnDD","AlphaSense","alpha-sense.com"
"0013j00003GV9xl","Reuters","reuters.com"
"001F0000010dT0P","Dynavax Technologies","dynavax.com"
"001VK00000i2y0S","Augment Risk","augmentrisk.com"
"0012A00002JYwP7","Saatchi & Saatchi Worldwide","saatchi.com"
"0013j00002ybyte","Indie Campers","indiecampers.com"
"001VK000007vow4","The Ulkopolitist","ulkopolitist.fi"
"001F0000010dTUh","DISH Network","dish.com"
"0013j00003ALmOH","VBV Gruppe","vbv.at"
"0012A00002Bn0b4","Sportradar","sportradar.com"
"0013j00003ANtjg","ASSEPRO","assepro.com"
"001VK00000Xomg0","Securitas Sverige AB","securitas.se"
"001VK00000Suzon","Product Manager","agcocorp.com"
"001F000001BwW5X","Kurbo, Inc.","kurbo.com"
"0013j00002mbw7N","Vueling Airlines","vueling.com"
"0013j000037iRzj","9Rooftops Marketing","9rooftops.com"
"001F000000pXvPo","A.O. Smith Corporation","aosmith.com"
"0013j00002mcBUg","Polarsteps","polarsteps.com"
"001VK000007lOYc","OLE LYNGGAARD COPENHAGEN","olelynggaard.com"
"0013j00002bA4oE","Sirva Worldwide","sirva.com"
"0013j00002ybVZU","Hive","thehive.ai"
"0012A00002HC7Un","Buehler","buehler.com"
"0013j00002bALVZ","Kronospan","kronospan-worldwide.com"
"001VK00000TEJOp","TD SYNNEX","tdsynnex.com"
"0013j000034t1fJ","Merama","merama.io"
"0012A00002Bocar","Clarivate","clarivate.com"
"001A000000YzUrY","Forbes","forbes.com"
"001VK000002X7qA","C.C. Communication oy","cc-communication.fi"
"0013j00002yaGI9","Walt Disney World","disneycareers.com"
"001F000000xMLHV","Westgate Resorts","westgateresorts.com"
"001VK00000hlPqS","d24group","d24group.com"
"0013j00002ybVVy","Imaweb","imaweb.com"
"001VK000006vBui","IPRally Technologies Oy","iprally.com"
"001VK00000bgsHC","Web Werks Data Centers","webwerks.in"
"0012A00002TYavA","Hikma Pharmaceuticals","hikma.com"
"001F0000010dTeC","Mastercard - Click to Pay","mastercard.com"
"001F0000010dTqb","Vaco","vaco.com"
"001VK000006Wd4Q","Juno Finance","juno.finance"
"0012A000021KE8F","Alegeus Technologies","alegeus.com"
"0012A00002AghOD","Bitwise","bitwiseindustries.com"
"001F000001meftx","Jimmy Choo","jimmychoo.com"
"001F000000raP1b","Red Hat","redhat.com"
"0012A000021IOkF","Inbenta","inbenta.com"
"001F000001ro18B","Acne Studios AB","acnestudios.com"
"0013j00002md7rn","Reify Health","reifyhealth.com"
"0012A000021KEMY","PROS","pros.com"
"0013j00003AP106","QuidelOrtho","quidelortho.com"
"0013j00002cUBxW","Posti Group Oyj","posti.fi"
"001F000001jMe2u","Stellantis","stellantis.com"
"001F0000010dTTF","Corning Incorporated","corning.com"
"0012A00002Tzr6E","Sandoz","sandoz.com"
"0013j000031vemy","Blink Charging Co","blinkcharging.com"
"001F0000010dTPC","BASF","basf.com"
"001F0000017GMGu","Sunbelt Rentals, Inc.","sunbeltrentals.com"
"0013j000037iKtc","TJX Europe","tkmaxx.com"
"001F000001pMCzj","Merlin Entertainments","merlinentertainments.biz"
"0013j00003JoRaU","Zubia People & Business","zubia.com.mx"
"001VK00000fZ5y5","Aimpoint AB","aimpoint.com"
"001F000000joNUz","Away","awaytravel.com"
"001F000001qOx0b","Motorola Mobility","motorola.com"
"001F000000zA33G","CDK Global","cdkglobal.com"
"001F0000010dTIi","Compass","compass.com"
"001A000000TQ9ec","Box","box.com"
"001F000001HYiZf","Odd Molly","oddmolly.com"
"001VK00000ikP0g","Shyft Global Services","shyftservices.com"
"0012A000021J45u","Chubbies Shorts","chubbiesshorts.com"
"0012A00002T94tU","Puratos","puratos.com"
"001F000001teBu3","Publicis Groupe","publicisgroupe.com"
"001F000000l0aeN","Exelate","exelate.com"
"0012A000021KSH9","Verbling","verbling.com"
"001VK00000JswKT","upnova | The Upsell Company","upnova.io"
"0012A00002N8I36","Harvard Pilgrim HealthCare","harvardpilgrim.org"
"001F0000010dTol","ICE Data Services","theice.com"
"001VK000007xYL0","Mistral Ai","mistral.ai"
"0012A00002UF9MV","infotiv information design ab","infotiv.se"
"0013j00002mct9A","IT Relation A/S","itrelation.dk"
"0012A00002WayJs","NICE inContact","niceincontact.com"
"0013j00002mcwdO","Fox News Media","foxnews.com"
"001VK00000FE0yo","Stenbroens Traepleje og Anlaeg","stenbroens.dk"
"001F000001jNAlp","PIMCO","pimco.com"
"001VK00000eCf1z","Folket","folketsthlm.se"
"0012A00002Wyz6u","Fritz Hansen","fritzhansen.com"
"001F0000010dTZ6","The Hanover Insurance Group","hanover.com"
"001A000000ad6O7","The Economist","economist.com"
"001F000001qFJ9H","LATAM Airlines","latam.com"
"0013j00002yaURg","Neon","neon.com.br"
"001VK00000UJBT8","Mars Veterinary Health","marsveterinary.com"
"001F0000010dTPu","Big Lots","biglots.com"
"0013j00002ycAP3","El Corte Ingles","elcorteingles.es"
"001VK00000TNzqA","ENGIE","engie.com"
"0012A00002S9lwF","Deciem I The Abnormal Beauty Company","deciem.com"
"0012A00002SBBNA","Bittrex","bittrex.com"
"0013j00002cRWsy","Atlas","atlashxm.com"
"001VK00000V7CXx","Clifford Chance","cliffordchance.com"
"0013j00003AMRHH","New York State Department of Labor","dol.ny.gov"
"001F0000010dTal","Illumina","illumina.com"
"001F0000010dTT8","XPO","xpo.com"
"0012A00002BndqH","Kong","kong.it"
"001F0000017GMD8","Semtech","semtech.com"
"001VK000000WdPg","Motion","motion.com"
"0012A00002Bn62X","Cheverolet","chevrolet.com"
"0013j000031ueGz","Pure Electric","pureelectric.com"
"001VK00000fZcqo","Aqua Star","aquastar.com"
"0013j00002magjY","At-Bay","at-bay.com"
"0013j000034tWmB","Banked :","banked.com"
"0013j00002cRaNZ","Mythical Games","mythicalgames.com"
"0013j000031uLkb","Tops Markets","topsmarkets.com"
"0012A00002Z1cFg","Georgia Institute of Technology","gatech.edu"
"001VK00000VDXNi","Group RCI","rci.com"
"001A000000YzTdo","Priceline","priceline.com"
"0013j00002yc28c","Nord-Lock Group","nord-lock.com"
"0012A00002Z1bks","Honeycomb","honeycomb.io"
"0012A00002TYav6","Ferring Pharmaceuticals","ferring.com"
"0012A00002Bn64c","Haarslev Industries","haarslev.com"
"0013j00002ybLBv","Billogram AB","billogram.com"
"001F0000010dTOD","Arcadis","arcadis.com"
"001F0000010dTIQ","Twitch","twitch.tv"
"0012A00002N6d3s","Avery","avery.com"
"001F000000xkzpl","Kate Spade","katespade.com"
"0012A00002Wyh7u","Dixa","dixa.com"
"001F0000017GMje","Erm-NA Holdings Corp.","erm.com"
"0012A000021KESg","Keeper Security, Inc.","keepersecurity.com"
"001VK00000BOqDe","Revelyst","revelyst.com"
"0012A00002XR14W","Sift","justsift.com"
"0012A00002Bn6Pz","JerÛnimo Martins","jeronimomartins.pt"
"001VK000000hgnG","National Foundation for Infectious Diseases (NFID)","nfid.org"
"0013j00002cTsw3","WirelessCar","wirelesscar.com"
"001F000001teINL","Orgill","orgill.com"
"0012A00002ZqG2d","Carbon Health","carbonhealth.com"
"0013j00002mc9ZC","Cumberland County","cumberlandcountypa.gov"
"0012A00002Z1blJ","Atomwise","atomwise.com"
"0012A00002ZeUo3","Crane Worldwide Logistics","craneww.com"
"0012A00002WagRD","Miinto","miinto.com"
"0013j00002yZMXQ","doTERRA Essential Oils","doterra.com"
"0013j00003GVDEN","Alma","almapay.com"
"001F000001o35vj","Melaleuca:The Wellness Company","melaleuca.com"
"001F0000017GLwU","St. Elizabeth Medical Center","stelizabeth.com"
"0013j00003AMQkK","Hillsborough County Property Appraiser","hcpafl.org"
"001VK000003gdZF","American Airlines Center","americanairlinescenter.com"
"001F000001mcM4v","SICK","sick.com"
"001VK00000fPHhJ","Open to New Opportunities","turnaround-ctm.com"
"0013j000037iNEP","Kelvion","kelvion.com"
"001F000001N2ATd","DataRobot","datarobot.com"
"001F000000f3IaR","National Football League (NFL)","nfl.com"
"001VK00000eSmcA","Hi Marley","himarley.com"
"0012A00002ZpJbO","Port Authority of New York and New Jersey","pathsmartlinkcard.com"
"0013j000031u8dd","Hi Dr. B (core customer)","hidrb.com"
"0012A00002BnFj8","Le Pain Quotidien","lepainquotidien.com"
"001VK000003vh0N","Stafford County Public Schools","staffordschools.net"
"001F0000017GNK9","Ripple","ripple.com"
"001VK00000NDosz","FlexiLoans","flexiloans.com"
"0012A00002ZpK2N","Perceptyx","perceptyx.com"
"001F000000uBwx2","Mastercard Data & Services","predictivetechnologies.com"
"0013j000037iJVU","LELO","lelo.com"
"001F0000017GNH1","ClassPass+Mindbody","classpass.com"
"0013j000034rOyp","IO Interactive A/S","ioi.dk"
"0013j00002cTBVN","Thrasio","thras.io"
"0012A00002UJFbv","MUFG","mufg.jp"
"0013j000037iQv8","Volvo Buses","volvobuses.com"
"0013j000034sCzL","The Sandbox","sandbox.game"
"0013j00003GVSKo","Grand Public","grandpublic.se"
"0013j00003GVF8U","Charge Amps","charge-amps.com"
"001F000000yH7Jh","NetSuite","netsuite.com"
"001F0000010dTR1","Black & Veatch","bv.com"
"0013j000034rYVz","NBH Bank","nbhbank.com"
"001F0000010dT0F","DraftKings Inc.","draftkings.com"
"0012A00002Bn0vX","Philo","philo.com"
"0012A000021IOkC","Cato Networks","catonetworks.com"
"0012A00002TztYl","JN Data","jndata.dk"
"0012A00002b9Anf","TripAdvisor","tripadvisor.com"
"001F0000010dTRq","CEVA Logistics","cevalogistics.com"
"001F0000010ccuM","Samaritan's Purse","samaritan.org"
"001VK00000VDDDk","Zelis","zelis.com"
"0012A00002ZpK3E","Region 10 ESC","region10.org"
"001F0000010dSvM","Bandwidth Inc.","bandwidth.com"
"001VK00000OXMAS","Patrianna","patrianna.com"
"001F000001ro1A1","Pax8","pax8.com"
"0012A00002Bn6DM","FCCI","fcci-group.com"
"0013j00002bAJHp","ApolloMD","apollomd.com"
"001F000001XZsqI","SAS","sas.com"
"001F0000010dTNX","Ameren","ameren.com"
"0013j00003GVDG9","Thunderkick","thunderkick.com"
"001VK000009TBxP","EssenceMediacom","essencemediacom.com"
"0012A00002BnVSJ","KEYENCE","keyence.com"
"0013j00003ALmO0","TDC AMERICAS","tdcusainc.com"
"001F000000orECQ","Poly","polycom.com"
"001F000001me8BF","MobiKwik","mobikwik.com"
"0013j00002yaye4","Exotec","exotec.com"
"0012A00002XRfV9","Rapyd","rapyd.net"
"0012A00002BnVJy","Syngenta","syngenta.com"
"0013j000031vWGP","Enpal","enpal.de"
"001VK000007fVWL","Varbergs Sparbank","varbergssparbank.se"
"0012A00002T74kV","Staffbase","staffbase.com"
"001VK00000iUUAd","secretescape","secretescape.com"
"0012A00002T74j4","Notified","notified.com"
"001VK00000GttEq","Oy Lunawood Ltd","lunawood.com"
"001VK00000VNP4B","Capita Software","capita.com"
"0012A00002Xozt0","cms.gov","cms.gov"
"0013j00002mc9P3","City of Rockford","rockfordil.gov"
"0012A00002XoFUd","?kestam Holst","akestamholst.se"
"0013j00002mccyr","Stena Recycling AB","stenarecycling.com"
"001F0000017GMVA","Cuna Mutual Group","cunamutual.com"
"001VK00000UZhK9","ROLEX","rolex.com"
"0013j00002bAI4G","MediaMarkt Sverige","mediamarkt.se"
"001VK00000C01lB","Kroger Digital","thelittleclinic.com"
"001F0000010dTNS","Amcon Distributing Company Inc","amcon.com"
"001VK00000U89jD","Instagram","instagram.com"
"001F000001W9fwi","WestJet","westjet.com"
"001VK00000gtvC3","convivasolutions.com","convivasolutions.com"
"0013j000034sJ9T","Pigment","gopigment.com"
"001F000001DUQzq","The North Face, a VF Company","thenorthface.com"
"001VK00000ZIOHR","Co-op Food","coop.co.uk"
"001VK00000QM0vH","TRACE International, Inc.","traceinternational.org"
"001VK000009YdeY","Merck","merck.com"
"0013j00003GVs9h","Ionos","ionos.com"
"0013j000034t6Sr","Tessera Therapeutics","tesseratherapeutics.com"
"001F0000010dT2m","Cloudian","cloudian.com"
"0013j00002yc4bk","Sempro AS","s360digital.com"
"0012A00002857QY","&OtherStories (H&M - Customer)","stories.com"
"0012A00002ZpL9n","Interlochen Center for the Arts","interlochen.org"
"0013j00002cTTk7","RecoveryOne","recoveryone.com"
"0013j00002cRcpD","Nitor","nitor.com"
"001F000001tff8t","The Guardian","theguardian.com"
"001F0000017GMC5","Superior Essex","superioressex.com"
"0013j000031vieF","Refined","refined.com"
"001VK000007lfDx","Nordic Sports Brands","nsbrands.com"
"0012A000021J4Md","VALUE RETAIL PLC","valueretail.com"
"001F0000010dSuM","Asana","asana.com"
"001F0000010dTcr","Amway","amwayglobal.com"
"001F000000lurrP","Pegasystems","pega.com"
"0012A00002RNGBu","Axoni","axoni.com"
"0013j00002mc8lI","Georgia Department of Education","gadoe.org"
"0012A00002TYav4","Symrise AG","symrise.com"
"001VK00000PHcFO","Harvard Business Publishing","harvardbusiness.org"
"001F000000txpPo","ASOS.com","asos.com"
"0012A00002V8yiu","NBCUniversal","nbcuniversal.com"
"0012A00002WyN96","Petal","petalcard.com"
"0012A00002Z1bhe","State of Connecticut","ct.gov"
"0013j00002bBxiU","Bandai Namco Europe","bandainamcoent.eu"
"0013j000031ueHz","NEW YORKER","newyorker.de"
"0013j00002mcrQj","Medable, Inc","medable.com"
"0013j00002mc9X5","City of Duluth","duluthga.net"
"0012A00002T74hQ","InSided","insided.com"
"001VK00000dz5Qv","ManpowerGroup France","manpower.fr"
"001VK000002n2KX","RaceID","raceid.com"
"0013j00002cTVDY","Western Alliance Bank","westernalliancebancorporation.com"
"001F000000pui04","Yapstone","yapstone.com"
"001VK00000Ni05V","Wine & Spirit Education Trust","wsetglobal.com"
"0012A00002BoaCE","Hublot (LVMH)","hublot.com"
"001F000000lYcK1","[24]7.ai","247.ai"
"0012A00002ZpIfT","San Diego County Credit Union","sdccu.com"
"001F000000vt331","Brooks Brothers","brooksbrothers.com"
"001F0000017GMpb","Community Health Network","ecommunity.com"
"0013j00002mcevI","Stafford County Fire & Rescue","staffordfirerescue.com"
"001VK00000e9nP5","LUMAN","luman.io"
"0013j00002mbjGl","Supermetrics","supermetrics.com"
"0013j00002mdtoq","Ovintiv","ovintiv.com"
"0013j000034sCFm","Freshfields Bruckhaus Deringer","freshfields.com"
"0012A00002Z1axM","Penn State University","psu.edu"
"001F000001HaSaV","SpectroCoin","spectrocoin.com"
"0012A00002Tzs4Y","Ifm","ifm.com"
"001F000000xhah1","AppLovin","applovin.com"
"0013j00003GVCkJ","Action","action.jobs"
"0013j00002mcefG","TMC HealthCare","tmcaz.com"
"0013j000034tN7Y","Leapsome","leapsome.com"
"001F0000010dSj9","Plante Moran","plantemoran.com"
"001VK000001cTms","PHH Group","phhgroup.eu"
"0012A00002KJcPG","NXP Semiconductors","nxp.com"
"0013j000034uKKu","Sage Intacct","sageintacct.com"
"001F000001teBuq","UniCredit","unicreditgroup.eu"
"001VK000002Ense","Merck KGaA, Darmstadt, Germany","emdgroup.com"
"0012A000021IViP","PAIGE","paige.com"
"001VK00000h0UIH","HiveWatch","hivewatch.com"
"001F0000010dSwo","Calithera Biosciences","calithera.com"
"0013j00003ALzXI","Ripio","ripio.com"
"001VK00000MzXIa","Facebook","facebookcareers.com"
"0013j00002yad4h","Belimo Automation","belimo.ch"
"001VK000009Z8gg","HP (Hewlett-Packard) External","ext.hp.com"
"001F000000hWbbM","Salesforce","salesforce.com"
"001VK00000f6CqE","Schippers","schippers.eu"
"001VK00000VAEHf","General Motors","gm.com"
"0013j00003ALmOS","WOMEN AND GENDER EQUALITY","women-gender-equality.canada.ca"
"001F0000010dTej","Meritor","meritor.com"
"0013j000034uJ20","SecurID","rsa.com"
"0013j00003ALcDM","Supabase","supabase.com"
"0012A00002WbB0j","Symbiont","symbiont.io"
"0012A000021K3nE","GEODIS","geodis.com"
"001VK00000fxwBe","Bella Aurora Labs S.A.","vistancenetworks.com"
"001F0000017GMXh","Bureau Veritas S.A.","bureauveritas.com"
"0012A000021JYKx","Boohoo Group","boohoo.com"
"001F000001qOwto","Edgewell Personal Care","edgewell.com"
"0013j00003ALmOR","wob","worldofbeer.com"
"001VK00000CdNkD","Neon","neon.tech"
"0013j00002bA8cp","Azerion","azerion.com"
"0013j00002mdrPa","Trackforce Valiant","trackforce.com"
"001F000001Ih29j","Medium","medium.com"
"0013j00002mc9FE","Smith County","smith-county.com"
"001VK000009XpZd","Kohler","kohler.com"
"0012A00001vZUVp","Balenciaga (Kering)","balenciaga.com"
"0013j00002yaGGl","Hazel Health","hazel.co"
"001F0000010dSnJ","Mosaic","joinmosaic.com"
"001VK00000649Fo","Invenio Growth","inveniogrowth.com"
"0013j00002bALn7","goeasy","goeasy.com"
"0012A00002KAKji","NYC.gov","nyc.gov"
"0013j000031vkIU","MaintainX","getmaintainx.com"
"001F000000txpcv","Sports Direct (Frasers Group)","sportsdirectplc.com"
"001VK00000U5mM8","Amd","amd.com"
"001VK00000f5dcn","TBI Airport Management Inc.","tbiam.aero"
"0013j00003AMMJ4","Inspera","inspera.com"
"001F000001teWpF","Allegis Group","allegisgroup.com"
"001VK000001IZ0N","Fliteboard","fliteboard.com"
"001F000000luVa9","CDM Smith","cdmsmith.com"
"001F000001teBvc","Babcock International Group","babcockinternational.com"
"0013j00003GXUAQ","Sandbox Interactive GmbH","albiononline.com"
"001F000001GNVrX","Marvell Technology","marvell.com"
"001VK000003st84","Wisconsin Medicaid","dhs.wisconsin.gov"
"0012A00002EvuWN","HKScan Corporation","hkscan.com"
"001F000001N2AW8","Peloton Interactive","onepeloton.com"
"001F000001qOwlN","QNX","qnx.com"
"0012A00002Z1bl2","inDriver","indriver.com"
"0012A00002ar6fe","RWTH Aachen University","rwth-aachen.de"
"0013j000034tE8y","MillerKnoll","millerknoll.com"
"0013j00002mc8tk","Indian Health Service","ihs.gov"
"0012A00002EteZH","HighRadius","highradius.com"
"0012A00002VAhEz","Fictiv","fictiv.com"
"0012A0000286Ehk","Icertis","icertis.com"
"001VK000003st7p","Louisiana Medicaid","ldh.la.gov"
"0012A00002TynFn","Verily","verily.com"
"0013j00002ybynm","NBC Sports Group","nbcunicareers.com"
"0013j00002yaEQ6","Xendit","xendit.co"
"0013j00003GVIsp","Point32Health","point32health.org"
"0013j00003Joous","Hags, Inc","hags.com"
"0013j00002cTZ7Y","7 Eleven Inc.","7-eleven.com"
"001VK000002agM9","Sandvik Coromant","coromant.com"
"0013j000037iO5C","CAS Medical Systems","fore-sight.com"
"0012A00002IhNNy","USHealth Group","ushealthgroup.com"
"001VK00000jbn34","Dewers Consulting","dewersconsulting.com"
"001F0000010dTsS","Zions Bancorporation","zionsbancorporation.com"
"001F000001tgLiM","Renault-Nissan-Mitsubishi","alliancernm.com"
"0012A00002Bn65a","Ahlstrom-Munksj?","ahlstrom.com"
"001F000001qOwsP","ConnectiCare","connecticare.com"
"001VK00000VNKiq","Robinhood","robinhood.com"
"0012A00002XUCTw","Wag! Group Co.","wagwalking.com"
"001F0000010dT50","Insightec","insightec.com"
"0013j00002md6o8","Mightier","mightier.com"
"0013j00002bA0cf","Booking Holdings","bookingholdings.com"
"0013j000034t2eR","DXC Technology","dxc.com"
"001VK000007la4Y","ROSE & BORN","roseborn.com"
"001F000000l0ZyW","Timberland, a VF Company","timberland.com"
"0013j000031wAkH","Stytch","stytch.com"
"001VK00000ensEk","Pharo Management","pharo.com"
"001F000001o35ui","RIMOWA (LVMH)","rimowa.com"
"001VK000003st86","Wyoming Medicaid","health.wyo.gov"
"001F000001jNIFK","GN Hearing A/S","gn.com"
"0012A00002BmnGo","Clarifai","clarifai.com"
"001F0000017GN0m","Skyword","skyword.com"
"001F000001teC2w","Cargotec","cargotec.com"
"0013j000034rbrw","Joseph Ribkoff Inc.","ribkoff.com"
"0013j00002bA7y6","Laundress (Unilever)","thelaundress.com"
"001VK00000fyuxQ","Larian Studios","larian.com"
"001F000000vawWF","Metropolitan Museum of Art","metmuseum.org"
"0013j00003ALT8G","Clark County School District","ccsd.net"
"0012A00002WyQ26","Social Security Administration","ssa.gov"
"001VK0000080gPF","coherence.io","coherence.io"
"001F000001H1mt3","notebooksbilliger.de AG","notebooksbilliger.de"
"001F0000010dTMV","American Electric Power","aep.com"
"0013j00002mbhQK","Eficode","eficode.com"
"001VK000003st8o","Attorney General Hawaii","ag.hawaii.gov"
"001F0000010dTcG","Kinder Morgan, Inc.","kindermorgan.com"
"0013j00003GV5np","BlaBlaCar","blablacar.com"
"001F000000xi2nx","The Humane Society of the United States","humanesociety.org"
"0012A00001rJOF6","Kendo Brands (LVMH)","kendobrands.com"
"0013j00003AMRG0","New York State Parks, Recreation & Historic Preservation","parks.ny.gov"
"001F0000010dT1S","Epizyme","epizyme.com"
"0013j00003GVEfz","Payroc","payroc.com"
"0012A00002Vs3oJ","Grid Dynamics","griddynamics.com"
"0013j00002mdz0Y","Transformation France","wavestone.com"
"0013j00002mcwdL","United States Department of Defense","defense.gov"
"0012A00002Bn69L","OMV","omv.com"
"001F0000010dToC","Taco Bell","tacobell.com"
"001VK00000AfCST","Sierra AI","sierra.ai"
"001F000000rbJEe","LexisNexis Group","lexisnexis.com"
"0012A00002Y3mNO","Fleet Complete","fleetcomplete.com"
"0013j00002yax3k","AirSlate","airslate.com"
"0013j00003ANOno","Gaston County EDC","gaston.org"
"0013j00003AP1M2","Palantir","aucerna.com"
"0013j00002cSqzF","Aibee","aibee.com"
"0012A00002WyxwN","Tradera","tradera.com"
"0012A00002Bn6AS","UL","ul.com"
"0013j00003AMQwq","City of Miami Gardens","miamigardens-fl.gov"
"001F000001tfWpR","Bungie","bungie.net"
"0012A0000285qtU","Sisley Paris","sisley-paris.com"
"001F000000hWc9r","ExxonMobil","exxonmobil.com"
"0013j000031uL1J","AgentSync","agentsync.io"
"001VK00000OYYpR","Ultralytics","ultralytics.com"
"0013j00003GVQad","California Government Operations Agency","govops.ca.gov"
"0012A00002XQPkX","Mindshare","mindshareworld.com"
"0012A000021J4EN","McKesson - Moore Medical","mooremedical.com"
"001F000001tff6A","American Cancer Society","cancer.org"
"0012A00002BncfW","Lundbeck","lundbeck.com"
"0012A00002ZpImo","Members 1st Federal Credit Union","members1st.org"
"0013j00003GVbec","Laurastar","laurastar.com"
"001VK00000R462U","Kimberlie Forde","kimberlief.com"
"0013j000034t2zP","Hogeschool van Amsterdam","hva.nl"
"0013j00003AP55j","Continia Software","continia.com"
"0013j00002md82q","CarePlus Health Plans","careplushealthplans.com"
"0012A00002LVJQv","Liikennevirasto","liikennevirasto.fi"
"0012A0000284iPf","Upstart","upstart.com"
"0012A00002V8UAJ","Virta Health","virtahealth.com"
"001VK00000BsxMY","Select Rehabilitation","webstaurantstore.com"
"001VK00000iUgba","GRUPO SBF","gruposbf.com.br"
"0012A00002Z1ajM","Allen & Heath","allen-heath.com"
"001F000001abYWN","Epic","epic.com"
"001F000000n4t3s","Itron, Inc.","itron.com"
"001F000001by7aH","The Predictive Index","predictiveindex.com"
"001F000001N2ATa","CloudBees","cloudbees.com"
"0013j00003GUwV1","Teamtailor","teamtailor.com"
"0013j00002yc295","Fagerhult","fagerhult.com"
"0012A0000284xHE","Visit Sweden","visitsweden.com"
"001F0000010dTib","PKC Group","pkcgroup.com"
"0013j00002cUM9z","Datalogic Mobile","datalogic.com"
"0013j00003ALmMB","MANTEL MCDONOUGH RISO LLP","mmrllp.com"
"001F0000017GMT2","Metso","metso.com"
"0013j00003ALmKO","Chicago Jesuit academy","chicagojesuitacademy.org"
"001VK0000034B54","NestlÈ Health Science","nestlehealthscience.com"
"0013j00003ALmPa","ETD Training","etdtraining.com"
"0013j00002md4xH","Smiths Group Plc.","icumed.com"
"001VK00000gXu4s","Metro Aviation, Inc.","metroaviation.com"
"0013j000031uV5l","Nothing","nothing.tech"
"001F000001mdgU4","Betsson AB","myfootballconnect.com"
"001VK000007lc2Y","8848 Altitude","8848altitude.com"
"0013j000031uICb","Imaging Endpoints","imagingendpoints.com"
"001VK0000034B53","The Adecco Group","adeccogroup.com"
"0013j00003ALmLu","Kidde Corporate, a division of Carrier CCS","kidde.com"
"001F000000mCjs6","Life360","life360.com"
"001A000000aFW7R","TechTarget","techtarget.com"
"001VK0000055fPp","Logikfabriken","logikfabriken.se"
"001VK00000dxFnp","glocco","glocco.com"
"0012A00002ZpJE3","Children's Hospital of Philadelphia","chop.edu"
"0013j000031uOpj","Legeakademiet.dk","legeakademiet.dk"
"001F000000rYbkY","Halliburton","halliburton.com"
"0012A00002Z1ank","Urgently","geturgently.com"
"0012A0000286I9r","GroupM","groupm.com"
"0013j00003AMRFq","Hillsborough County","hillsboroughcounty.org"
"0013j00002mbgPI","Sii Poland","sii.pl"
"0013j00003ALfi6","Snap Inc.","snap.com"
"001VK000003st8m","Attorney Genera ldaho","ag.idaho.gov"
"0012A00002Bn0eW","Ding","ding.com"
"0013j00003AMRG2","NYC Department of Parks & Recreation","nycgovparks.org"
"001F000001qOwag","Edenred","edenred.com"
"0013j00002bAMnV","Cognite","cognite.com"
"0013j00002ycKFF","Entain","entaingroup.com"
"0012A00002RN1Wc","Benchling","benchling.com"
"0013j00002cTD4O","Incode Technologies","incode.com"
"0012A000021IOkc","TripActions","tripactions.com"
"001VK00000bhGxA","Dalet","dalet.com"
"0013j00002cULKd","Informa Plc.","informa.com"
"001F000000t2L86","Forcepoint","forcepoint.com"
"001VK000003vgoR","Cincinnati City SD","cps-k12.org"
"0013j00002mc8lQ","Palm Beach County Property Appraiser's Office","pbcgov.org"
"001F0000010dTd9","Liberty Interactive LLC","libertymedia.com"
"001VK00000R6c1V","Imaginable Ideas","imaginable.se"
"0013j00002ycKqX","Akeyless Security","akeyless.io"
"0012A00002RMvPQ","Scentbird","scentbird.com"
"001F000000iW2QT","Flipboard","flipboard.com"
"0013j000034tQ2V","Solidigm","solidigmtechnology.com"
"0013j00003ALPiU","Biconomy","biconomy.io"
"001F000001qOwqZ","Wieden & Kennedy","wk.com"
"001F0000010dTZt","Highmark Health","highmark.com"
"001VK00000RaZhI","Youth Villages","youthvillages.org"
"001VK00000R6Wc2","PicoPublish","picopublish.dk"
"0013j000034t2m7","TK Elevator","tkelevator.com"
"0013j00002mcvLh","Mindler","mindlercare.com"
"0012A00002N5Vnk","Carbon","getcarbon.co"
"001VK00000fJ0b2","The Wedding Explorer","theweddingexplorer.com"
"0013j00002ycKhh","SVM Automatik A/S","stevanatogroup.com"
"001VK000007lgJR","Devyser","devyser.com"
"001F000001rp9j5","Outreach","outreach.io"
"0013j000037iWB9","Cope Notes LLC","copenotes.com"
"001F0000010dSpI","Qumulo","qumulo.com"
"0012A00001rIQ7o","Yardi","yardi.com"
"0012A000021HrOH","Confluent","confluent.io"
"0013j00002mcv1g","Mammoth Biosciences","mammoth.bio"
"0013j00002cTUkg","Iris Software Group","iris.co.uk"
"0012A00002XmTmT","Canada Mortgage and Housing Corporation (CMHC) Socit canadienne d'hypothques et de logement(SCHL)","cmhc-schl.gc.ca"
"0012A00002Y3nWH","Arrive Logistics","arrivelogistics.com"
"001F000000mEw8Z","Medtronic","medtronic.com"
"001F0000010dT3D","Empyrean Benefit Solutions Inc.","goempyrean.com"
"001VK00000i4dJE","LTM","ltm.com"
"001VK00000eAktp","Trial IQ","trialiq.ai"
"001F0000011n8qI","Victaulic","victaulic.com"
"001F000001ro0Px","VINCI","vinci.com"
"0013j000037iTY0","Autograph","autographband.com"
"001F000000g6yPH","Verizon","verizon.com"
"001VK00000advWR","Ipaf","ipaf.org"
"0013j00002yaELy","Maisonette","maisonette.com"
"0013j00002yac5e","Heathrow","heathrow.com"
"001VK00000dTQYZ","Innerwell","helloinnerwell.com"
"0012A00002EvcRm","General Council of the Assemblies of God","ag.org"
"0012A00002armbK","Tokyo Electron","tel.com"
"0013j00003ALmP2","BIOLYTICAL","biolytical.com"
"0012A00002RiNqS","Medbridge","medbridgeeducation.com"
"0013j00002mbgID","Apotek Hj?rtat","apotekhjartat.se"
"0013j00002bBnGE","Universal Studios","universalstudios.com"
"001VK000002SETc","AUTODOC GmbH","autodoc.group"
"0013j000034tTQR","Airmeet","airmeet.com"
"001F0000017GMER","Lincare","lincare.com"
"0013j00002yax9k","Optimizely","optimizely.com"
"001F000000vwGhV","Wilson Sporting Goods Co.","wilson.com"
"0013j00003ALiIn","USA Products Group Inc","usaprogrip.com"
"001VK000007fjHb","NOMS","nomsglobal.com"
"0012A00002aGmYH","Vector Solutions","vectorsolutions.com"
"0012A00002Rh0he","Kela","kela.fi"
"0013j000034t2df","CONSENSUS","consensus.dk"
"001F000001teBuo","Leonardo - Finmeccanica SpA","leonardo.com"
"0013j00003ALmPq","HPITAL NECKER","aphp.fr"
"0013j000031voNZ","Mailgun Technologies","mailgun.com"
"0012A00002XoHdl","Rachio","rachio.com"
"001F0000017GMJ3","Donegal Group","donegalgroup.com"
"001F0000010dTmB","Shelter Insurance Companies","shelterinsurance.com"
"0013j00002mc93Q","North Hempstead","northhempsteadny.gov"
"001VK00000A9oCt","Mini Rodini","minirodini.com"
"0012A00002Tzreh","LM Wind Power","lmwindpower.com"
"0013j000034t34r","Akoni Group","akoni.ch"
"0013j00002mbsqv","Highsnobiety","highsnobiety.com"
"001F000000zA34L","Fiserv","fiserv.com"
"0012A00002ZpJXQ","Ochsner Health","ochsner.org"
"0013j000037iQ3p","U.S. Department of Health and Human Services (HHS)","hhs.gov"
"0012A00002ZpIew","State Employees' Credit Union","ncsecu.org"
"0012A00002T9MLb","Federal Reserve Bank of Chicago","chi.frb.org"
"001F000001jPJuW","Dooney & Bourke","dooney.com"
"0012A00002TzrDD","CERN","home.cern"
"0012A000021KEML","Presidio","presidio.com"
"0013j00003ALmQW","MOTION PT GROUP","motionptg.com"
"0013j00003Jp3Ty","Raymond James Canada","raymondjames.ca"
"0012A000021J4LY","Reformation","thereformation.com"
"0012A00002MNsaZ","Arctic Wolf","arcticwolf.com"
"0012A00002Z1bNb","Liberty Mutual","libertymutual.com"
"001F000001abqIz","Massimo Dutti (Inditex / Zara)","massimodutti.com"
"001A000000ZjfYB","Cogent Communications","cogentco.com"
"0012A00002Wy7wD","Libratone","libratone.com"
"001F000001meMgw","Master Lock","masterlock.com"
"0013j00002mbgbY","Sigma Connectivity","sigmaconnectivity.com"
"001VK00000fVqFe","Ramudden Global","ramuddenglobal.com"
"001VK00000fcUnJ","UptimeAI Inc.","uptimeai.com"
"001F000000nzWGM","Vitamix","vitamix.com"
"001F000000j7Itk","Aso LLC","asocorp.com"
"001F000001N2ATQ","Ping Identity Corporation","pingidentity.com"
"001VK00000C8zH8","WestRock Company","smurfitwestrock.com"
"001VK00000jsYm2","Opportunities For Learning","oflschools.org"
"001F0000017GMnJ","Bekaert","bekaert.com"
"0013j00003AP4VT","Atos Medical","atosmedical.com"
"001F000001tff9I","Wargaming","wargaming.com"
"0012A00002Sl66k","Protime","protime.eu"
"0012A00002TVx4M","OEConnection (OEC)","oeconnection.com"
"0013j00003ALmPZ","Echtra Inc.","echtragames.com"
"001F0000010caSC","3D Systems Corporation","3dsystems.com"
"0012A00002SC3df","GrubMarket","grubmarket.com"
"0012A00002Bn68L","Caverion","caverion.com"
"0013j00002cRdyL","UWorld","uworld.com"
"0012A000021L3pE","Bitdefender","bitdefender.com"
"0012A00002UH3Jy","DEPTÆ","deptagency.com"
"0013j00003JrYkV","Canadian Health Information Management Association - CHIMA","echima.ca"
"001F000001IgJOv","DJI","dji.com"
"001VK00000fmwmu","House Hasson","househasson.com"
"0013j000031u8DL","Crowe","crowe.com"
"0012A000021J498","French Connection","frenchconnection.com"
"0013j00003ALYx1","Penske Truck Leasing","pensketruckleasing.com"
"001F0000017GMl0","SS&C Technologies","sscinc.com"
"001VK00000VQ65H","Holland America Line","hollandamerica.com"
"001F0000017GM9G","Baker McKenzie","bakermckenzie.com"
"001F0000017GM8r","ASSA ABLOY Group","assaabloy.com"
"001F000000ra93z","Digi-Key Electronics","digikey.com"
"0013j00002ya7cN","Turing","turing.com"
"0012A000021IAfz","OUTRIGGER Hospitality Group","outrigger.com"
"0013j000031uyuC","Design Shopp","designshopp.com"
"001F0000011lPb7","Postify","postify.com"
"001F000001rpuW0","HashiCorp","hashicorp.com"
"0012A00002TYav1","Enercon","enercon.de"
"0013j000037iPTX","Continental Resources","clr.com"
"0013j00002yax18","Acronis","acronis.com"
"001VK00000csvTF","Barry-Wehmiller Design Group","bwdesigngroup.com"
"0012A00002Z1cU4","Illinois Lottery","illinoislottery.com"
"001VK00000SKI77","EverAI","everai.ai"
"001F000001o35uU","DLL","dllgroup.com"
"0013j00003AMrbB","RX Global","rxglobal.com"
"001F0000011o2vf","Alteryx","alteryx.com"
"0013j00002cUPGU","Laerdal Medical","laerdal.com"
"0012A00002Z1ab6","KUKA","kuka.com"
"001A000000aGjbp","8x8","8x8.com"
"001VK000004nAn7","Compleo Charging Software GmbH","compleo-cs.com"
"0013j000037iQB4","Farm Bureau Financial Services","fbfs.com"
"0013j00002yYydw","Public Health Ontario","publichealthontario.ca"
"001VK000003st7j","Ohio Medicaid","medicaid.ohio.gov"
"0013j00002ya1s2","Photon","photon.in"
"0012A00002AgkuH","SES","ses.com"
"001F000001ETiR8","Essilor International (Luxottica -- Customer)","essilor.com"
"0013j00002yc28E","Troax AB","troax.com"
"001F000000vY5Lu","NOV","nov.com"
"001VK00000AqB01","Scand","scandstore.com"
"001A000000ZSQNH","Abercrombie & Fitch Co.","abercrombie.com"
"0012A00002YMZoe","Figure","figure.com"
"0012A00002TW0BW","Weave","getweave.com"
"001VK000007lbYG","MollyogMy.dk","mollyogmy.dk"
"0013j00002md7xC","Gr?nges","granges.com"
"001F0000010dTQz","Bunge","bunge.com"
"0012A00002IhNKD","New Horizons Computer Learning Centers","newhorizons.com"
"0013j00003ALmRZ","Sustainable Business Network of Massachusetts","sbnmass.org"
"0012A00002XTj2p","Coalition, Inc.","thecoalition.com"
"0012A00002ZpIhS","BevMo","bevmo.com"
"0013j00002ybeZS","Ferrer","ferrer.com"
"001VK0000055eqZ","Fl¸gger group A/S","flugger.com"
"001F0000010dTpa","UBS","ubs.com"
"0013j00002cTsh7","AAK","aak.com"
"001F000001tgHcZ","Apptus","apptus.com"
"001VK00000R0N6k","Flatpay","flatpay.com"
"001VK00000kHSx3","Nashville Entrepreneur Center","ec.co"
"0012A00002Bn6Ws","ISDIN","isdin.com"
"001F0000010dTX8","Fluor Corporation","fluor.com"
"001F000001tff82","NaturalMotion","naturalmotion.com"
"0012A000021JYJL","SD Worx","sdworx.com"
"0013j00002cRdEm","OLAPLEX","olaplex.com"
"001VK000003st7P","State of Hawaii","portal.ehawaii.gov"
"0013j00002yZMXn","City of Savannah","savannahga.gov"
"0013j00003JplVa","MOVERA GmbH","movera.com"
"001F0000010dSy9","Caidya","caidya.com"
"001VK00000VQ65D","The Home Depot","homedepot.com"
"0013j000034t4AH","EQT Group","eqtgroup.com"
"001A000000d6ZYt","Infor","infor.com"
"001F000001rrmXG","Collette","gocollette.com"
"001F0000010dTcz","Leggett & Platt, Incorporated","leggett.com"
"0013j000034tN7X","Envista Holdings Corporation","envistaco.com"
"001F000000j8PsN","SPS Commerce","spscommerce.com"
"001F000001o35un","Lavazza Group","lavazzagroup.com"
"0012A00002ZoGGA","Devoted Health","devoted.com"
"0013j00003ANOpO","Montgomery County","mc-ala.org"
"0013j00002yaThT","If Insurance","if.se"
"001VK00000kGDGm","Pattillo Industrial","pattillore.com"
"001F000001jMgNd","Telia","teliacompany.com"
"001F0000010dTWS","Farmers Insurance","farmers.com"
"0013j00003ALmKY","Finastra","finastracanada.com"
"0013j00002yc6gp","ALK","alk.net"
"0013j00002cUSKo","Occlutech","occlutech.com"
"0013j000034rNtE","Retool","retool.com"
"0013j00003ANP84","CRTG Engineering","crtg.eu"
"0013j00003GVFGY","SmartPath","joinsmartpath.com"
"0013j00003ALmNN","SHER TREMONTE LLP","shertremonte.com"
"001VK00000f5JhA","Bristol County Savings Bank","bristolcountysavings.com"
"0013j00002md7WQ","Playtech Sports","playtech.com"
"001VK00000Fpn1F","BollorÈ Logistics","bollore-logistics.com"
"0013j00003GX8Cs","Festi hf.","festi.is"
"0012A00001rJWMx","FourKites, Inc.","fourkites.com"
"0012A00002BnFk2","Zayo Group","zayo.com"
"0013j00002mc8m3","State of Wyoming","wyo.gov"
"0013j00002yYyb7","PA House of Representatives","house.state.pa.us"
"0013j00002mc99A","20th Circuit Florida","cjis20.org"
"0013j00003ALV3d","Agility Robotics","agilityrobotics.com"
"0013j00002ycDBc","Novo Holdings","novoholdings.dk"
"0013j00003AOaj6","Swan Bitcoin","swanbitcoin.com"
"0012A000021J4HS","PointClickCare","pointclickcare.com"
"0012A00002XpKX8","Dechert LLP","dechert.com"
"0012A00002apJ2Q","Ethicon, NeuWave-Linx, Johnson & Johnson","ethicon.com"
"0013j00002yaG9w","FM Global","fmglobal.com"
"0013j00002yaaxe","Keepit A/S","keepit.com"
"0013j000037iNqY","Antech Diagnostics","antechdiagnostics.com"
"0012A000021Hhbi","Envoy","envoy.com"
"001F0000017GN0B","Singular","singular.net"
"001VK00000ZUYhf","Quantum","quantum.com"
"0013j000031uVYc","Envision Physician Services","envisionphysicianservices.com"
"0013j00002ybyDo","Kohler Energy - Engines","kohlerpower.com"
"001F000001aawoZ","Fendi (LVMH)","fendi.com"
"0013j00003JrJWr","Own Company","owndata.com"
"001F0000017GMhW","White & Case LLP","whitecase.com"
"001F000001o0tyl","Helen of Troy","helenoftroy.com"
"0013j00002mc7N9","Tractable","tractable.ai"
"001F000000nyYPj","Xerox","xerox.com"
"001VK00000ZjMuk","Nexer AB","nexergroup.com"
"0013j00003AP48k","BullWall","bullwall.com"
"001VK000004LPOK","JK-Tuoretalo","jk-tuoretalo.fi"
"0013j00003GWLF2","Quell","playquell.com"
"0013j00002md7G8","Ipco AB","ipco.com"
"0013j000037iQ8d","msg","msg.group"
"0013j00003GWEup","Vinge","vinge.se"
"0013j00003GYv8K","Cencora","cencora.com"
"0012A000021K3pU","JETPULP","jetpulp.fr"
"0012A00002Tzr6P","Handelsbanken","handelsbanken.com"
"0012A00002EvcTK","Contrast Security","contrastsecurity.com"
"001F0000010dSpk","SCA Health","scasurgery.com"
"0013j00002yc3Jn","Sinch","sinch.com"
"001F000001jMZsz","Sky","sky.com"
"0012A000021JYEM","International Rescue Committee","rescue.org"
"0013j000031uxwi","Overjet","overjet.ai"
"0012A00002IhNIS","KMS Technology","kms-technology.com"
"0013j00002bALyF","CMR Surgical","cmrsurgical.com"
"0012A00001rIOzK","Clas Ohlson","clasohlson.com"
"001VK00000Afs8M","framas","framas.com"
"001F0000010dTFY","SoFi","sofi.com"
"0013j00002yZMf5","Rotary Corporation","rotarycorp.com"
"0012A00002EvR2g","Innofactor","innofactor.com"
"001VK00000Adsdt","Kimberly-Clark","kimberly-clark.com"
"0012A00002apJ8d","Orion Innovation","orioninc.com"
"0012A000021J48n","FitFlop","fitflop.com"
"0012A0000283BHf","Ruby Life","rubylife.com"
"0012A00002ZpK1u","MSD","msd.com"
"0012A00002Bn0aI","Mercado Libre","mercadolibre.com"
"0012A000021KECB","Colt Technology Services","colt.net"
"0013j00003ALmRk","UNION Therapeutics","uniontherapeutics.com"
"001F0000017GMaT","Schaeffler","schaeffler.com"
"0013j000034t2Xh","Empower","empower.me"
"001F000000g9QqZ","Angie's List","angi.com"
"0012A00002ZpJHS","UW Medicine","uwmedicine.org"
"0013j00003ALbFK","Knight-Swift Transportation Holdings","knight-swift.com"
"0013j00002ybybQ","Landsbankinn","landsbankinn.is"
"001VK00000jgZid","SuperSaaS - Online Appointment Scheduling System","supersaas.com"
"0012A0000286Eur","Picnic Technologies","picnic.app"
"0013j00002yavxf","Kyyti","kyyti.com"
"001VK000002X7lz","Cambridge University Press & Assessment English","cambridge.org"
"0012A00002Z1b6M","Nilfisk","nilfisk.com"
"0013j00003ALibG","Factors Group of Companies","factorsgroup.com"
"0012A00002ZpInb","Wings Credit Union","wingsfinancial.com"
"001VK00000Ad55J","LSEG Data & Analytics","lseg.com"
"001F0000016s3j4","Hyland","hyland.com"
"0013j000031w6Qx","Structural, an Augeo company","structural.com"
"001VK000001WeGH","Fox Corporation","foxcorporation.com"
"001VK00000kGDGj","Acquir.co","acquir.co"
"001F0000017GNIk","SHINE Medical Technologies","shinefusion.com"
"0012A00002Z1bWD","State of Georgia","georgia.gov"
"0012A00002BnSCd","Better Collective","bettercollective.com"
"0013j00002bALiX","California Closets","californiaclosets.com"
"0013j000034t36C","Hager","hagergroup.com"
"0012A00002EuviO","ENEA","enea.com"
"001VK000001H4g9","US Bureau of Land Management","blm.gov"
"001VK00000EkxQ3","CA Labor and Workforce Development Agency","labor.ca.gov"
"0012A000021J4KA","SPX FLOW","spxflow.com"
"0012A00002Agg84","Husqvarna Group","husqvarnagroup.com"
"001VK00000jQTr6","SS&C GlobeOp","sscglobeop.com"
"0012A00002EtP9A","Alpha Solutions","alpha-solutions.us"
"0013j00003AOzIo","Verlag des ÷GB GmbH","oegbverlag.at"
"001VK00000CoOWT","Hawaii Department of Education","hawaiipublicschools.org"
"0013j000034tYqB","Gwinnett County Government","gwinnettcounty.com"
"001F000001DVZrw","Van Cleef & Arpels","vancleefarpels.com"
"001F0000017GM6A","Solvay","solvay.com"
"001VK000006LqWS","Redwood Community Services","redwoodcommunityservices.org"
"0013j00002yc3BE","In'Tech Medical","intech-medical.com"
"0013j00002mc8mY","City of Minneapolis","minneapolismn.gov"
"0013j00002mbgwg","Qualtrics","qualtrics.com"
"001F000000xQZoL","Kount","kount.com"
"0012A00002EuCyY","ManoMano","manomano.fr"
"0012A00002Zom7c","SAG-AFTRA","sagaftra.org"
"001F000000zA3M1","Hootsuite","hootsuite.com"
"001F0000010dTLy","99 Cents Only Stores","99only.com"
"0012A00002ZpJyE","R+L Carriers","rlcarriers.com"
"0013j00002cTK2p","Vonage","vonage.com"
"001F0000010dTRG","Carefusion Corporation","carefusion.com"
"001VK00000VKSYD","Unisys","unisys.com"
"0012A00002KJeh7","BDO USA, LLP","bdo.com"
"0013j000034t4Gx","Clio","clio.me"
"001F0000010dTWE","Expeditors","expeditors.com"
"0012A00002EHGqJ","Nordnet Bank","nordnetab.com"
"001F0000010dTby","KBR, Inc.","kbr.com"
"0013j00002mcOyb","Desenio AB","desenio.com"
"0013j00002ybVxm","Rebellion Defense","rebelliondefense.com"
"0013j00002me17X","Antidote Technologies","antidote.me"
"0013j00002bAHnK","Advanz Pharma","advanzpharma.com"
"0012A000021KEPy","TeamViewer","teamviewer.com"
"001F0000010dSjY","AbbVie","abbvie.com"
"0012A00002TYaun","Schott","schott.com"
"001F000000f5Sfi","Crate and Barrel","crateandbarrel.com"
"001F0000013uAUh","Beluga","vivino.com"
"0012A00002Bn0af","TriZetto","trizetto.com"
"001F000000og7ha","Dropbox","dropbox.com"
"0012A00002SmNqH","Webasto Group","webasto.com"
"001VK00000blbmw","Florida State College at Jacksonville","fscj.edu"
"0013j00003ALmO6","Testa Home","testaresidencial.com"
"0012A00002YLpPp","Elvie/ One Willow","elvie.com"
"0013j00002ycLA4","Bupa Australia & New Zealand","bupa.com"
"001F000001mcc4l","AVEVA","aveva.com"
"0013j000031uLei","Nationwide","nationwide.com"
"0013j00003AMRFs","Lower Manhattan Development Corporation","renewnyc.com"
"0013j00002mbgGm","Mibelle Group","mibellegroup.com"
"001F0000010dTdZ","Love's Travel Stops","loves.com"
"0012A00002SBMxw","Scout24 Group","scout24.com"
"0013j000031w1Iv","bolttech","bolttech.io"
"0012A00002TW05O","Aura Corp","auracorp.com"
"001F0000010dTUU","Dentsply Sirona","dentsplysirona.com"
"0013j00002mcV9X","Vitrolife","vitrolife.com"
"0013j00003ALmJc","A+A Strategy","aa.com.sa"
"0013j00002mbteW","California Department of Public Health","cdph.ca.gov"
"0013j00002mc8ld","NC Department of Health and Human Services","ncdhhs.gov"
"001VK00000ZUkHN","inoviaIP","bitly.com"
"0013j00002ycM6f","Switzerland Tourism","stnet.ch"
"0013j00002yZMnU","Orbis International","orbis.org"
"001F000001dtXwI","worldline","worldline.com"
"001VK00000QAGED","Fever","fever.energy"
"001F0000010dT8Q","Charles River Laboratories","criver.com"
"001F000000o0KIi","Humana","humana.com"
"001F000001GMcYf","Blockchain.com","blockchain.com"
"0013j00002yc1uh","OneMed Sverige","onemed.com"
"0012A000021L8TJ","Nearpod","nearpod.com"
"001F0000017GN1a","Databricks","databricks.com"
"001VK00000BYqpP","Movestic","movestic.se"
"001VK00000c7Zw3","ADAPT Localization Services GmbH","adapt-localization.com"
"001F000001EQp69","Adjust","adjust.com"
"001F0000010dTj3","Pricesmart","pricesmart.com"
"001VK00000fSPtV","Eagle County","eaglecounty.us"
"001VK0000055fPw","Meyers","meyers.dk"
"001VK00000348Z6","INTERSPORT Group","intersport.com"
"001F0000010dTQc","Bright Horizons","brighthorizons.com"
"001F0000010dTSH","The Cincinnati Insurance Companies","cinfin.com"
"0012A000021JYKg","CM Group","cmtelecom.com"
"0013j00002cTUrm","European Central Bank","ecb.europa.eu"
"0012A00002Esp4W","MOL","molgroup.info"
"001F0000017GMka","Cepheid","cepheid.com"
"0012A00002Bmn4R","VTS","vts.com"
"001VK000008miGf","UCB Pharma","ucb.com"
"001F0000010dTNI","Altair","altair.com"
"0013j000037iMHp","PFG Milton's","pfgmiltons.com"
"0012A00002XQPiv","Providence Health & Services","providence.org"
"001A000000ZQXjG","Target","target.com"
"0013j00002mdBBG","Demant A/S","demant.com"
"001F0000010fsUQ","HackerOne","hackerone.com"
"0013j00002ycKiH","Kontrapunkt","kontrapunkt.com"
"001VK00000VL4O0","Emerson","emerson.com"
"0012A000021IOk0","Convoy","convoy.com"
"001VK00000iFuTZ","Siemens Digital Industries Software","sw.siemens.com"
"0013j000034uCiY","Society Brands","societybrands.com"
"0013j00002mbkgH","Newfront","newfront.com"
"0013j00003GXtVU","copeland","copeland.com"
"001F000000gUjX9","Quora","quora.com"
"001VK00000WLOD6","Computacenter","computacenter.com"
"0012A00002TzrZe","Abcam","abcam.com"
"001F0000010dTfJ","Moog Inc.","moog.com"
"001VK00000bhG4L","Instapro Group","instapro.group"
"0013j00002mbkNo","NKT Photonics","nktphotonics.com"
"0013j00003JqdSH","Aylo","aylo.com"
"0012A00002Bn0ra","Conversica","conversica.com"
"0012A000021HoeP","Leesa Sleep","leesa.com"
"0013j00003ANKIx","Montreal Health Innovations Coordinating Center (MHICC)","mhicc.org"
"001VK00000BfVXl","HOLY FASHION GROUP","holyfashiongroup.com"
"0012A00002Bn0kH","Fonecta Ltd","fonecta.fi"
"0012A00002EvJlI","Trendyol","trendyol.com"
"0013j00002macre","miraDry, Inc.","miradry.com"
"001F000001N2Af0","Butterfly Network, Inc.","butterflynetwork.com"
"0012A00002apJJW","Warner Bros. Entertainment","timewarner.com"
"0013j00002me952","KCI Medical","kci.com"
"0013j00002cUMvP","Heiki Digital","iloq.com"
"001F0000010dTDO","Recorded Future","recordedfuture.com"
"0013j00002mcxLS","First Onsite Restoration LP","firstonsite.com"
"0013j00002md6Wm","Fluidra North America","fluidrausa.com"
"0013j00002yax2D","Signant Health","signanthealth.com"
"0012A00002Bn6ON","SCI Group Inc","sci.ca"
"001F0000010dTaA","Horace Mann Educators Corp","horacemann.com"
"001F000001DTeHr","Bozzuto Real Estate","bozzuto.com"
"001F0000010dToS","Teleflex","teleflex.com"
"001VK000007lhbD","SEK Svensk Elstandard","elstandard.se"
"001VK00000eAmVx","Aftenposten","aftenposten.no"
"0013j00003GUxQP","JustDice","justdice.io"
"0012A00002TW0B6","Planet","planet.com"
"0013j00003GVb5F","Encore","encoreglobal.com"
"0013j00003ANOqH","City of Rosenberg","rosenbergtx.gov"
"0013j00003AOnNE","Bottleneck Management","bottleneckmgmt.com"
"0013j00002yYyim","City of Round Rock, Texas","roundrocktexas.gov"
"0013j00003GWtv6","Podme","podme.com"
"0012A0000286Cvb","Dirk Rossmann GmbH","rossmann.de"
"001VK000005jrDr","Walmart Connect","walmartconnect.com"
"001VK00000348ZA","Mubea","mubea.com"
"001F000001N2AYc","SimpliSafe","simplisafe.com"
"001F0000012eGWG","Dexcom","dexcom.com"
"001F0000017GLti","AMSURG","amsurg.com"
"0013j00003GVAVO","Forma","joinforma.com"
"0012A00002UJFS5","Tyson Foods","tysonfoods.com"
"001VK00000FjWmJ","Click&Boat","clickandboat.com"
"001F0000010dTcX","Kroger","thekrogerco.com"
"0012A00002TzoQr","Timescale","timescale.com"
"001VK0000060IZG","Berkshire Hathaway HomeServices","bhhs.com"
"001F000000uEdsr","Acquia","acquia.com"
"0012A00002Bn6GU","GELITA","gelita.com"
"001F000001pKHvI","Rapha","rapha.cc"
"001F0000010dTZ7","Monster Energy","monsterenergy.com"
"0013j00002ybDAq","Apna","apna.co"
"001VK00000O7OJ8","ClinicalConnection, Inc","clinicalconnection.com"
"001F0000010dT5U","InVision","invisionapp.com"
"0012A00002TzsCe","Wintershall Dea","dea-group.com"
"0013j00003JpVFk","New Wave","nwg.se"
"0012A00002TzsOl","Tecnotree Corporation","tecnotree.com"
"001F0000010dTbi","Jewel-Osco","jewelosco.com"
"001F000001Fg261","Remind","remind.com"
"0012A000021KEAe","Huntington Ingalls Industries","hii.com"
"0012A00002AgXHQ","Lattice","lattice.com"
"001F000000lus7h","Stantec","stantec.com"
"001F000001rpw7X","SmartNews","smartnews.com"
"001A000000dGTVd","myYearbook.com","meetme.com"
"001F000000v7Vfo","Gett","gett.com"
"001F0000010dTRy","CHEMTURA ITALY SRL","chemtura.com"
"001VK00000TgiyQ","TTI Group","ttigroupna.com"
"0013j000034tIMY","Antylia Scientific","antylia.com"
"0013j00002mbsf9","Textron Systems","textronsystems.com"
"0012A00002YKTrD","Provenir","provenir.com"
"0012A00002Mlv0E","Acast","acast.com"
"001VK00000WMon0","Nexpring Health","nexpringhealth.com"
"0013j00003ANknz","Port of Port Townsend","portofpt.com"
"001VK00000Us73F","Transactionalgroup","transactionalgroup.com"
"001F0000017GMvH","Stitch Fix","stitchfix.com"
"0013j00002yatpq","Crowdz","crowdz.io"
"0013j00002cT8XH","Beisen","beisen.com"
"0013j00002yYyNA","Sacramento Municipal Utility District","smud.org"
"0013j00002cTsxk","Sofigate","sofigate.com"
"0013j00002bA0lh","Karl Storz Endoscopy","karlstorz.com"
"0013j00002yacH9","Zinzino","zinzinotest.com"
"001F000001pKHuk","Renishaw","renishaw.com"
"0013j00003ALmRT","STABILUS GmbH","stabilus.com"
"001VK00000ULwuP","Essity","essity.com"
"0013j00002ybbl9","Estrid","estrid.com"
"0012A000021K3mE","Etam","etam.fr"
"001F0000017GMWp","AtkinsRÈalis","atkinsrealis.com"
"0012A00002ZIjFS","NetOnNet","netonnet.se"
"001F000001jMZnL","BayWa AG","baywa.com"
"001F0000010dTnd","Sulzer","sulzer.com"
"0012A00002EvUFC","Coda","coda.io"
"001VK00000e9E1b","Innovo Research","innovoresearch.com"
"0012A00002BnVKX","Slice","slicelife.com"
"001F000000nEzu1","DS Smith","dssmith.com"
"0012A00002VGu8n","Plivo","plivo.com"
"0012A000021KEPr","Talkdesk","talkdesk.com"
"0013j000034uIPN","CoinLedger","coinledger.io"
"001VK00000H0blm","Abu Dhabi Government","abudhabi.gov.ae"
"0012A00002TzrUB","Experis","experis.com"
"0013j00003AMRGY","Lake County Office of Education","lakecoe.org"
"001VK00000fPDlq","Integrity Square","integritysq.com"
"001F0000017GMk6","MSX International","msxi.com"
"001VK00000RrTfR","Lovable","lovable.dev"
"0012A00002Bn6RP","Amundi","amundi.com"
"0013j00003GVWqu","Exclusive Networks","exclusive-networks.com"
"001F000001CL7ae","Zegna Group","zegna.com"
"001F000001HaMfe","Withings","withings.com"
"0012A00002XoNYD","Danish Air Transport","dat.dk"
"001F000000ra994","Deloitte","deloitte.com"
"001F000001Athmg","Air Canada","aircanada.com"
"001F0000010dTmg","The J.M. Smucker Co.","jmsmucker.com"
"001VK00000fI2YP","World Wide Loyalty System","2wls.com"
"001VK00000T3DVB","Lockerdome","decide.co"
"0012A00002LgldI","Isadora","isadora.com"
"0012A00002as2PS","Diamond Foundry","diamondfoundry.com"
"001F0000010dSqQ","Sprouts Farmers Market","sprouts.com"
"001VK00000D9PuB","MagellanTV","magellantv.com"
"0013j00002yc3Oh","Ajaib","ajaib.co.id"
"0013j00003AMrLZ","GMAC Insurance","ngic.com"
"0012A00002Et4iU","AssemblyAI","assemblyai.com"
"0012A00002Bn5xu","TOMRA","tomra.com"
"001F000000vYYtF","ACCO Brands","accobrands.com"
"001F000000zSNiV","Furniturebox AB","furniturebox.se"
"0012A00002HC3Ct","MediaWorld","mediaworld.it"
"0012A00002BnVDt","Crytek","crytek.com"
"001F0000010dTnz","Southwestern Energy Company Inc","swn.com"
"001F0000010dT8s","Luminex","us.diasorin.com"
"0013j00002bBnW7","Firefly Aerospace","fireflyspace.com"
"001F0000017GNEX","Dana-Farber Cancer Institute","dana-farber.org"
"0012A00002T74mB","youcanbook.me","youcanbook.me"
"0013j000031uLlH","UNFCU","unfcu.org"
"0012A00002Wxodw","Bitmovin","bitmovin.com"
"001F0000010dTmO","J.R. Simplot Company","simplot.com"
"0013j00002bAH1T","New York University","nyu.edu"
"001VK00000OYFq5","Integrated Inventory Solutions LLC","inxsql.com"
"001VK00000PH23s","Workwize","goworkwize.com"
"0013j00003ALmKT","Corza Health","corzahealth.com"
"0013j00002yZNiF","Bi-State Development","bistatedev.org"
"0013j00002me91t","Vendr","vendr.com"
"0013j00002mdAgp","ONE Gas","onegas.com"
"001F000000ja8BR","Memorial Sloan Kettering","mskcc.org"
"001VK00000eb6Qy","Agenda Hero","agendahero.com"
"001F0000010dTPM","Boise Cascade Company","bc.com"
"001F0000010dTVH","East West Bank","eastwestbank.com"
"0013j00002ybY1O","NYC Department of Sanitation (DSNY)","force.com"
"001VK00000DMouj","Farmasi","farmasi.com"
"001F000000p856z","BWT AG","bwt.com"
"0013j00002cTWiI","Kate Somerville Skincare (Unilever)","katesomerville.com"
"001VK000004gydU","VUGENE","vugene.com"
"0013j00002ya1pO","Xerago","xerago.com"
"001F000001BNzBO","Cabify","cabify.com"
"0012A00002Z1btU","GMC","gmc-corp.com"
"0012A00002Bn64H","Getronics","getronics.com"
"0013j00002yaXhp","Hapimag","hapimag.com"
"0012A00002TzI4C","Tata Technologies","tatatechnologies.com"
"0012A00001vZXHX","Alexander McQueen (Kering)","alexandermcqueen.com"
"0012A000021J44Q","SS&C Blue Prism","blueprism.com"
"0012A00002ZpJ47","Eclipse Foundation","eclipse.org"
"0013j000031uIXU","Tekla Fabrics","teklafabrics.com"
"001F0000010dTjJ","Parametric Technology","ptc.com"
"0013j00002yb0IU","Atera","atera.com"
"0013j000034tile","Mouseflow, Inc","mouseflow.com"
"0012A00002MLXws","T-Systems","t-systems.com"
"0013j00002mdx4t","Signal Messenger","signal.org"
"001F000000mXh9E","Marsh","marsh.com"
"001F000000nzIE2","Everpure (formerly Pure Storage)","purestorage.com"
"0012A00002TyQWV","ESL Gaming","eslgaming.com"
"0012A00002VAwnz","Rutgers University","rutgers.edu"
"0013j00003ALmNC","Rothmans, Benson & Hedges","rbhinc.ca"
"001F000000wZD3G","SonicWall","sonicwall.com"
"001VK00000GDQbN","Technische Universit?t Wien","tuwien.at"
"001F000000gTokc","GE","ge.com"
"0013j000034t3ic","Conga","conga.com"
"001F000000kftz8","Waste Management, Inc.","wm.com"
"0012A00002QuAQ6","Neogen Corporation","neogen.com"
"001F000000wY91r","Unilever","unilever.com"
"001F0000010dTgX","Northwestern Mutual","northwesternmutual.com"
"0012A00002Bn669","MAPEI Americas","mapei.com"
"0013j00002ybmmQ","Paxful","paxful.com"
"0012A00002BoZqH","GE Grid Solutions","gegridsolutions.com"
"0012A00002ZpJM7","FIT","fitnyc.edu"
"001F0000010dTh2","O-I","o-i.com"
"0013j00003GVFn1","Kaiko Clothing Company Oy","kaikoshop.com"
"0012A00002Y2E2Y","Aalto University","aalto.fi"
"0013j00002md15Q","Coinme","coinme.com"
"0012A00002Kth5c","Scidesign","scidesign.com"
"0013j00002mcwqS","Edco Eindhoven","edco.nl"
"0012A00002Bmn91","TalkingData","talkingdata.com"
"0013j00002ybKxF","Beta Technologies","beta.team"
"0012A00002NpiVX","Salling group","sallinggroup.com"
"001F0000010dTW8","Evonik","evonik.com"
"001F0000010dTMr","AkzoNobel","akzonobel.com"
"001F000000r3b2S","Maximus","maximus.com"
"001VK000004FbVR","CHS Inc.","chsinc.com"
"0013j00003ALmPp","Houlihan Lokey","hl.com"
"0013j00003ALzZE","Globacap","globacap.com"
"001F0000017GMXr","Usl Separate Account Usl Vl-R","agc.com"
"0013j00002mcecv","Workplace Options","workplaceoptions.com"
"001VK00000TYGPp","Standard Chartered Bank","sc.com"
"0013j00002cUPCb","HAVI","havi.com"
"001A000000PdSPt","IMVU","IMVU.com"
"001F000000nxnuh","Johnson Controls","johnsoncontrols.com"
"0012A00002Bn5wT","EG A/S","eg.dk"
"0013j00003ANKIv","Ciusss De Lle-De-Montral","ciusss-estmtl.gouv.qc.ca"
"0013j00003ALmPu","AAA","aaa.com"
"001F000001qFEtX","Air Liquide","airliquide.com"
"001F0000010dTp1","Total Wine & More","totalwine.com"
"0012A00002apE5y","Yabie","yabie.com"
"001F0000010dTGz","Tandem Diabetes Care","tandemdiabetes.com"
"001VK00000VNIon","Best Western Hotels & Resorts","bestwestern.com"
"001VK000009iCjV","DQS","dqsglobal.com"
"0013j000034sOSV","Spiir","spiir.dk"
"0012A000021J4Kl","Syncreon","synechron.com"
"0013j00003ANddp","City of Springfield, Massachusetts","springfield-ma.gov"
"001VK00000ZjplN","renewhome","renewhome.com"
"0012A00002AgfnU","Technogym","technogym.com"
"001VK00000enFjg","EDF power solutions UK and Ireland","edf-powersolutions.uk"
"001F000000vY5ec","SNAP Inc","snapinc.net"
"0013j00002mc9ZH","City of Wylie","wylietexas.gov"
"001VK0000060RCM","Home.Earth","home.earth"
"0013j00002mc971","City of Deerfield Beach","deerfield-beach.com"
"001VK000003xDfv","TAIYO YUDEN","yuden.co.jp"
"0012A00002AghQq","Mortgage Guaranty Insurance Corporation (MGIC)","mgic.com"
"001F000000g7djH","Splunk","splunk.com"
"001VK000007bG8G","Solventum","solventum.com"
"001VK00000R4xDJ","DieNo Games Oy","dienogames.com"
"0013j00002bBmaH","Firstvet","firstvet.com"
"0013j00003ALmOW","1C Publishing","1cpublishing.com"
"001A000000ZQM04","J.P. Morgan","jpmorganchase.com"
"0012A000021JYBe","Leica Biosystems","leicabiosystems.com"
"001F000000rxGEC","Perry Ellis","perryellis.com"
"001F000000joNWq","Urban Outfitters","urbanoutfitters.com"
"001VK00000BGJH2","Norconsult AB","norconsult.se"
"0013j00002mdxMN","Nexus Group","nexusgroup.com"
"0012A00002Z1anF","Root Insurance","joinroot.com"
"0013j00002mdmSJ","Atos Consulting","atos.net"
"0013j00003ALmPl","Gordon Murray Automotive Limited","gordonmurrayautomotive.com"
"0013j00002mdjqt","ImmunityBio","immunitybio.com"
"001F0000010dTqV","Peak Resorts","vailresorts.com"
"0012A00002Qu25b","LS Retail","lsretail.com"
"0012A00001rIOzc","Indiska","indiska.com"
"001VK00000eIskY","Horse Powertrain","horse-powertrain.com"
"0012A00002EvJTz","Getinge","getinge.com"
"0012A00002UGpYC","Dentsu Aegis Network Denmark","dentsuaegisnetwork.dk"
"0012A00002836Dg","Leica Camera AG","francois-filandre.com"
"001VK00000eAmVv","Vaasan kaupunki - Vasa stad - City of Vaasa","vaasa.fi"
"001VK000002Bldf","Ford Motor Credit Corp (FMCC)","fordcredit.com"
"001F000000sgudk","Rimini Street","riministreet.com"
"001A000000Xfpms","Riot Games","riotgames.com"
"0013j00003JqGy1","Kellanova","kellanova.com"
"001F000001ERlAm","Typeform","typeform.com"
"0012A00001vaUv6","Avaloq","avaloq.com"
"0012A00002ZpJIx","Texas Christian University","tcu.edu"
"0013j00003ALeUY","Sentry.io","sentry.io"
"001F000001CuFG3","One World Observatory","oneworldobservatory.com"
"0012A000021Ihqx","Grote Industries","grote.com"
"0013j00003GV41p","BioMarin Pharmaceutical Inc.","biomarin.com"
"001F0000014rYOk","Construction Specialties","c-sgroup.com"
"0012A00002ZpKKe","Modus Create","moduscreate.com"
"0013j000031uLkU","Delek US Holdings","delekus.com"
"0013j00002yb0Q4","Solo.io","solo.io"
"001F0000017GMxn","SmartRecruiters","smartrecruiters.com"
"0013j000037iLzu","Alfa Insurance","alfainsurance.com"
"0012A00002EstAi","Kesko - K-Group","kesko.fi"
"0012A00002ZoWV1","GfK - An NIQ Company","gfk.com"
"001VK000005PqvM","Consider This Agency","considerthis.dk"
"001F0000010dTgB","Newpage Corporation","newpagecorp.com"
"0013j00002ybybl","Johnson Health Tech North America","johnsonhealthtech.com"
"0013j00003JrG7m","Nord Health","nordhealth.com"
"0013j00002mcBZl","PsiQuantum","psiquantum.com"
"001F0000017GMZW","Conair LLC","conair.com"
"001F0000017GMdX","AllSaints","allsaints.com"
"0012A00002TYauH","UNHCR","unhcr.org"
"001F000001jMgR1","Geely","geely.com"
"001VK000002pHe0","Henkel AG & Co. KGaA","henkel.de"
"001F0000017GMiq","Sun Communities","suncommunities.com"
"0012A00002XRLgv","TomTom","tomtom.com"
"001F0000017GN5d","Cantaloupe","cantaloupe.com"
"0013j00002mc8lZ","Travis County","traviscountytx.gov"
"0013j00002yawuB","InRiver","inriver.com"
"0013j00002mbctM","Public","public.com"
"0012A0000284FHJ","Vorwerk","vorwerk.com"
"001F000001tff7E","GANT","gant.com"
"0012A00001vZXIQ","CELINE (LVMH)","celine.com"
"001A000000RKBFN","Coldwell Banker","coldwellbanker.com"
"0013j00002ybOjO","Electrolux Group","electroluxgroup.com"
"001F000001qEm0w","MOO","moo.com"
"0013j000037iNbV","Inditex (Zara)","itx.to"
"0012A00002armXN","Taconic Biosciences","taconic.com"
"001VK00000BpPhD","Brand Bastion","brandbastion.com"
"001F000001rpuVy","FFW","ffw.com"
"0012A00002Bn6GG","Simon-Kucher & Partners","simon-kucher.com"
"001VK00000Ug8pi","Brewer Science","brewerscience.com"
"0013j00002cUEtE","Hawaya","harmonica.life"
"001F000000j7Ex1","Meredith Corporation","dotdashmeredith.com"
"0013j00003ALmKB","Bucher Industries","bucherindustries.com"
"001F000000ucr9Y","GetYourGuide","getyourguide.com"
"0012A000021K3lA","Deswik","deswik.com"
"0012A00002U0vY4","Cloudinary","cloudinary.com"
"001A000000aGXlu","Flexera","flexera.com"
"001F000001rp1w1","GOGOX","gogox.com"
"001F000000vYZX5","Tennant Company","tennantco.com"
"001VK00000PTsV5","Dom & Tom","domandtom.com"
"001VK00000VNKip","Yum! Brands","yum.com"
"0013j00002ybIBe","Nice Healthcare","nice.healthcare"
"0013j000037iTxg","HRH","shophrh.co"
"001A000000aFcpo","National Geographic","nationalgeographic.com"
"001F000001jMgQI","Telenor","telenor.com"
"001VK00000XF314","Bito","bito.ai"
"001F000001jMeDn","Smurfit Kappa","smurfitkappa.com"
"0012A00002aUyYL","International Federation of Red Cross and Red Crescent Societies","ifrc.org"
"001F000001pJBwC","What3words","what3words.com"
"001A000000aFPkj","OpenText","opentext.com"
"0012A000021IC1v","Aircall","aircall.io"
"001F000000xORnF","Shopbop","shopbop.com"
"0012A00002Bn66O","Maxon Motor","maxongroup.com"
"001F000001N2Afc","DataCore","datacore.com"
"001F0000017GMsB","Aras","aras.com"
"0013j00003ANOnS","Livingston Educational Service Agency","livingstonesa.org"
"001F0000017GN2v","AliveCor","alivecor.com"
"0013j00003AMRGF","Texas Education Agency","tea.texas.gov"
"001F000001W9g1i","Richemont","richemont.com"
"0013j00002yapjQ","Trelleborg Group","trelleborg.com"
"001F000000ifqcq","Genesys","genesys.com"
"0013j00003ANSLD","ACT Commodities Group BV","actcommodities.com"
"0013j00002yc41s","BotSupply","botsupply.ai"
"0012A00002ZpKMr","Snapdocs","snapdocs.com"
"0012A000021IOk4","Shift Technology","shift-technology.com"
"001F0000010dTJ4","Veracode","veracode.com"
"0012A00002ZpJXM","Saint Paul Public Schools","spps.org"
"0012A00002ZpL8N","Activision Blizzard","activisionblizzard.com"
"001VK00000i0JUL","Italo ? Nuovo Trasporto Viaggiatori","italospa.italotreno.it"
"0012A00002Nqa4T","Everlaw","everlaw.com"
"0013j000031w6UV","Aleo","aleo.org"
"001A000000XeD4b","Hulu","hulu.com"
"001F0000017GM1h","Hudson's Bay Company","hbc.com"
"001VK000002pGu9","Hilti Deutschland","hilti.de"
"0012A00002WY0PW","LifePlus","lifeplus.com"
"0012A00002KLf1d","Clariness","clariness.com"
"001VK00000V6DqZ","Schroders","schroders.com"
"0013j00002mc9JL","Hudson River Park Trust","hudsonriverpark.org"
"0012A00002TyQEb","Toptal","toptal.com"
"001VK00000V7CY2","VMWare","vmware.com"
"0013j00002mc7O5","Kemppi","kemppi.com"
"0012A00002Botqj","Alation","alation.com"
"0012A00002UFc63","SpaceX","spacex.com"
"0012A00002HBmxn","Bill & Melinda Gates Foundation","gatesfoundation.org"
"001A000000aER6U","Lime Light Power","limelight.com"
"001F0000010dTdg","The Lubrizol Corporation","lubrizol.com"
"0013j00002cUPDA","PALFINGER AG","palfinger.com"
"0013j00002mc8lB","Florida Department of Business and Professional Regulation","myfloridalicense.com"
"0013j00002yaEPv","LeewayHertz","leewayhertz.com"
"0013j00002ybe57","Cars24","cars24.com"
"0013j000034t32I","A5 Labs","a5labs.co"
"0013j00003GYurm","Burger KingÆ","burgerking.com.do"
"001F000001AuRi9","Outdoor Supply Hardware","osh.com"
"001F0000010dTN1","Alex Lee, Inc.","alexlee.com"
"0013j00002cSqtY","MarginEdge","marginedge.com"
"001A000000aFUcj","Ansys","ansys.com"
"0012A00002Z1axB","United States Senate","senate.gov"
"0012A00001vZl1Z","Toyo Rubber & Tire Co.","toyotires-global.com"
"0013j00002mdwwG","Currency.com","currency.com"
"001VK00000V9HpQ","CSC","cscglobal.com"
"0013j00002yZNJs","Extend","extend.com"
"001VK00000g8QgK","Liz Roche","lizrochecompany.com"
"001F0000010dTSh","CNH Industrial","cnhindustrial.com"
"001VK000006Mdh1","iFOREX","iforex.in"
"001VK00000erYnk","PureWrx","purewrx.com"
"0012A00002HCzBu","Babyshop Group","babyshop.com"
"001VK00000WxTGT","Splitwise","splitwise.com"
"001VK00000kI5LL","EliseAI","eliseai.com"
"001F000000s0m6Y","Prologis","prologis.com"
"001VK00000fVnL1","gruns","gruns.co"
"001VK000002CT9x","SACMI","sacmi.com"
"0013j000034rkU7","onsemi","onsemi.com"
"001VK00000VALWC","Coach","coach.com"
"0012A00002RjLuI","0x","0x.org"
"0012A00002TYav3","Vattenfall","vattenfall.com"
"001VK00000eEQDL","Dongfeng Motor Company Limited","dongfeng-global.com"
"001A000000Zg2Ys","ACN","acneuro.com"
"001F000000rzlH9","iRobot","irobot.com"
"0013j00002cTikY","Tidio","tidio.com"
"0013j00002ycKMQ","Formuepleje","formuepleje.dk"
"0013j00002ybY3d","Mercato","mercato.com"
"001F0000010dTFw","Sonos, Inc","sonos.com"
"0013j00002yc2D2","Avonova - Sverige","avonova.se"
"001A000000YNcAi","eBay","ebayinc.com"
"0013j00002yYusa","Finom","finom.co"
"0012A00002RML34","Anytime Fitness","anytimefitness.com"
"0012A00002KtC1W","LocalTapiola","lahitapiola.fi"
"001F000001N3IVq","Exact","exact.com"
"0013j00002cTt8x","Bosch Engineering","bosch-engineering.de"
"0013j00002cUIOc","Barco","barco.com"
"001F000001o3J11","Volvo Truck","volvotrucks.com"
"0013j00003GVDsd","RelateIT","relateit.dk"
"0012A00002Sorew","ThreadResearch","threadresearch.com"
"001VK00000fcUn3","Mustela In-House Agency","mustelausa.com"
"0012A00002Bn6Um","Ework Group","eworkgroup.com"
"001A000000YNr7d","Sysco","sysco.com"
"001A000000coasA","Zoosk Inc.","zoosk.com"
"001F0000010dTZL","Haworth","haworth.com"
"0013j00002yYygN","Royal Canadian Mint","mint.ca"
"001F0000010dSto","AppDirect","appdirect.com"
"0013j000037iMdM","Berkshire Hathaway Automotive","berkshirehathawayautomotive.com"
"001A000000d6xTT","Zoho","zoho.com"
"001VK00000ek85F","hoa-sales.com","hoa-sales.com"
"001F0000010dTDX","Turo","turo.com"
"001F0000010dSkp","Atara Biotherapeutics","atarabio.com"
"001F000000t2KBv","KKR","kkr.com"
"0013j00002ybWZJ","MahiGaming","mahigaming.com"
"001VK00000dLrDw","MIDDLE RIO GRANDE CONSERVANCY DISTRICT","mrgcd.com"
"001F0000017GMho","Allison Transmission","allisontransmission.com"
"0012A000021J46D","Comdata","comdata.com"
"0013j00002mc8wu","CHI Franciscan Health","chifranciscan.org"
"0012A00002T7huz","Hygraph","hygraph.com"
"001F000000o0KCe","Sonoco","sonoco.com"
"0012A000021KFvX","Pocket Gems","pocketgems.com"
"001F0000010dTRh","CEMEX","cemex.com"
"0013j00002yYyir","Williamson County and Cities Health District","wcchd.org"
"0013j00003ALmL3","GLOBAL CYBER ALLIANCE","globalcyberalliance.org"
"0013j00002bBxqO","Legal & General","lgim.com"
"0013j00002mc96l","Florida Division of Emergency Management","floridadisaster.org"
"001F000000uE16f","California Pizza Kitchen","cpk.com"
"0012A00002ZpJ4M","Webflow","webflow.com"
"001F000001DTDtV","ZipRecruiter","ziprecruiter.com"
"0013j000031u8DR","EPOS Audio","eposaudio.com"
"001F0000017GM57","Belcan","belcan.com"
"001VK00000fGTL4","ITESM Campus Monterrey","itesm.mx"
"001F000001ll9aG","OYO Rooms","oyorooms.com"
"001VK00000R6r3i","Tubman AB","tubman.se"
"001F000001N2G0T","Pernod Ricard","pernod-ricard.com"
"0013j000031uUzP","King Soopers/City Market","kingsoopers.com"
"0012A00002XQPmn","Patelco Credit Union","patelco.org"
"001F0000010dTqP","Luxottica","luxottica.com"
"001F0000010dSoH","New Relic","newrelic.com"
"001F0000011pGxt","True Fit","truefit.com"
"001A000000XeHaF","Newegg","newegg.com"
"0013j00002cUIfE","Lincoln Financial Group","lincolnfinancial.com"
"001F000001teC2v","Strabag","strabag.com"
"0013j00002mc8pq","City of Berkeley","cityofberkeley.info"
"0012A000021HqdM","2ndhandin.net","2ndhandin.net"
"001VK00000kFSMW","SAP (SLS)","en.wikipedia.org"
"0012A0000285Pwu","Desigual","desigual.com"
"0012A00002aqA1f","Kajabi","kajabi.com"
"0013j000034uD5a","G&K Services","cintas.com"
"0013j00002ybdUQ","Etac Group","etac.com"
"0013j00002cRWIy","Morning Consult","morningconsult.com"
"0012A00002aGmhS","SEI Investments","investopedia.com"
"001F0000017GMGU","Landis+Gyr","landisgyr.com"
"0012A00002ZpKZm","San Diego Metropolitan Transit System","sdmts.com"
"001A000000YzdDO","American Express","americanexpress.com"
"001VK00000V9Mdo","Fluke Corporation","fluke.com"
"0013j00002mcboT","ITAB Group","itab.com"
"001VK0000021Gyz","Tilastokeskus - Statistics Finland","stat.fi"
"0012A00002Bn5xQ","Berner","berner.fi"
"0012A00002QsDIp","Exela Technologies","exelatech.com"
"001F0000010dTOM","Asbury Automotive Group, Inc.","asburyauto.com"
"001VK000003st8M","Attorney General Virginia","oag.state.va.us"
"001VK000006k1yr","SJ1903 | Skovgaard Jensen 1903","skovgaardjensen1903.dk"
"001VK000006Bfdv","T-Systems Austria","t-systems.jobs"
"001F000000vYZhV","Zebra Technologies","zebra.com"
"0013j00003AMruP","Covalent Networks","covalentnetworks.com"
"0013j000037iMsa","Too Good to Go","toogoodtogo.org"
"001VK00000cs8Vm","Vetmarket","vetmarket.co.il"
"0012A00002Bn6G2","Chantelle Group","groupechantelle.com"
"0013j00002cTtRL","Trackunit","trackunit.com"
"0013j00003ALmPk","Global G.L.O.W.","globalgirlsglow.org"
"001F000000v3xdG","OneLogin by One Identity","onelogin.com"
"001F000001qOwy1","Kao Corporation","kao.com"
"001F000000n5USI","Accuray","accuray.com"
"001VK000006kHwX","Tjena","tjena.io"
"0012A000021HYm9","Enseo","enseo.com"
"001F0000017GMlz","Excelitas Technologies Corp.","excelitas.com"
"001VK00000kHK9g","Texas Southern University","tsu.edu"
"001VK00000Rw39F","McCain Foods Canada","mccain.com"
"001F0000017GM0v","CONMED Corporation","conmed.com"
"001F000000p8WQN","Planview, Inc.","planview.com"
"0012A00002TzrAA","CEA","cea.fr"
"0012A00002Bn68N","Euronews","euronews.com"
"001F000000yFYzH","Steel Partners Holdings","igo.com"
"001F000000ueN6g","State of New York","ny.gov"
"0013j00003AMuWI","Enact Mortgage Insurance","enactmi.com"
"001F0000010dTXx","General Dynamics Information Technology, Inc.","gdit.com"
"0012A00002LVKMB","AuditBoard","auditboard.com"
"0013j00003ALmJu","Azora Capital LP","azoracapital.com"
"001VK00000hbzzw","Matador Network","matadornetwork.com"
"001F0000010dTPX","B/E Aerospace","beaerospace.com"
"0012A00002Bn6LO","Schoeller Allibert Limited","schoellerallibert.com"
"001VK000005RLki","Primal State Performance","primal-state.de"
"001A000000dGIUc","Akamai Technologies","akamai.com"
"001A000000aFVyU","Skillsoft","skillsoft.com"
"001VK00000UJDiH","Strada","stradaglobal.com"
"0013j00003GW1Re","Agile Mile","agilemile.com"
"001F000000udSCV","L Brands, Inc.","lb.com"
"001F0000010dTMg","AGCO Corporation","agcocorp.com"
"001VK00000bh3IN","Flutter Entertainment Plc","flutter.com"
"0013j00002bAH34","Kingsborough Community College","cuny.edu"
"001VK00000TX4cA","U.S. Bank","usbank.com"
"0013j000037iKrI","Risk Management Solutions","rms.com"
"001F000000mEqEB","Align Technology","aligntech.com"
"001F000001OcGoc","On AG","on.com"
"0013j00002bALYy","Great American Insurance Group","greatamericaninsurancegroup.com"
"001F000000rasWE","ARM","arm.com"
"001F0000010dTNu","Amtrust Financial Services","amtrustgroup.com"
"0012A00002ZFrzT","360Learning","360learning.com"
"0013j00002yay7f","Layerise","layerise.com"
"0012A00002Z1aLr","Sprig","sprig.com"
"001VK00000fYyNF","GARO","garo.se"
"001F000001W9fw9","Qatar Airways","qatarairways.com"
"0012A000021IYYv","Brand USA","thebrandusa.com"
"0013j00002mdAWu","ExecuPharm","execupharm.com"
"0013j000031uLk6","Ralphs Grocery Company","ralphs.com"
"0013j00002yatji","Monogram Biosciences, Inc.","monogrambio.com"
"001VK00000F4r59","ACA WSO","acawso.org"
"001F0000014oePD","Windsor, Inc.","windsorstore.com"
"0012A00002MNROw","OpenClassrooms","openclassrooms.com"
"001F0000010dTad","IDEX","idexcorp.com"
"0013j00003ANOpQ","County of Bucks","bcrda.com"
"001F0000017GMcW","SECURA Insurance","secura.net"
"001F0000017GMBC","Compassion International","compassion.com"
"001F0000012HAw1","Blackline","blackline.com"
"001F000000z8Y7s","Duda","dudamobile.com"
"001F000000f3Hf0","Kodak","kodak.com"
"0012A00002ZpJWA","Cloud Academy","cloudacademy.com"
"0013j000031w1MQ","Solidus Labs","soliduslabs.com"
"0012A0000283Tgf","Glaston Corporation","glaston.net"
"001A000000e6ckM","Google","about.google"
"0013j00002yal31","Flexjet","flexjet.com"
"0012A00002SBhtz","Genelec","genelec.com"
"001VK00000g0G4c","Distant Lands Coffee","dlcoffee.com"
"001VK000002BfMz","Nestlé Group","nestle.com"
"0012A000021J4Kn","Sysmex America, Inc.","sysmex.com"
"0013j00002mc8zL","City of South Bend","southbendin.gov"
"0013j00002bALW0","Transamerica","ta-retirement.com"
"0012A00002Bndl9","Heetch","heetch.com"
"0012A00002AghRL","Forvis Mazars","forvismazars.us"
"0013j00002bAKuX","KYB","kyb.com"
"0013j00002yZ4A2","Cointelegraph","cointelegraph.com"
"001VK00000Ej1pV","PartyGaming (Entain)","entaincareers.com"
"0013j00003GVCKS","Cyncly","cyncly.com"
"0013j000037iQoC","United American Insurance Company","unitedamerican.com"
"001F000001N11CR","Von Roll","vonroll.com"
"0013j00003ANKIu","Government of QuÈbec","santemonteregie.qc.ca"
"0013j00003AMQzz","Lake County Tax Collector","laketax.com"
"001VK00000D8Lix","Capital Group","capitalgroup.com"
"0012A00002UJ3Xx","Gain Capital Group, LLC","gaincapital.com"
"0012A00002ZpIgg","Star One Credit Union","starone.org"
"0013j00002bCEVY","Triller","trillercorp.com"
"0013j00002mdxMQ","BONESUPPORT","bonesupport.com"
"0012A00002ML8KN","Pierce Group - Riders in Ecommerce","piercegroup.com"
"001F000001jMBVn","Carhartt","carhartt.com"
"0013j00002mbvbP","Truepill","truepill.com"
"0013j00002ybyF1","Guess Europe Sagl","guess.eu"
"0013j00002cTBSL","Atea Danmark","atea.dk"
"001VK000007vsvx","Findify by Maropost","findify.io"
"0012A00002Z2YUi","Notarize","notarize.com"
"001VK00000gvQYf","Ancilla Systems","ancilla.org"
"0013j00003GVJy1","Paradigm Strategy Inc.","paradigmiq.com"
"0012A00002WyPWZ","Grupo ClarÌn","grupoclarin.com"
"001VK00000jISdT","byupw","byupw.edu"
"001F0000010dTs8","WPP Group","wpp.com"
"001F0000010dTSX","iHeartMedia","iheartmedia.com"
"0013j000034tj3P","Dawn Health","dawnhealth.com"
"0013j00003JqLEv","bldr.com","bldr.com"
"001F0000010dTgk","Nucor Corporation","nucor.com"
"001F0000017GMr6","Re/Max Consultant Group","join.remax.com"
"0013j00002mbgrg","Ambientia","ambientia.fi"
"001F0000012e76Y","EdX","edx.org"
"0013j00002yYtxT","Public Health Agency of Canada","phac-aspc.gc.ca"
"0013j00002yaGIa","Pixelogic Media","pixelogicmedia.com"
"0013j00002cTNqR","Beautycounter","beautycounter.com"
"001F000001jMZge","Alfa Laval","alfalaval.com"
"001F0000010dTlW","Scansource","scansource.com"
"001F0000017GMIB","Volvo Cars","volvocars.com"
"001VK000003gdzy","TEAM International","teaminternational.com"
"001F000000nG7uk","Rockwell Automation","rockwellautomation.com"
"001F000000j7F1P","ASICS Corporation","asics.com"
"0012A00002OH8Dm","Afterpay Touch","afterpay.com"
"001F000000vY5cb","Celanese","celanese.com"
"001VK00000ct9hY","Anyword","anyword.com"
"0013j000031uaPd","Flipside Crypto","flipsidecrypto.xyz"
"0013j00002yattA","dbt Labs","getdbt.com"
"0013j00002ybpwr","Lukka","lukka.tech"
"0012A00002VGtU6","Mixmax","mixmax.com"
"001F0000010dThI","ONEOK","oneok.com"
"0013j00002cTWm6","Multiverse","whitehat.org.uk"
"0013j00003GV14X","Believe","believe.com"
"0012A00002IhNCz","@properties","atproperties.com"
"001VK00000ZCi19","Redcar","redcar.io"
"0012A00002BmnEu","Condeco","condecosoftware.com"
"001VK00000EshZQ","Entrupy","entrupy.com"
"0012A00002ZpInP","WAGO","wago.com"
"0012A00002Bn6Dg","Hypertherm Associates","hyperthermassociates.com"
"0012A00002Ew4q3","Flaregames","flaregames.com"
"001F0000010dTMF","Acuity Brands","acuitybrands.com"
"001VK00000f5fT8","Neuroendocrine Tumor Research Foundation","netrf.org"
"0013j000034tY7l","JOKR","jokr.com"
"0013j00002mdrkD","Flashfood","flashfood.com"
"0012A0000283TTu","Kramp","kramp.com"
"001F000000nGtZX","Copart","copart.com"
"0013j000034rRWL","KPMG","kpmg.com"
"001F000001o12rE","GoFundMe","gofundme.com"
"001A000000ZQMAm","Barnes and Noble","barnesandnobleinc.com"
"001F000001qEm0l","IDC","idc.com"
"001VK00000OBKs2","Vantive","vantive.com"
"0013j00003ALmPm","GUDEL GROUP","gudel.com"
"001VK00000RPeCP","Barcelo Hotel Group","barcelo.com"
"0013j00002cTVFV","OECD","oecd.org"
"0012A00002V900p","Juniper Square","junipersquare.com"
"001VK000007fZxg","KYOCERA Fineceramics Europe GmbH","kyocera-solutions.de"
"0012A00002OH8QU","LFV","lfv.se"
"001F0000010dTGx","Talend","talend.com"
"001VK00000R6EVP","Reflector Oy","reflector.fi"
"0013j00002yb33N","GRIID","griid.com"
"0013j000037iQmx","Galenica AB","galenica.se"
"0012A00002EtLDh","Dubai Airport Freezone","dafz.ae"
"0012A000021IXUZ","Ascential (now part of Informa)","ascential.com"
"001VK00000RJNRK","Byggfakta Group","byggfaktagroup.com"
"0012A00002Bn0pk","Combitech AB","combitech.se"
"001F0000010dTOf","Aecom","aecom.com"
"0013j00002yZ3Gt","Thyssenkrupp Home Solutions","thyssenkrupp.com"
"001F0000010dT8c","MuleSoft","mulesoft.com"
"0013j00002md7OX","Blue Cross and Blue Shield of North Carolina","bluecrossnc.com"
"001VK00000gtzCL","Provide A Ride","providearide.com"
"0013j00003ALmJt","AutoCruitment","autocruitment.com"
"001F000001f0jQI","Quizlet","quizlet.com"
"0012A00002QrcQF","Citec","citec.com"
"0013j00002yb1ZM","Chime Central","chimecentral.org"
"0013j00003AMJGw","Axis Communications","axis.com"
"001VK00000jgotK","Arrowhead Game Studios","arrowheadgamestudios.com"
"001F0000017GM9Z","Adtran","adtran.com"
"0013j00003ANOpz","City of Nassau Bay","nassaubay.com"
"001F000001CMTTX","Plated","plated.com"
"0013j000034t6TB","Generate Biomedicines","generatebiomedicines.com"
"001F000001jMa5y","Ferrovial","ferrovial.com"
"0013j00002yc0NZ","Wemakeprice","wemakeprice.com"
"001F0000010dTZj","Hertz","hertz.com"
"001VK00000VG8RD","Paramount","paramount.com"
"001F0000010dTbS","Jabil","jabil.com"
"001VK00000ijVxk","Yancoal Australia Ltd","yancoal.com.au"
"0012A00002Z1cTj","University of Central Florida","ucf.edu"
"0012A00002UHg93","Niagara Frontier Transportation Authority","nfta.com"
"001F0000017GMK4","Movado Group","movadogroup.com"
"0013j000034uIuD","Crawford & Company","crawco.com"
"0012A00002Y4NGV","SiFive","sifive.com"
"001VK000000WcTd","Constellation","constellationenergy.com"
"0013j00002yYuGG","Orca Bio","orcabio.com"
"0012A00002Z1bWX","Press Ganey Associates","pressganey.com"
"001F000001qE3pw","Toast","toasttab.com"
"001VK00000exiCW","Wellspring Worldwide","wellspring.com"
"0012A00002EHfK1","Leica Microsystems","leica-microsystems.com"
"0013j00002ycAPH","Viacom","viacom.com"
"001VK00000cCic5","Space TMS Limited","spacetms.com"
"0012A00002Bn6Ti","Jungheinrich","jungheinrich.com"
"0013j000037iMGH","CBS Television Distribution","cbstvd.com"
"001VK00000TvQBZ","Emakina","emakina.se"
"001VK00000e8qs1","whering","whering.co.uk"
"0012A00002Z1bya","Enterprise Car Sales","enterprisecarsales.com"
"0013j000034t2xn","Fazer","urafazerilla.fi"
"0013j00002md1Xi","Fireblocks","fireblocks.com"
"0012A00002apJEb","Schneider Electric","se.com"
"001VK00000cs0Bh","QSIC","getqsic.com"
"001VK00000jgJAn","GeoGuessr","geoguessr.com"
"0012A00002Vvfl9","Norton Rose Fulbright","nortonrosefulbright.com"
"001F0000017GM5W","Tenaris","tenaris.com"
"0012A00002TW51T","Statkraft","statkraft.com"
"001VK00000O6npp","MERIT","meritbeauty.com"
"0013j00003ALmK6","Bluefors","bluefors.com"
"001F000001pKHuN","Britvic Brasil","britvic.com"
"0013j00003GWqvg","SketchUp","sketchup.com"
"0013j00002yc3FL","Pennylane","pennylane.tech"
"001F000001aZ521","Costa Coffee","costa.co.uk"
"0013j00003GVH84","Movate","movate.com"
"001VK00000VKSYL","Kronos Incorporated","kronos.com"
"0013j000037iOjJ","Lux Research","luxresearchinc.com"
"0013j00003GVF9D","ACON","acon24.com"
"001VK00000f2YSb","Connoisseur Media","connoisseurmedia.com"
"001F0000011oatj","Debenhams","debenhams.com"
"001A000000O9NWp","Strava","strava.com"
"0012A00002Y5Kbo","Carro","carro.co"
"001VK000003st8I","Attorney General Ohio","ohioattorneygeneral.gov"
"0012A00002KtC13","Brighthouse Financial","brighthousefinancial.com"
"0013j00003ALbNO","Provenance Blockchain","provenance.io"
"001F0000010dTTd","Crown Equipment Corporation","crown.com"
"001F000000iCAQT","ESI Group","esi-group.com"
"001VK000006l3yH","VAIRKKO","vairkko.com"
"0012A00002ZpJ9S","Mount Sinai Health System","mountsinai.org"
"0013j00002ybukO","Precis","precisdigital.com"
"001F000000t2wCs","Heroku","heroku.com"
"001VK00000guED1","Clarus RCM","clarusrcm.com"
"001F000000wZdXU","Wakefern Food Corp","www2.wakefern.com"
"0013j00002mcIC3","State of New Mexico","newmexico.gov"
"0012A00002Rj2f3","Gemini","gemini.com"
"001VK00000Tl5X7","Caspeco","caspeco.se"
"0012A0000285ne8","Kollective","kollective.com"
"001F000001pLNMd","Nustay","nustay.com"
"0013j000031uNVw","Epsilon Data Management LLC","epsilon.com"
"0012A00002TXnp7","BlockFi","blockfi.com"
"0013j00002yax3h","Lobyco","lobyco.com"
"0013j00003ANWTT","Burris Logistics","burrislogistics.com"
"001F0000017GM8N","LHC Group","lhcgroup.com"
"001VK00000VD1XX","DHL","dhl.com"
"0013j00003JoXnf","Eldeco","eldecoinc.com"
"0013j00002cReBF","MediaValet","mediavalet.com"
"001F000000f2TmP","See's Candies","sees.com"
"001VK00000kGDGn","Playmakers Media","playmakersmedia.co.uk"
"0012A000021JYLQ","Etex Building Performance","etexgroup.com"
"0012A00002QsTjN","COWI","cowi.com"
"0013j00002cUPB4","The Heineken Company","theheinekencompany.com"
"001F0000010dTaL","Mercer","mercer.com"
"0013j00002meOem","The Pew Charitable Trusts","pewtrusts.org"
"001F0000010dTQN","Booz Allen Hamilton","boozallen.com"
"001VK00000VSOFT","GoTo","goto.com"
"0012A00002RNFfr","Mynewsdesk","mynewsdesk.com"
"0012A00002Euvpe","Aditro, an SD Worx company","aditro.com"
"001VK000003LSfX","SBT Solutions","sbtsolution.com"
"001F00000138JTD","Emplifi.io","emplifi.io"
"001F0000010dTni","Sun Chemical","sunchemical.com"
"0013j00003AMuWJ","Palisades Group","palisades.us.com"
"0013j00002ybaug","Lloyds Banking Group","lloydsbankinggroup.com"
"0013j000034tdKl","Grupo Foxbit","foxbit.com.br"
"001VK00000VKSYJ","skechers","skechers.com"
"0012A00002RLFcE","Fashion Nova","fashionnova.com"
"0012A00002ZpJ55","Harvard Business School","hbs.edu"
"0012A00002T9vN2","Kalmar","kalmarglobal.com"
"0013j00003GVJ50","Fortrea","fortrea.com"
"0013j00003ANOq1","Houston Land Bank - HLB","houstonlandbank.org"
"0012A00002TYavH","Vitol Group","vitol.com"
"0013j00002cTBSV","ROCKWOOL Group","rockwoolgroup.com"
"0013j000037iLhF","Arla Foods Ingredients","arlafoodsingredients.com"
"0012A00002YLqJi","Mighty Networks","mightynetworks.com"
"0012A000021KES2","Workato","workato.com"
"001VK00000WLFko","Progyny","progynyglobal.com"
"001VK00000FTAjJ","ResourceWell","resourcewell.net"
"0013j00003AM84p","VirgoCX","virgocx.ca"
"0012A00002AghPj","McKesson Specialty Health","usoncology.com"
"0013j00003AMRHR","New York State Office of Mental Health","omh.ny.gov"
"0013j00003GVWYR","Lumme Energia","lumme-energia.fi"
"0012A000021J48k","Financial Times","ft.com"
"0013j00003AMO6y","Calyxo","calyxoinc.com"
"001A000000YNvIZ","Equifax","equifax.com"
"0013j000031wAtw","SiriusPoint","siriuspt.com"
"001F000001YhYTW","Visible Body","visiblebody.com"
"0012A00002Y3m47","Magnit","magnitglobal.com"
"001VK00000T9Krd","Hexagon","hexagon.com"
"0013j00002cTVlp","Luxury Escapes","luxuryescapes.com"
"0012A000021KEFW","G2","g2.com"
"0012A00002Tzsum","Crouzet","crouzet.com"
"0013j000037iNm6","Elli","elli.eco"
"001VK000003Le7E","Compodium","compodium.com"
"0013j000031uObD","Mercell Norge AS","mercell.com"
"001F000001tff8W","Signifyd","signifyd.com"
"0013j00002ya1s1","DISA Global Solutions, Inc.","disa.com"
"001A000000bvMQe","Glorious Games Group","gloriousgamesgroup.com"
"0012A00002ZpKS1","YASH Technologies","yash.com"
"0012A00002WxoZa","Resident Advisor","ra.co"
"0013j00003ANNNI","US Government Accountability Office","gao.gov"
"001VK00000fPAkb","California Virtual Academies","caliva.org"
"0012A00002BntE8","Ohpen","ohpen.com"
"0013j00003ALmNs","Survival Systems Staffing","survivalsystems.com"
"0013j00003GWEzh","Dollar Tree Stores","dollartree.com"
"001F0000010dTc6","Kennametal","kennametal.com"
"0012A00002Tzt5A","nkt cables a/s","nkt.com"
"001VK00000BWwFV","BASF Global Business Services","basf.com"
"0013j00002cRdqh","Espressive","espressive.com"
"0013j00002cT7FI","So Energy","energy.co.uk"
"001F0000010dTp4","Toyota North America","toyota.com"
"0012A0000286JI2","Hema","hema.com"
"0012A00002IhNKK","Nityo Infotech","nityo.com"
"001F000001LEgzE","Catawiki","catawiki.com"
"0012A00002Zej1b","Nidec Motor Corporation","nidec.com"
"001F000001aawqB","Berluti (LVMH)","berluti.com"
"001VK00000A4SL8","LAKRIDS BY B?LOW","lakridsbybulow.com"
"0013j00002bAK2M","Remesh","remesh.ai"
"001F0000010dTPZ","Bearingpoint, Inc.","bearingpoint.com"
"001VK00000S6od9","NYC Office of Technology and Innovation","oti.nyc.gov"
"0013j00002cUL6C","Apotex Inc.","apotex.com"
"0013j00002mduXK","STEINEL","steinel.de"
"0013j000037iKhU","Regent's University London","regents.ac.uk"
"0013j00002yaGUx","Fanatics Inc.","fanaticsinc.com"
"0013j000034t4CC","CRIF","crif.com"
"0013j00002yavJB","XtalPi","xtalpi.com"
"0013j00002bAIKx","Moloco","molocoads.com"
"001VK000009jc3z","Amway Europe","amway.com"
"001VK00000AeN8G","STIHL","stihl.de"
"001F000001jMgVD","Vestas","vestas.com"
"0013j00002ybxMY","KIRCHHOFF Automotive","kirchhoff-automotive.com"
"0012A00002Z1a5E","University of Hawaii","hawaii.edu"
"001VK000004WiDJ","Penske Logistics","penskelogistics.com"
"0013j00002mbsdN","Tampa Bay Times","tampabay.com"
"001F0000010dSyk","Hewlett Packard Enterprise","hpe.com"
"001F0000010dTcA","Kforce Inc","kforce.com"
"0012A000021Hrwd","Monster Products","monsterstore.com"
"0013j00002cUJwr","Accountor Group","accountor.com"
"0013j00003GVK4V","H3C","h3c.com"
"001F0000010dTPT","Trane","trane.com"
"001F000001W9g0f","Scandinavian Airlines","flysas.com"
"0013j00002mc8u0","City of Coral Springs","coralsprings.org"
"0012A00002Bn6Fs","Covered California","coveredca.com"
"0013j00002c2ImM","Papaya Global","papayaglobal.com"
"001VK0000060S1r","Starwood Hotels & Resorts","marriott.com"
"0013j00002bB6gh","Leadoo","leadoo.com"
"001VK000005m6zX","Norscot Group, Inc.","norscot.com"
"0013j00002bCbOS","Smiths Detection","smithsdetection.com"
"001F000001FAfTs","Siteimprove","siteimprove.com"
"0013j000037iIKA","Blue Cross Blue Shield of Michigan","mibluesperspectives.com"
"0012A00002EvuSN","Bittium","bittium.com"
"001VK000002hbHz","Odesk","odesk.com"
"0012A00002Bn0ae","DNV","dnvgl.com"
"001F000001rq2vZ","Outotec","outotec.com"
"0013j00002bA3x2","Apeel","apeelsciences.com"
"001VK00000hxFog","Hershey Trolley Works Inc","hersheytrolleyworks.com"
"0013j00002mc8wy","Choctaw Nation of Oklahoma","choctawnation.com"
"0013j00003GUwTg","Sveriges riksbank","riksbank.se"
"001A000000PdSPn","Eventbrite","eventbrite.com"
"0012A00002Z1cLT","State of Iowa","iowa.gov"
"0013j00002yc2Ce","S?dra","sodra.com"
"0013j000034t4pI","SalioGen Therapeutics","saliogen.com"
"001VK00000O7Wuz","Splash Clinical LLC","splashclinical.com"
"0013j00002mcwpF","MindGym","themindgym.com"
"001VK00000fcUnI","ThreatModeler Software, Inc","threatmodeler.com"
"0013j000034sUUY","Ycons.com","ycons.com"
"0013j00002bALKk","Clip","clip.mx"
"0012A00001rJShd","Bellagio","bellagio.com"
"001F000000hSnzg","KeyBank","key.com"
"001F0000017GMjO","Sage","sage.com"
"0012A00002armZi","Verizon Connect","verizonconnect.com"
"001VK00000EfMsY","City of Sunprairie","cityofsunprairie.com"
"0012A00002KM3Kf","Navy Federal Credit Union","navyfederal.org"
"001A000000dTdZN","MongoDB","mongodb.com"
"0013j00002mcerM","City of Rockport","cityofrockport.com"
"001F0000010dTfq","Nasdaq","nasdaq.com"
"0012A00002Z1bkp","Grokker","grokker.com"
"001VK000003st7k","Washington Medicaid","dshs.wa.gov"
"001VK00000BaxHn","Grand St. Settlement","grandsettlement.org"
"001F000001N2AZV","Pluto TV","pluto.tv"
"0013j00002cUPD0","Carlsberg Group","carlsberggroup.com"
"001F0000010e5Q8","Bungalow","bungalow.net"
"001VK00000RaUHp","Sophos","sophos.com"
"0012A00002Et3jx","Yours Clothing","yoursclothing.co.uk"
"0012A00002LVb5D","Sila Nanotechnologies","silanano.com"
"0013j00002me8L8","SuperAnnotate","superannotate.com"
"0013j00003GVgF3","TalkLife LTD","talklife.com"
"0013j000037iJx0","LogMeIn","logmein.com"
"001F0000017GLvn","A Acuity Mutual Insurance Company","acuity.com"
"001F0000010dTgo","NVR, Inc.","nvrinc.com"
"0012A00002TW0AR","Rubicon","rubicon.com"
"001VK000005dfV3","AUTOproff Danmark A/S","autoproff.dk"
"0012A00001rIrIU","Lucid Software","lucid.co"
"0013j00002yYyYw","Defence Construction Canada","dcc-cdc.gc.ca"
"001A000000cmvLJ","Walgreens Boots Alliance","walgreensbootsalliance.com"
"0013j000034tNk5","Alva Labs","alvalabs.io"
"0013j00002yaf7B","Micro Focus","microfocus.com"
"0012A00002XQPbL","Washington State Department of Revenue","wa.gov"
"0012A00002IjeSF","Emmi Group","emmi.com"
"0013j00002yatjN","Kelsey-Seybold Clinic","kelsey-seybold.com"
"001VK000003HUUb","OKX","okcoin.com"
"0013j00002ybXzA","Stealth Startup","stealthstartup.com"
"0013j00002yaGha","UP There","upthereeverywhere.com"
"0013j00002mc8ut","Boston Public Health Commission","bphc.org"
"001F000000r08y0","MyFitnessPal","myfitnesspal.com"
"001VK00000fAOB8","ClearView Surgical","clearviewsurgical.com"
"001VK000003st8k","Attorney General New Mexico","nmag.gov"
"0012A00002Y5cPS","Cleo","hicleo.com"
"0013j00002ybzM9","Zagat","zagat.com"
"0013j00003AP58L","Euroflorist","eflorist.co.uk"
"001F0000010dTqz","Vishay Intertechnology, Inc.","vishay.com"
"0013j00002yaOy0","Swedish Police Authority","polisen.se"
"0012A000021IYYt","Bokun","bokun.io"
"0012A000021KE0c","RELEX Solutions","relexsolutions.com"
"001VK000009iAT7","Volvo Car Osterreich","volvocars.at"
"001VK00000eRcBs","SDI Limited","sdi.com.au"
"0013j00002cTWNA","Bank of America Merrill Lynch","bofa.com"
"0012A00002Bn6VB","PT Frisian Flag Indonesia","frieslandcampina.com"
"001F0000017GMm3","Cognex","cognex.com"
"001VK00000AtduE","Expleo Group","expleo.com"
"001VK00000ClwXu","AdMed, Inc.","admedinc.com"
"0013j00002yacIK","Prudential Financial","prudential.com"
"001F000000itlBg","Rebtel Inc","rebtel.com"
"0013j00003AP47q","Gen","gendigital.com"
"0012A00002T93hD","DIA","diaglobal.org"
"0013j00003ALmOP","WHEL","womenshealth.gov"
"001F0000010dTmT","Sitel Group","sitel.com"
"0013j000034s7xa","Beringtime","beringtime.com"
"001F000000t1xP6","Qualitrol","qualitrolcorp.com"
"0012A0000286uth","NSF","nsf.org"
"0013j00002mc8lA","City of San Diego","sandiego.gov"
"0012A00002Z1aUK","Immuta","immuta.com"
"001F0000010dT14","Emory University","emory.edu"
"0012A00002BnVOo","Aberdeen Standard Investments","aberdeenfco.com"
"0012A00002Tzss4","Vivo Energy","vivoenergy.com"
"001VK00000V6Dqc","K&L Gates LLP","klgates.com"
"0012A00002WXyou","GSA","gsa.gov"
"0013j00002cTDFi","KfW","kfw.de"
"001F0000010dSqf","Sterling Check","sterlingcheck.com"
"0012A000021IOkR","Weka","weka.io"
"0012A00002KrWYY","24 SËvres (LVMH)","24s.com"
"001VK00000Akdv6","Yondr","overyondr.com"
"001F000000mZUTq","Nvidia","nvidia.com"
"001F0000010dTk0","Regeneron","regeneron.com"
"0012A00002ZpL9C","Canadian Institute for Health Information (CIHI)","cihi.ca"
"0013j000034tU7Y","Proposales","proposales.com"
"001F0000010dT9D","Nektar Therapeutics","nektar.com"
"001F000001qOwtt","Egmont","egmont.com"
"0013j000034tTHU","Polygon Labs","polygon.technology"
"0012A00002ZI69v","Cerebras Systems","cerebras.net"
"001VK00000VPKoM","Amadeus","amadeus.com"
"0012A00002EvrOx","Freenome","freenome.com"
"0013j00002mc9va","City of Victoria","victoriatx.org"
"001F0000010dTr4","Vertex Pharmaceuticals","vrtx.com"
"001VK00000gu87d","PA Health & Wellness","pahealthwellness.com"
"0012A00002WXyjk","Sony Interactive Entertainment","sonyinteractive.com"
"0012A00002Bn654","Aurubis","aurubis.com"
"0013j00003ANOpr","Army Applications Laboratory","aal.army"
"0012A00002ZpInQ","Redstone Federal Credit Union","redfcu.org"
"0012A00002aI2nj","Stout","stout.com"
"001F0000010dTU3","Darden Restaurants, Inc.","darden.com"
"0012A00002ZpIes","Vogue","vogue.com"
"0012A00002BoZr2","STARLIMS","starlims.com"
"0012A00002Et8gt","Pepperstone","pepperstone.com"
"001F000000vuEiY","Wish","wish.com"
"0013j000034r7KN","Matrixport","matrixport.com"
"0013j00002yacJF","Pierre Fabre Group","pierre-fabre.com"
"0012A00002Bn6Le","Condor","condor.com"
"001VK00000kDFJk","CVnew","fb.com"
"0013j00002cSqxW","InhibRx","inhibrx.com"
"0013j00002ybVyn","Mediconsult Oy","mediconsult.fi"
"001F000000vYYNL","Herman Miller","hermanmiller.com"
"0013j00002cTIKB","ConcertAI","concertai.com"
"001VK00000RbZP6","Amkor Technology, Inc.","amkor.com"
"0012A000021IOjZ","Revolut","revolut.com"
"001VK00000WlOpG","Upside Collective","upsidecollective.com"
"001VK000002uSsc","Sharp Consumer EU","sharpconsumer.com"
"0013j000034uDB9","MasTec","mastec.com"
"0013j00003AMgdJ","Caribou","caribou.com"
"0012A00002TyiTU","BBK Worldwide","bbkworldwide.com"
"0013j000034rebs","1047 Games","splitgate.com"
"0012A00002Et4ik","Flock Safety","flocksafety.com"
"001F0000017GNJE","Twist Bioscience","twistbioscience.com"
"001F000001qOwm4","lastminute.com","lastminute.com"
"0013j00003ALmJh","Alberta Culture, Multiculturalism","gov.ab.ca"
"001VK00000Bgg9P","Unibio","unibio.dk"
"001VK00000S35Ha","Terumo Medical Corporation","terumomedical.com"
"0013j00003JqvcI","Stitch","stitch.cx"
"0013j000034sDzC","Mirasys","mirasys.com"
"0013j00002mbvg0","Yuanfudao","yuanfudao.com"
"0012A00002Bmn3Z","Lyra Health","lyrahealth.com"
"0013j000031vyB1","JUUL","juullabs.com"
"0012A000021JYAc","Sony DADC New Media Solutions","sonynms.com"
"0013j00002mc0XO","Croma-Pharma","croma.at"
"0012A00002RM2gn","Capsule","capsule.com"
"0012A000021K3yD","WAX Interactive","sqli.com"
"001F0000011ndZF","SumUp","sumup.com"
"0013j00002mcV5n","Ifolor Group","ifolor.com"
"001F000001mavLl","CHANEL","chanel.com"
"0013j00002mbkvN","Numbers624 LLC","irs.gov"
"001F0000010dTfN","Motorola Solutions","motorolasolutions.com"
"001F000000s0mNK","Molson Coors","molsoncoors.com"
"001F000001abXGz","Bulgari (LVMH)","bulgari.com"
"0012A00002AgZKQ","Conduent","conduent.com"
"0013j00002ybXqn","Crayon","crayon.com"
"0013j00002yc6h9","Miele","miele.com"
"0012A00002AghPb","Guidant Financial","guidantfinancial.com"
"001F0000010dTkA","Republic Services","republicservices.com"
"001F0000010dTmp","Southern Company","southerncompany.com"
"001VK00000VGHsf","Spin Master","spinmaster.com"
"001F000001o3J12","Hankook Tire America Corp.","hankooktire.com"
"0012A00002SmgcM","TaylorMade Golf Company","taylormadegolf.com"
"0013j00002cUTfm","Zebra Medical Vision","nanox.vision"
"0013j00002yZNJt","Vymo","getvymo.com"
"0012A00002apZCw","Scotiabank","scotiabank.com"
"001VK00000CXOKn","DHL Express","dhl.com"
"001F000001Yf2i0","Shure Incorporated","shure.com"
"0012A00002ZpIs9","Eastman Credit Union","ecu.org"
"0013j00003GVBUa","Norrsken VC","norrsken.vc"
"001F0000010dTir","Portland General Electric","portlandgeneral.com"
"0013j00002ybUnO","Axel Arigato","axelarigato.com"
"001F0000010dTjT","PwC","pwc.com"
"0012A000021KEKb","Nextiva","nextiva.com"
"001F0000010dTjh","Raley's","raleys.com"
"0013j00002yby9D","Selena","selena.com"
"0013j00003ALRsp","Fortescue Future Industries","fortescue.com"
"0012A00002Bn0fM","Commsec - Part of Dustin Group","dustin.se"
"001VK000005jrHG","Oras Group","orasgroup.com"
"001VK00000FGoTG","Art Directors Club (ADC)","adc.de"
"001F000001o1fuj","Sennheiser","sennheiser.com"
"0013j000031viI9","Carmignac","carmignac.com"
"001VK00000fQ8fF","Huami - www.amazfit.com","huami-usa.com"
"001F0000010dTOC","Arby's","arbys.com"
"0012A000021Irrp","Guidebook Inc.","guidebook.com"
"001VK00000fQrsS","Nuclear Blast Records","nuclearblast.com"
"0013j00003JpCct","kompasbank","kompasbank.dk"
"0012A00002Xozu3","transportation.gov","transportation.gov"
"001F0000010dTPI","Baylor Scott & White Health","baylorscottandwhite.com"
"0013j00003AMRGn","Manatee County Tax Collector","taxcollector.com"
"001F0000010dT0a","Ecore? International","ecoreintl.com"
"0013j000037iLfC","Mercedes-Benz AG","mercedes-benz.com"
"001F000001meMh7","U.S. Department of Labor","dol.gov"
"0013j00003AMAc9","Wholesome Goods","wholesomegoods.com"
"0013j00002cSr5T","ZenBusiness","zenbusiness.com"
"0012A00002Z1bew","The UPS Store","theupsstore.com"
"0013j00002bBwsl","Copenhagen Business School","cbs.dk"
"001F000001EQoDd","newbalance","newbalance.com"
"0012A00002HBKt1","Xref","xref.com"
"001VK00000bhHjW","LCMC Health","wjmc.org"
"0013j00002bAMjE","City of San José","sanjoseca.gov"
"001F00000137wWZ","Dynamic Yield","dynamicyield.com"
"0013j000034t2B1","UpHealth, Inc.","uphealthinc.com"
"0012A00002Evq9o","Co-Ro","co-ro.com"
"001VK00000fcUn7","Perkins American Food Co.","perkinsrestaurants.com"
"0012A000021IOEN","Aquent","aquent.com"
"001VK000002pHTT","NestlÈ Professional","nestleprofessional.us"
"001VK00000egni3","metrostlouis","metrostlouis.org"
"0012A00002LVL2M","Roxtec Brasil","roxtec.com"
"0013j00003AMQmL","City of Dublin, CA","dublin.ca.gov"
"0012A00002ZpIfa","Sandia National Laboratories","sandia.gov"
"0012A00002AghRH","GuideWell","guidewell.com"
"001VK000003st8f","Attorney General Iowa","iowaattorneygeneral.gov"
"0013j00003JpKAJ","Hunkem?ller BV","hunkemoller.nl"
"001VK00000clxF2","Translators without Borders","translatorswithoutborders.org"
"0012A00001rIOxP","Polaroid","polaroid.com"
"0013j000037iOls","Ebersp?cher Group","eberspaecher.com"
"001F0000010dTOk","AutoZone","autozone.com"
"001F000000kTll1","Dominion Energy","dominionenergy.com"
"001F000001teBv6","CaixaBank","caixabank.com"
"0013j000031uGfM","Dream Games","dreamgames.com"
"001VK00000NCGzp","Composite Manufacturing Inc.","carbonfiber.com"
"001F000001WB9zc","Future Electronics","futureelectronics.com"
"001F000001o51W3","Kroll","kroll.com"
"0012A00002BmfK4","Nordea Bank","nordea.com"
"0012A00002Wb6wt","Ro","ro.co"
"0013j00003ALmK2","Volition","volition.com"
"001F0000017GM3Y","Entegris","entegris.com"
"0013j00002mcerA","Priority Dispatch","prioritydispatch.net"
"0013j000037iIoi","Strike","strike.me"
"0012A00002T74jK","Geoblink","geoblink.com"
"0013j00003GYYAr","Toluna","tolunacorporate.com"
"001VK00000iivr0","Groupama","groupama.fr"
"001VK00000dHtUi","giac","giac.org"
"001VK00000hnJvD","Legora","legora.com"
"001VK00000DZ3l8","Ghost Robotics","ghostrobotics.io"
"0012A00002Bn68R","Citizens Property","citizensfla.com"
"001VK00000XrN9x","Cintas","cintas.com"
"0012A000021JY9t","Razor","razor.com"
"001VK00000BvuK8","WordPress","wordpress.org"
"001VK00000jBXy2","London Borough of Tower Hamlets","towerhamlets.gov.uk"
"0013j00002yYykJ","McGill University Health Centre","cusm.ca"
"0012A000021J4FR","Mylo, a Lockton Company","lockton.com"
"0013j000037iLce","Axians","axians.com"
"0013j00003ALUfR","Alzheon","alzheon.com"
"0012A00002Z1bek","Wyndham Hotel Group","wyndhamhotels.com"
"0012A0000286t0f","Parfois","parfois.com"
"001VK00000g4SaN","Vermed","nisshamedical.com"
"0013j00002ybxgI","Cub","cub.com"
"0012A00002N6JuG","Signify","signify.com"
"0013j000031uVVS","Medavie Blue Cross","medaviebc.ca"
"0012A00002857sK","KIKO MILANO","kikocosmetics.com"
"001VK000002hS6c","Froneri Group","froneri.com"
"001F0000010dT8M","Moderna","modernatx.com"
"001VK00000aacoS","American Institute of Physics","aip.org"
"0013j000031vi5H","Gripable","gripable.co"
"0012A00002WY0pj","Grocery Outlet","groceryoutlet.com"
"001VK00000c7mbY","Novoterm Translation AB","novoterm.se"
"0013j00003GVIvr","Hakkoda","hakkoda.io"
"001VK00000PHBYX","Jentas DK","jentas.dk"
"0013j00002ybqaM","SWATI Cosmetics","swati.com"
"0012A00002TzrLD","Enel Green Power","enelgreenpower.com"
"001F000001H0jA3","Klarna","klarna.com"
"001VK00000Afk4O","Yango","yango.com"
"0012A00002BneBn","Channable","channable.com"
"0013j00003ALmNG","Santander Global Facilities S.L.","santander.com"
"001VK000002pGtq","Cereal Partners Worldwide (NestlÈ & General Mills)","nestle-cereals.com"
"0012A00002AgZQG","Orrick, Herrington & Sutcliffe LLP","orrick.com"
"0013j00002yYsvx","Emirates NBD","emiratesnbd.com"
"0012A00002XoyiX","LTK","shopltk.com"
"0013j00002cUD0Y","Kvdbil","kvd.se"
"0013j00002yaG9g","NJM Insurance Group","njm.com"
"0013j00002cTWnw","Hachette Book Group","hachettebookgroup.com"
"0013j000031vk4c","Nature's Fynd","naturesfynd.com"
"001VK00000XpyvB","Missionmutual","missionmutual.org"
"001F000000vYZWG","Plastipak Packaging, Inc.","plastipak.com"
"0013j00002ycKM8","Nomeco","nomeco.dk"
"001F0000010dT2g","Galil Medical","galil-medical.com"
"001VK00000gtww1","Zerigo Health","zerigohealth.com"
"001F000001jMe55","Reckitt Benckiser","reckitt.com"
"001F0000010dTpK","Trimble Inc.","trimble.com"
"0013j00003JqxMf","St. Regis Hotels & Resorts","stregis.com"
"0013j000034t2vW","Bullish","bullish.com"
"001F000000l1JqN","WWE","wwe.com"
"0013j00003JqcbY","Verdo","verdo.com"
"001F0000011ncI4","Cloudreach, an Atos company","cloudreach.com"
"001F0000010dT91","Nasuni","nasuni.com"
"001F000000qqLVM","Care.com","care.com"
"0013j00002ybxcF","Richardson RFPD","richardsonrfpd.com"
"0013j00002yc7ly","ACAMS","acams.org"
"0013j000031vyP3","Leapmotor","leapmotor.com"
"0012A00002Sl6ls","Capitaland Ltd","capitaland.com"
"0012A0000282weW","DesignCrowd","designcrowd.com"
"001F0000010dT2d","Gainsight","gainsight.com"
"0013j00002mc96D","Seminole Tribe of Florida","semtribe.com"
"0013j00003ALmQP","Medtrum Technologies","medtrum.com"
"0013j00002ybBjf","GO Sport","courir.com"
"0013j00002mbsZM","NEA Member Benefits","neamb.com"
"001F000001teBue","RWE AG","rwe.com"
"0013j000037iIjk","Livingstone","arrowpointadvisory.com"
"001VK00000dUwWL","Dresser Utility Solutions","dresserutility.com"
"001A000000bYC0I","Terumo Blood and Cell Technologies","terumobct.com"
"001VK000008pAFF","Persistent Systems","persistentsystems.com"
"001F000000gTohK","Burberry","burberry.com"
"001VK00000cWBth","Fairfield City School District","fairfieldcityschools.com"
"001VK00000Tp62f","Opera","opera.com"
"001F000001d5SWc","Next","next.co.uk"
"0013j00003ALmN0","PROCESS, INC","process-inc.com"
"001VK00000h7B61","velou","velou.com"
"001F000001pJspI","Cabonline Group","cabonline.se"
"0013j00002mcf0V","Fresno Unified","fresnounified.org"
"001F000001FCqqZ","ZOLL Medical Corporation","zoll.com"
"001A000000axm1R","Harbor Freight Tools","harborfreight.com"
"001VK00000efvjM","Klimaoprema d.o.o.","klimaoprema.com"
"001VK00000fxWzH","PDC BRANDS","pdcwellness.com"
"0013j00002mc8yv","Alachua County","alachuacounty.us"
"0012A000021KyEa","S.Oliver Group","soliver.com"
"001F000000hVSLn","1stdibs","1stdibs.com"
"001F000000maCIU","Cisco","cisco.com"
"0013j00002mceZS","Pattern brands","patternbrands.com"
"0013j000034t4FZ","A.Vogel Nederland","avogel.nl"
"001F0000010dTUV","Devon Energy Corporation","devonenergy.com"
"0012A00002YMjRp","Konfio","konfio.mx"
"001VK00000eB6mD","Ametris","ametris.com"
"0013j00002ybXym","Braintrust","usebraintrust.com"
"0013j00002mc9RM","City of Palm Beach Gardens","pbgfl.com"
"001VK00000jDwFa","gonuclei","gonuclei.com"
"001F000000mEEUj","Whirlpool Corporation","whirlpoolcorp.com"
"0012A00002WxuAX","SmartAsset","smartasset.com"
"001VK000008Xb5p","Suno","suno.com"
"001VK00000fGUPA","Credit Union of Southern California","cusocal.org"
"001A000000YLJ8f","Tumblr","tumblr.com"
"0013j000031uVNZ","Renaissance Hotels","renhotels.com"
"0013j00002mc8mZ","Cobb County Government","cobbcounty.org"
"0013j00003AM3pS","NielsenIQ","nielseniq.com"
"0013j000031wIm1","Evernorth","evernorth.com"
"0012A00002Bn6Ut","FLS Transportation Services","flstransport.com"
"001VK00000YdWF3","Elfa - Creating Space","abacussportswear.com"
"001F000001XbZzB","Datadog","datadog.com"
"001VK000007wiSr","KLM Creative","klmcreative.com"
"0013j00002ybYvR","OnBuy.com","onbuy.com"
"0012A00002ZpIre","CAE","cae.com"
"001F000000t1x2J","TOMS","toms.com"
"0012A00002OH8QX","TyrÈns AB","tyrens.se"
"0012A00002NqPTO","ApplyBoard","applyboard.com"
"001VK00000WUQJt","Aspen One","aspen.com"
"0012A00002EvJXV","Doro","doro.com"
"0013j00002yawlv","Kaizen Gaming","kaizengaming.com"
"0013j000034t2mz","Organon","organon.com"
"001VK000006v6dD","Lightyear","lightyear.com"
"0012A00002Bn6UR","Helsana","helsana.ch"
"0012A00002OH8Qa","CEVT","cevt.se"
"0013j000034tUfB","Newton.co","newton.co"
"0013j00002bA4lZ","CyberArk Software","cyberark.com"
"001F000000vYZWH","Polaris Inc.","polaris.com"
"001VK000003js6p","ChestMaster Inc.","hillrom.com"
"001F000001N2ATJ","Tanium","valtix.com"
"0012A00002Z1b1Z","Northwestern Memorial Hospital","nm.org"
"0013j000037iM29","Vertiv","vertiv.com"
"0013j00002bALff","JAS Worldwide","jas.com"
"0012A00002BndyY","BOBST","bobst.com"
"001VK00000SdXh8","Pall Corporation","pall.com"
"0013j00002bA8d9","Ebm-Papst Group","ebmpapst.com"
"0013j00002cTA3G","Cell C","cellc.co.za"
"0012A00002Bmn7S","Honor","joinhonor.com"
"0013j00003JqcnO","Porsche Finland","porsche.fi"
"001VK00000f5E1c","German Marshall Fund of the United States","gmfus.org"
"001F000001qOwp8","Trader Joe's","traderjoes.com"
"0013j00002bALba","Xylem","xylem.com"
"001F000001GMJ5y","Omada Health","omadahealth.com"
"0013j00002mdyir","Ericsson","ericsson.com"
"0013j00002bADXy","Carnival Cruise Line","carnival.com"
"0013j00003ALmLr","Kempower","kempower.com"
"0013j00002bCHcr","Swoop","flyswoop.com"
"001F000000lvIQq","Belk","belk.com"
"0013j00002bBwtj","Time","time.com"
"001F000000vYZVo","NCR","ncr.com"
"0012A00002WwpW3","Primark","primark.com"
"0013j00003AOwPq","Fluke Networks","flukenetworks.com"
"0012A0000284jzo","GLG","glginsights.com"
"0013j00003ALmRs","Vahittaiskaupan Ammattikasvatussaat","k-kauppiasliitto.fi"
"001VK000003st7c","Missouri Medicaid","mydss.mo.gov"
"0013j00003GXiw9","GESUNDHEIT Healthcare Marketing","gesundheitcph.com"
"001VK00000bgsHD","Stanford Angels & Entrepreneurs","stanfordaande.com"
"0013j00002cSqu2","Elligo Health Research","elligohealthresearch.com"
"001VK00000Xofcs","Knorr-Bremse AG","knorr-bremse.com"
"001F0000017GN8N","PrimeRevenue","primerevenue.com"
"0013j000034tEgH","Western & Southern Financial Group","westernsouthern.com"
"0013j00003ANddm","CORDRY SWEETWATER CONSERVANCY DISTRICT","cscd-in.org"
"001F000001Ntke8","Raisin","raisin.com"
"001F0000017GNP9","Seeq Corporation","seeq.com"
"0013j00002cTVnq","Hagl?fs AB","haglofs.com"
"0013j00003ANOqY","City of Boerne","boerne.tx.us"
"001A000000ZhHMG","KAYAK","kayak.com"
"0013j00002ycLwj","Cargojet","cargojet.com"
"0013j00003ANOlN","City of Centerville","centervilleohio.gov"
"0013j00002mbuBp","Sanoma Media Finland","sanoma.fi"
"0013j00003JrWBP","EducationSuperHighway","educationsuperhighway.org"
"001F000001pKHuo","Savills India","savills.com"
"0012A00002b9B7o","Solana Labs","solana.com"
"0013j00003GUwbu","Axiell Group","axiell.com"
"0012A00002TzrdS","BarriËre","groupebarriere.com"
"0012A00002TYavQ","Kion Group","kiongroup.com"
"0012A00002RhXsK","DW Akademie","dw.com"
"0013j00003AM0BY","Creative Force","creativeforce.io"
"0013j00002ya1am","Meow Wolf","meowwolf.com"
"001F000000i49lv","Zumba","zumba.com"
"0013j00002cUMfH","BrandSafway","brandsafway.com"
"0012A00002Bn6LR","NOVOMATIC","novomatic.com"
"0013j00002cSqzN","Spring Labs","springlabs.com"
"0013j00002yb7Vw","Alimak Group AB","alimakgroup.com"
"0012A00002BnQlA","Scalable Capital","scalable.capital"
"001F0000012FPN0","Blue Yonder","blueyonder.com"
"001F0000017GMP8","Northwell Health","northwell.edu"
"0013j000034rYXl","SKOV A/S","skov.com"
"001F000001DVT4V","Howden","howden.com"
"0013j00002bAKpQ","Cummins Filtration","cumminsfiltration.com"
"0013j00002mc0J2","UMass Memorial Medical Center","umassmemorial.org"
"001VK00000VUmVB","undyingking","ukg.com"
"001F000000iMRLw","St. Jude Medical","stjude.org"
"001F000001teBti","Danske Bank A/S","danskebank.com"
"0013j00002cRdLq","Teleport","goteleport.com"
"0012A00002ZpKJk","Children's Hospital Los Angeles","chla.org"
"001VK00000dUgsz","shellfcu","shellfcu.org"
"0013j000031vf4W","Qualified","qualified.com"
"0013j00002mc8lx","City of Dallas","dallascityhall.com"
"0013j00003AM9iu","Decentral Land","decentraland.org"
"0012A0000284yEZ","Volaris","volaris.com"
"0013j00002yac5v","Panasonic","holdings.panasonic"
"001F0000017GMbg","Smith+Nephew","smith-nephew.com"
"0012A00002ZpJiI","Saskatchewan Polytechnic","saskpolytech.ca"
"0012A0000285HmG","Cybereason","cybereason.com"
"0012A00002Z1ax0","University of Cambridge","cam.ac.uk"
"0012A00002JZbNJ","Plum.io","plum.io"
"0012A00002T7QBa","FullStory","fullstory.com"
"001VK00000kFalT","SAP (API Sandbox)","sap.com.com"
"001VK00000gBvKb","eStoreLabs","estorelabs.com"
"001VK00000Tk7tp","Voka 3D Anatomy & Pathology","voka.io"
"0012A00002BneBs","BHHS Ambassador Real Estate","bhhsamb.com"
"001F000000or0cc","Microsoft","microsoft.com"
"0012A00002Tzs3s","The City of Reykjavik","reykjavik.is"
"001F0000012gEIf","Longchamp","longchamp.com"
"0013j000034ri2A","Frasers Group","frasers.group"
"001F000000pWGrb","Charles Schwab","schwab.com"
"001F000001lliiH","Total Life Changes, LLC","totallifechanges.com"
"001F000001HaZ1k","Diesel","diesel.com"
"0013j00002bA0n2","Santander US","santanderus.com"
"0012A000021Ihqa","Bank of Oklahoma","bankofoklahoma.com"
"0013j000037iIer","Save the Children International","savethechildren.net"
"001VK000003st83","Maryland Medicaid","health.maryland.gov"
"001A000000YNwkc","Rithum","rithum.com"
"0012A00002WzoHf","ResortPass","resortpass.com"
"0013j000031uH7f","Deep Silver","deepsilver.com"
"0013j000031uLjk","Museum of Science","mos.org"
"0013j00002ybIwg","Svea Solar","sveasolar.com"
"0012A00002XoowU","iSpring Solutions","ispringsolutions.com"
"0012A00002AghSM","Luxoft","luxoft.com"
"0013j00002bA0o0","Wawa, Inc.","wawa.com"
"0013j00003AMRFx","New York City Independent Budget Office","ibo.nyc.ny.us"
"001VK00000fbs0I","Mixing Board, powered by Axios","mixingboard.co"
"001VK00000ZYOYP","Abnormal.ai","abnormal.ai"
"0013j000034rjll","Bilt Rewards","biltrewards.com"
"0013j000031vnF3","Transcarent","transcarent.ai"
"0013j00003ALmL0","GSK","gsk.com"
"0013j00002cTqpc","Thryv","thryv.com"
"0012A000021J44e","Boux Avenue","bouxavenue.com"
"001F000000xOeve","Marqeta","marqeta.com"
"001F000001rrQOT","CarGurus","cargurus.com"
"0012A00002Z1c30","State of Minnesota","mn.gov"
"0013j00002cTVI9","Oliver Latam","oliverwyman.com"
"0012A00002MlelB","Voodoo","voodoo.io"
"0013j000037iOyM","Trustpilot","trustpilot.com"
"001VK00000KuCJ9","Serva Health LLC","servahealth.com"
"001F000000t2w4G","EmblemHealth","emblemhealth.com"
"001F000001tgHM7","Relequint","relequint.com"
"0013j00002ybxHs","LA County Department Of Workforce Development, Aging and Community Services","wdacs.lacounty.gov"
"0013j00003ALmOF","Utopus Insights","utopusinsights.com"
"001F0000010dSje","Burger King","bk.com"
"001F000000t47GZ","Vineyard Vines","vineyardvines.com"
"0013j00003GVS8I","Owens Corning","owenscorning.com"
"001F0000017GMPv","VITAS Healthcare","vitas.com"
"0012A00002WajPh","Astranis","astranis.com"
"0013j00002mcQu6","Trade Republic","traderepublic.com"
"0013j00003ANjyK","Glimja","glimja.com"
"001F000000r0Y0s","Avanade","avanade.com"
"001F000000zA3LW","Cytiva","cytivalifesciences.com"
"0012A000021IIxz","Flying Tiger Copenhagen","flyingtiger.com"
"0012A00002Bn69q","Engel & V?lkers Dubai","engelvoelkers.com"
"0013j00002mafnS","World Food Programme","wfp.org"
"001F0000017GN5s","Movable Ink","movableink.com"
"0013j00002cUOcs","Author-It Software Corporation","author-it.com"
"0013j00002yc0qK","Adnavem","adnavem.com"
"0012A00002Bn5y9","Fortum","fortum.com"
"001F000000lYSXS","Scotts Canada Ltd","scotts.com"
"0013j00002cRYfe","Chronosphere","chronosphere.io"
"001F000001qEm0B","Ansira","ansira.com"
"0012A00002ZpIf5","SchoolsFirst Federal Credit Union","schoolsfirstfcu.org"
"0012A00002T715C","Shipt","shipt.com"
"001VK000001n2jG","Economy Bookings","economybookings.com"
"001A000000PdSPo","Momentive.ai","momentive.ai"
"001F0000017GMKG","B. Braun Medical","bbraun.com"
"001A000000ZgET2","HSN","hsn.com"
"001VK00000eMBlm","Blueprint Technologies Pvt Ltd","bpterp.com"
"0013j00002ybdaQ","Cellnex Telecom","cellnex.com"
"001F000001Ntxx0","Nordex France SAS","nordex-online.com"
"001VK00000gtzU6","Community First Health Plans","communityfirsthealthplans.com"
"0012A000021IhqX","Amada America","amadaweldtech.com"
"0012A00002Z1blS","Clear Labs","clearlabs.com"
"0013j00003AOAHk","BlendJet","blendjet.com"
"001F000001o0uhP","mixi, Inc","mixi.co.jp"
"001VK00000GlFnD","Mino Games","minogames.com"
"0013j00003ALmM6","LifePharm","lifepharm.com"
"0013j00002md7MQ","Lindt & Spr¸ngli Iberia","lindt-spruengli.com"
"001F000000nFFes","Lilly","lilly.com"
"0012A00002TVzuc","Guinness World Records","guinnessworldrecords.com"
"0013j00002yc6ge","Edwards Vacuum","edwardsvacuum.com"
"001VK00000VISGv","Nestlé Nespresso SA","nespresso.com"
"001F0000017GMDv","Givaudan","givaudan.com"
"0013j000034rf79","Mutiny","mutinyhq.com"
"0012A000021IC9k","Bottega Veneta","bottegaveneta.com"
"001F000000f2pvZ","Behance","behance.net"
"0013j00003ALMv8","Uniclub","uniclub.io"
"0013j00002mbsXq","Clincierge","clincierge.com"
"001F000000p8l9A","Cornerstone OnDemand","cornerstoneondemand.com"
"0012A00002Bn640","Muehlhan Group","muehlhan.com"
"0013j00002yaPfB","Daimler Financial Services","daimler.com"
"0013j000031uV6j","Stripes","stripesstores.com"
"0013j00003ANOl5","Bay County Sheriff's Office","bayso.org"
"0013j00002cTsrY","Hostinger International","hostinger.com"
"001F000000j7UBe","Domo, Inc.","domo.com"
"0012A00002EttS4","International Olympic Committee","olympic.org"
"001F0000010dThm","Parexel","parexel.com"
"001VK00000348ZJ","SHL Medical","shl-medical.com"
"001VK00000Zp9wL","Bonsai Technologies","hellobonsai.com"
"0013j00002bA3yP","Avantor","avantorsciences.com"
"001F0000017GNCJ","Gyros","gyros.com"
"001F0000010dTHH","Teladoc Health","teladoc.com"
"0013j000037iTHc","Keith Prowse","keithprowse.co.uk"
"0012A00002Bn6VK","Arup","arup.com"
"0013j000034t3GY","Bolt Insurance","boltinsurance.com"
"001F000001mdIGp","Focusrite Group","focusriteplc.com"
"001F0000010dTVw","Erie Insurance Group","erieinsurance.com"
"0013j00003ALmRW","STICHTINGEUPATI FOUNDATION","dupagefoundation.org"
"0013j00003GXif7","Cross Sportswear International AB","cross-sportswear.com"
"0013j00002ybyWd","Bright Data","brightdata.com"
"0012A00002Zoehq","Metro","metro.ca"
"001VK00000Tzmn0","Office of technology and Solutions Integration","otsi.ca.gov"
"001VK000007lhkX","Agency for Governmental IT Services","statens-it.dk"
"0013j00002yapJi","Carlisle Companies Incorporated","carlisle.com"
"0013j00002yZNg0","MWRD","mwrd.org"
"0013j00002cTUbF","MHI Vestas Offshore Wind","mhivestasoffshore.com"
"0013j00002bALWL","Fairfax Financial Holdings Limited","fairfax.ca"
"0012A00002QvCSZ","Rappi","rappi.com"
"001VK000008zBDH","Enterprise Mobility","enterprisemobility.com"
"0012A00002849VM","InnoGames GmbH","innogames.com"
"001F0000017IZId","Truecaller","truecaller.com"
"0013j000034tGEI","iTrustCapital","itrustcapital.com"
"0013j00002cTtUj","Brightflag","brightflag.com"
"0013j000034sH6D","Circle","circle.com"
"001F000001rq2vR","MGID","mgid.com"
"001VK00000RVarP","Steelcase Inc.","steelcase.com"
"0013j00002cTBST","Actona Group A/S","actonacompany.com"
"001A000000Xet14","Bodybuilding.com","bodybuilding.com"
"0013j00002ycCId","Cushman & Wakefield","cushwakechicago.com"
"001F0000010dTWY","Fortune Brands Innovations","fbin.com"
"0012A00002KCOCC","Ivoclar","ivoclar.com"
"0012A00002NoY8O","Stanislaus County","stancounty.com"
"0012A00002867sK","Cohesity","cohesity.com"
"0013j00002yaj4y","Polygon US","polygongroup.com"
"001F000000ni7lC","Mavenir","mavenir.com"
"001F000001rq2vI","International SOS","internationalsos.com"
"0013j00002yZMrs","NYS Office of Temporary & Disability Assistance","ny.com"
"0012A00002Bn0pX","Cegeka","cegeka.com"
"0013j00002ya0UZ","SoSafe","sosafe-awareness.com"
"001F000000qTn8f","The Nature's Bounty Co.","nbty.com"
"0013j00002mdrvy","PartnerStack","partnerstack.com"
"0013j00002yc1xV","Danske Spil As","danskespil.dk"
"0013j00002yacAa","Tchibo Direct","tchibo.de"
"001F000001md28H","Course Hero","coursehero.com"
"0013j00003JrXzm","HOMAG","homag.com"
"0012A00002aI2sq","Aeroflow Healthcare","aeroflowhealth.com"
"0013j00002yc42b","EQRx","eqrx.com"
"0012A000021JYEj","TBWA\Worldwide","tbwa.com"
"001VK00000E7Rcv","Nextview Consulting","nextviewconsulting.com"
"0013j00002cTeQr","Orchard","orchard.com"
"001VK000002mqIL","Lufthansa Industry Solutions","lufthansa-industry-solutions.com"
"0012A000021I6hh","Oerlikon","oerlikon.com"
"0013j00002mbuAN","Perstorp Group","perstorp.com"
"001VK00000csrFy","ennea capital partners","ennea-partners.com"
"001F000001GLMsF","Lindex","lindex.com"
"001F0000017GMhJ","KONE","kone.com"
"0013j00002cUCy0","Persona","withpersona.com"
"001F000001qOwzz","Micro Center","microcenter.com"
"0012A000021J45i","Chatsworth Products","chatsworth.com"
"001F000001jMqJn","Norwegian","norwegian.com"
"0013j00002meOp6","PTV","ptvgroup.com"
"0012A00002OE5x1","Oasis Labs","oasislabs.com"
"001VK00000eJyO2","Squirro","squirro.com"
"001F0000010dTYR","Global Payments, Inc.","globalpayments.com"
"001F0000010dTRk","Central Garden & Pet","central.com"
"0013j00002yaUao","Twin Health","twinhealth.com"
"001VK00000V9zdX","Udemy","udemy.com"
"001F0000010dTrQ","Wegmans Food Markets","wegmans.com"
"0013j00003GVPke","Teads","teads.com"
"001F0000010dTM0","AAR","aarcorp.com"
"0013j000034tXpM","Temporal Technologies","temporal.io"
"0013j00003GVdjU","PSA Inc.","explorepsa.com"
"0013j00002mc99Y","City of McAllen, TX","mcallen.net"
"0012A0000283fp2","Unibet (Kindred - Customer)","unibet.com"
"0012A00002QsXkq","VistaJet","vistajet.com"
"0013j00003AMUBe","Jakala","jakala.com"
"0013j00002yYyiX","Canadian Centre for Occupational Health and Safety","ccohs.ca"
"001F0000017GMzf","SigFig","sigfig.com"
"0012A00002ZqV6L","Optibus","optibus.com"
"0013j00002cTVn7","Haas-Meincke","haas.com"
"001F000000xOWy8","Sabre Corporation","sabre.com"
"0013j00003AMQm1","City of Coconut Creek","coconutcreek.net"
"0012A00002Bn6SI","Brookfield","brookfield.com"
"001F000000mY5wu","OutSystems","outsystems.com"
"001F0000010dThS","O'Reilly Auto Parts","oreillyauto.com"
"001F000001aawoF","Givenchy (LVMH)","givenchy.com"
"0013j00003GVRYB","LinkedIn","linkedin.com"
"0012A00002Bn69u","TGW Logistics Group","tgw-group.com"
"001F000000p7JV8","iZettle MÈxico","izettle.com"
"0013j00002yauPw","Arbonne","arbonne.com"
"001VK00000VDjru","e2open","e2open.com"
"0013j00002yawql","Valtech","valtech.com"
"001F000000rx14H","Express-Scripts","express-scripts.com"
"001VK0000034Gni","WIRTGEN GROUP","wirtgen-group.com"
"0013j000031wCGw","OpenSea","opensea.io"
"0012A00002TztXI","Insights","insights.com"
"0013j00003GV5WP","RafterOne | An IPG Company","rafter.one"
"001VK00000eRkML","Nayamode","nayamode.com"
"001F000000uBm3F","Dealer.com","dealer.com"
"0013j00003ALZSV","Starlink","starlink.com"
"001F000000jmKXt","Mojang","mojang.com"
"001F000000lYd7v","LightSpeed Virtual Training","lightspeedvt.com"
"0012A00002OFHU8","Owl Labs","owllabs.com"
"0012A00002T93KE","K?rcher","kaercher.com"
"0013j00003GVXnC","Sky Switzerland SA","sky.ch"
"0013j000037iLDN","Book Depository","bookdepository.com"
"0012A00002BoZyf","Spendesk","spendesk.com"
"001VK00000BWwFc","DNB","dnb.no"
"001VK00000R6gzZ","Henning Larsen","henninglarsen.com"
"0013j00002yc773","Ingersoll-Rand Company","irco.com"
"0013j00002bA7EY","Plus","plus.ai"
"001F0000010dTmk","Sodexo","sodexo.com"
"0012A00002Bn6Ty","Tetra Pak","tetrapak.com"
"001VK00000VAImb","Calvin Klein","calvinklein.us"
"001VK00000fJL2k","SKIILS","skiils.com"
"001VK00000kGDGl","All Access GTE","allaccessgte.com"
"001VK00000cUEIz","Allergan","allergan.com"
"0012A00002Tzrrr","Tessenderlo Group","tessenderlo.com"
"001VK00000fcQDF","IFFCO Group","iffco.com"
"0012A00002YMPZD","ARKET (H&M)","arket.com"
"001F0000010dTrT","Platinum Equity LLC","platinumequity.com"
"001F0000017GMTi","Komatsu Construction","komatsuamerica.com"
"0012A00002BneLH","Zeeman","zeeman.com"
"0013j000034t1oj","GEMsoft7","gemsoft7.com"
"001VK00000AJd1V","Duni Benelux","dunigroup.com"
"0013j00002cTUZd","Banco Inter","bancointer.com.br"
"0012A00002V9Kzc","Schleich USA","schleich-s.com"
"001F0000010dTb4","Progressive Insurance","progressive.com"
"0013j000034t3VK","Doodles","doodles.app"
"0013j000034t2zV","Aller Media A/S","aller.dk"
"001F0000010dTkP","Rich Products Corporation","rich.com"
"0012A00002AghTH","Western Governors University","wgu.edu"
"0013j00002mbcpv","WMF Group","aboutwmf.com"
"0012A00002Tzrew","Beumer Group","beumergroup.com"
"0013j00002yacGK","Anton Paar","anton-paar.com"
"0012A00002AgXq7","Fj?llr?ven","fjallraven.com"
"001VK00000dHf1v","That Company","thatcompany.com"
"0013j000034rNti","Dune Analytics","dune.com"
"001F000001AHbDO","Start.io","startapp.com"
"0013j00002cTV7p","BGL Group","bglinsurance.co.uk"
"001VK000007CzlH","Tungsten Automation","tungstenautomation.com"
"0012A0000285KYe","ServiceTitan","servicetitan.com"
"001F0000010dTNa","American Equity Investment Life Holding Co","american-equity.com"
"0013j00003AP50N","UMGC","umgc.edu"
"001F000001qOwy8","Ketchum","ketchum.com"
"001VK00000fYkvG","Zeekr Group Design","geelydesign.com"
"0013j00003AMFC9","OnChain Studios","onchainstudios.com"
"001F0000010dSkh","Anki","anki.com"
"001VK00000kDTUl","Premier Parks, LLC","premierparks.com"
"0012A00002Z1bRF","State of Missouri","mo.gov"
"0012A00002Bn6Da","DKSH","dksh.com"
"0012A000021KEM6","Plex","plex.tv"
"001F000001rp1oM","Stuart","stuart.com"
"0013j000031vwlx","Drata","drata.com"
"001F0000010dSzi","Dataminr","dataminr.com"
"001F0000017GMb6","Sunovion Pharmaceuticals","us.sumitomo-pharma.com"
"0013j00002ybEwd","IT-Total","it-total.se"
"001F000001N2Adj","Hopper","hopper.com"
"0012A00001vZr5p","Qubole","qubole.com"
"0012A0000284zU9","Farmer's Business Network, Inc.","farmersbusinessnetwork.com"
"0013j00003ANOk9","Yocha Dehe Wintun Nation","yochadehe.org"
"0013j000034tHJ8","FD Technologies","fdtechnologies.com"
"0012A00002T74jB","Productive","productive.io"
"0013j00003GVSfn","Securitas Nederland","securitas.nl"
"0012A00002Tzqr7","EDF","edf.fr"
"0013j00002ybyaX","University of Vaasa","univaasa.fi"
"001F0000010dTMZ","The AES Corporation","aestiete.com.br"
"0013j00003AP4rW","Ramskov Consulting Group","ramskov.com"
"0013j00002yatgJ","WME","wmeagency.com"
"0013j00002bA0kx","DentaQuest","dentaquest.com"
"0013j00003ANSL3","Cochlear","cochlear.com"
"0012A00002WxunU","Cypress.io","cypress.io"
"001VK00000bxh8T","Puustelli Group Oy","puustelli.com"
"001F000001qOwlU","Radware","radware.com"
"0012A00001vZqaB","Popeyes Louisiana Kitchen","popeyes.com"
"0013j000037iRE8","Centurion Health","centurionmanagedcare.com"
"0012A00002Bmn7Y","Infogain","infogain.com"
"001F0000010dTgY","Novartis","novartis.com"
"001F0000017GMKM","Haier","candy-group.com"
"001VK000006jwBE","Spritju","spritju.com"
"001F0000010dTa6","Navajo Crude Oil Marketing Co","hollyfrontier.com"
"001F000000fcRAT","Bank of America","bankofamerica.com"
"0013j000037iQo5","AVANT Communications","goavant.net"
"001F0000017GMUP","Cantel Medical Corp.","cantelmedical.com"
"0012A00002Z1a5w","State of New Jersey","nj.gov"
"001VK000003st8V","Attorney General Colorado","coag.gov"
"001F0000010dSrx","Accruent","accruent.com"
"001F000000xBtqP","American Airlines Federal Credit Union Inc","aacreditunion.org"
"001F000001qOwpv","Ben & Jerry's (Unilever)","benjerry.com"
"001VK00000gsFZn","ProData Health","prodata.health"
"001VK00000aSAnj","Thenounproject","thenounproject.com"
"001VK00000RzxIB","Citrix","citrix.com"
"0013j00002cTUfq","Curium Pharma","curiumpharma.com"
"0013j00003ANOn0","Office of the Cook County Clerk","cookcountyclerkil.gov"
"001F000000pZT0X","Travel Guard","travelguard.com"
"0013j00003GVnNZ","Itiviti","orcsoftware.com"
"0013j000034uD5b","Harman/Becker Automotive Systems","jobsify.org"
"001F0000010dTSJ","Circle K","circlek.com"
"001A000000dT1NG","Automattic","automattic.com"
"0012A00002JYxpR","Bolia.com","bolia.com"
"0013j00002macqW","Accor","accor.com"
"0013j00002cRVln","CompuCom","compucom.com"
"0012A00002BoiDG","Forrester","forrester.com"
"0013j00003GVss6","Halton Group","halton.com"
"001F000000vY5KX","USAA","usaa.com"
"0013j000034sIhP","GL events","gl-events.com"
"001F000000oqQPL","Pacific Gas & Electric Company","pge.com"
"001F000000ud8WI","PGA TOUR","pgatour.com"
"001F0000017GLzs","The Mosaic Company","mosaicco.com"
"0013j00003ANddq","Municipality of Provincetown","provincetown-ma.gov"
"0012A00002ZpKr1","Vistar Media","vistarmedia.com"
"0013j00002mceWB","The Everett Clinic","everettclinic.com"
"001F000000j7ELI","Krueger International","ki.com"
"001F0000011mByE","Optiv","optiv.com"
"0013j00002bBnES","State of North Dakota","nd.gov"
"0013j00002mcboV","One Nordic","one-nordic.se"
"001VK00000Klzao","Banco de Occidente","bancodeoccidente.com"
"0013j00002yaBgb","CoinDesk","coindesk.com"
"001VK00000fxWzG","Watson","watsonfurniture.com"
"0012A00002YKCfl","Upsales","upsales.com"
"001VK00000UyZUg","Patentpendingideas","patentpendingideas.com"
"0012A00002Bn0dU","CHEP","chep.com"
"0013j00002yYyYd","Harris County Sheriff's Office","hctx.net"
"0012A00002IhVaP","Netlify","netlify.com"
"001F0000010dTQL","BOK Financial","bokf.com"
"0013j000037iKc0","Boozt Fashion","booztgroup.com"
"001VK00000fcQDE","Allied Electronics & Automation","alliedelec.com"
"0013j00002bAKqn","IDBS","idbs.com"
"001VK00000RwKhz","Iberia","iberia.com"
"0013j00002yYyfj","Broward Sheriff's Office (BSO)","sheriff.org"
"001F000000vYYuZ","Grant Thornton LLP (US)","grantthornton.com"
"001VK00000gtodY","kristinhaluch.com","kristinhaluch.com"
"0013j00003AMyAH","Charter Communications","400atlantic.com"
"0012A00001vZXHs","Audemars Piguet","audemarspiguet.com"
"0013j00003AOgOF","Discord","discord.com"
"001VK00000gtqxG","ValueCycle Health","valuecyclehealth.com"
"0013j00002bBy5O","iCarbonX","icarbonx.com"
"0013j00003GUwmw","DIRECTV","directv.com"
"001F0000010dTae","IDEXX","idexx.com"
"0012A00002TzrL7","ALSO Holding","also.com"
"0012A00002Tzrak","Toyota Motor Europe","toyota-europe.com"
"001F000001N2AdH","Lever","lever.co"
"0013j000037iKoQ","Biesse Group North America","biesse.com"
"0013j00003AMRFo","Governor's Office of Storm Recovery","stormrecovery.ny.gov"
"001VK000003QMEW","Blackboard","blackboard.com"
"001VK00000V7GUQ","Amer Sports Corporation","amersports.com"
"0012A00002RN0pi","Kvadrat","kvadrat.dk"
"001F000000puN0B","Avnet","avnet.com"
"0013j00003ANkmq","Mass Cultural Council","massculturalcouncil.org"
"0013j000034ssGD","Anchorage Digital","anchorage.com"
"001VK000003mJOP","Golden Bridge DBVE","goldenbridgedbve.com"
"001VK000007vpNo","IMB (International Mission Board)","imb.org"
"001F0000010dTnJ","Steel Dynamics, Inc.","steeldynamics.com"
"001F000001TADBG","Audible","audible.com"
"0012A00002UJDyy","Fatshark","fatsharkgames.com"
"0012A00002RMJUr","Marel","marel.com"
"001VK00000Zczsq","Plaud","plaud.ai"
"001F0000011o0lw","The Trade Desk","thetradedesk.com"
"0012A000021Ihqw","Gavi","gavi.org"
"001VK00000RCrPC","Beautynova","beautynova.com"
"0013j00003AMAwr","Rite Aid","riteaid.com"
"001VK00000iPRGc","Wikifx","wikifx.com"
"0013j00002mc9c0","Port of San Francisco","sfport.com"
"0013j000037iO2O","Sanoma Markkinointi Routa","markkinointirouta.fi"
"001VK000004LVoL","Cygni, part of Accenture","cygni.se"
"001VK00000ikP0h","SeeScan","seescan.com"
"0013j000034uKAE","Comactiva","comactiva.se"
"0012A00002ZpIqk","Laurentian Bank of Canada","banquelaurentienne.ca"
"001F0000010cXg5","Triumph International","triumph.com"
"001F0000010dT5B","Intcomex","intcomex.com"
"0012A00002NqPso","FloQast","floqast.com"
"0013j00002cTwp7","Placer.ai","placer.ai"
"001F0000010dTot","Turkish Airlines","turkishairlines.com"
"0012A00002Bn5we","Digit","digit.co"
"001VK00000ELQ99","REISSWOLF International","reisswolf.com"
"0013j000037iTBr","EQS Group","eqs.com"
"001F0000010dTaM","Hub International","hubinternational.com"
"0013j00002cUIPG","Jimmy John's","jimmyjohns.com"
"0013j00002mdAYc","Aflac","aflac.com"
"0013j00002ybXPL","Levels Health","levelshealth.com"
"0012A00002EH64b","Sovos","sovos.com"
"0013j00003AMQmk","City of Jacksonville Beach, FL","jacksonvillebeach.org"
"0012A00002ZpIg6","MSU Federal Credit Union","msufcu.org"
"0013j00002yaEQV","oneZero Financial Systems","onezero.com"
"001F000001rq2vi","SANS Institute","sans.org"
"001F0000010dSw4","Blue Bottle Coffee","bluebottlecoffee.com"
"0013j00003ANOmj","Fox Valley Park District","foxvalleyparkdistrict.org"
"0012A00002Bn6EA","Vifor Pharma","viforpharma.com"
"0013j00003ALNDZ","Bitfarms","bitfarms.com"
"001F000000hWc9N","Avery Dennison","averydennison.com"
"0013j00002mc96j","Village of Mount Prospect","mountprospect.org"
"0012A00002Bn62v","GE Transportation","getransportation.com"
"0013j00003GUwh7","ZEISS Microscopy","zeiss.com"
"001VK00000V7o1S","DOLCE&GABBANA","dolcegabbana.com"
"0012A00002Et2lB","UNESCO","unesco.org"
"001VK00000fPHhK","BRPH","brph.com"
"0013j00003JpCbz","Remo Health","remo.health"
"001F0000017GMVD","Five Below","fivebelow.com"
"0012A00002EvFBU","Odessa","odessa-tx.gov"
"0012A00002Z1awC","U.S. House of Representatives","house.gov"
"001F0000010dT9B","Oracle","oracle.com"
"0013j00002ycLFz","Maersk Oil","maerskoil.com"
"0013j00002cReBK","Paradox","paradox.ai"
"0013j00003GVg0B","Membio","membio.com"
"001F0000010dTOh","Autoliv","autoliv.com"
"001VK00000bh8TZ","Neo Technology Group","neo1.com"
"0013j000031vjgG","Jeeves","tryjeeves.com"
"0013j00002ya1al","Thirty Madison","thirtymadison.com"
"001F000001tff86","NewStore","newstore.com"
"001VK000007laqI","NN.07","nn07.com"
"0013j000034tjFS","&Tradition","andtradition.com"
"0013j00002yaGeL","Locally","locally.com"
"0013j000037iPDd","Keyes Automotive Group","keyescars.com"
"001F000001jMFtU","Sub-Zero Group","subzero-wolf.com"
"001VK00000fcUnY","TPC Wire & Cable","tpcwire.com"
"001VK00000UJDYS","TechnipFMC","technipfmc.com"
"001F000000wbmP8","EBSCO Information Services","ebsco.com"
"0013j00002yZ6y4","Anduril Industries","anduril.com"
"001VK00000Tp0rh","CommScope","commscope.com"
"001VK00000ejP04","EMPWR Nutrition Group","empwrnutrition.com"
"001VK000007ARxQ","Zerorez","zerorez.com"
"0012A00002V8Sh0","Lydia","lydia-app.com"
"0012A00002Eskgu","Generali","generali.com"
"0012A00002Bn0kW","Entrematic","entrematic.com"
"0012A00002Bn0k7","GLORY LTD","glory-global.com"
"0013j00002mdroo","Phoenix Labs","phxlabs.ca"
"0013j00002yaGXA","VRBO","vrbo.com"
"0013j00002cRYr6","Novozymes","novozymes.com"
"0013j00002yc1xP","FDB (First Databank, Inc.)","fdbhealth.com"
"0013j000031vwp3","Form Health","formhealth.co"
"001F000001N2AdI","HackerRank","hackerrank.com"
"0012A00002Bn63Q","The Co-operators","cooperators.ca"
"0013j00002ybA2j","ElringKlinger","elringklinger.com"
"0012A00002ZpLVE","Loggi","loggi.com"
"0012A00002Bn6Oy","Sunrise Communications AG","sunrise.ch"
"0013j00003AMRFz","New York State Homes & Community Renewal","hcr.ny.gov"
"001F000000xQ0We","famsa.com","famsa.com"
"0013j00002mcDdj","Living Security","livingsecurity.com"
"001F000001jOq54","Kinsa","kinsahealth.com"
"0013j00002ybI73","NAGA","naga.com"
"001VK000003st7V","North Carolina Medicaid","medicaid.ncdhhs.gov"
"0013j00002ybu4d","humaneticsatd.com","humaneticsgroup.com"
"0012A00002XRM3a","Nuro","nuro.ai"
"0012A00002TXmwG","Sunsail Sailing Vacations","sunsail.com"
"0013j00002mc8zA","Catawba County","catawbacountync.gov"
"0012A0000286M7o","Depop","depop.com"
"0013j00002mc8yw","Town of Chapel Hill","townofchapelhill.org"
"001F000000fZRrb","Hot Topic","hottopic.com"
"001VK00000WImjh","ALLPLAN","allplan.com"
"0013j00002cRaOm","Twill","twill.health"
"0013j00002mdsZr","N-Able","n-able.com"
"0012A00002apJ05","Dynatrace","dynatrace.com"
"0013j00002bBRKO","Viz.ai","viz.ai"
"001VK00000cBjkA","TMP Audio Production","tmpvoices.com"
"0013j00002mci0r","EasyPark Group (Arrive -- Customer)","easyparkgroup.com"
"0012A00002Bn0vD","Blend","blend.com"
"0013j00002cT2KF","SSS","sss.gov"
"001F000000nxnyn","Claire's","claires.com"
"0013j00002bA62v","Enterprise Events Group","eeginc.com"
"001F000001c1aqW","Supercell","supercell.com"
"001VK00000WPwpc","Avios Group","avios.com"
"001F0000010dTVs","Eqt Corporation","eqt.com"
"001F000001jMBkT","Beckman Coulter Diagnostics","beckmancoulter.com"
"0012A00002Z1bBz","Big Health","bighealth.com"
"0012A00002ZIRWL","Curaleaf Holdings, Inc.","curaleaf.com"
"001F0000010dTOy","Babcock & Wilcox","babcock.com"
"0012A00002Z28JH","Stord","stord.com"
"0013j00003AOFxI","Husqvarna Construction","husqvarnaconstruction.com"
"0012A00002SmytE","Maven Clinic","mavenclinic.com"
"001F0000010dTdC","Liberty National Life Insurance Company","libertynational.com"
"001F000001qOzmP","Diaverum","diaverum.com"
"001VK0000098MML","Coca-Cola HBC","coca-colahellenic.com"
"001F000001qPkTH","Gunnebo","gunnebo.com"
"001VK00000Xzo89","Wordwizardsinc","wordwizardsinc.com"
"0013j00002md9T9","Bitcoin Suisse","bitcoinsuisse.ch"
"001VK00000PNbF0","JAMF","jamf.com"
"0012A00002S9snq","GHX","ghx.com"
"001F000000jm8jl","First Advantage","fadv.com"
"0013j00002yaGG1","Bell Flight","bellflight.com"
"001F000000fZEgZ","FamilySearch","familysearch.org"
"0012A00002KCPQL","Circus Street","circusstreet.com"
"001F000000n5X8I","Tory Burch","toryburch.com"
"001F000001BO57C","La Prairie Switzerland","laprairie.com"
"001F0000010dT7N","Aptean","aptean.com"
"0013j00002yacNt","Firebolt","firebolt.io"
"001VK00000F17Rp","Coupang","coupang.jobs"
"0012A000021IOjd","Plaid","plaid.com"
"001F000001jMZkH","Altice USA","alticeusa.com"
"0012A00002RMzee","Wolt","wolt.com"
"0013j00002mc97P","City of Southfield","cityofsouthfield.com"
"001F0000010dTnM","Stepan Company","stepan.com"
"001VK00000gsPal","PanCare of Florida, Inc.","pancarefl.org"
"0012A00002asDXq","Splashtop Inc.","splashtop.com"
"001VK00000Zxhkj","Soben","sobencc.com"
"001F000001N2YA0","KPN","kpn.com"
"0013j00002cTZ6Z","Allegheny County Department of Human Services","alleghenycounty.us"
"0013j000031w0Z6","TRM Labs","trmlabs.com"
"001VK00000R4ykV","Great Works","greatworks.com"
"0013j00002ybfzO","MediaCom","mediacom.com"
"0013j000034s2Jk","Capella Hotels Group","capellahotels.com"
"0013j00002yYydY","Information and Privacy Commissioner of Ontario","ipc.on.ca"
"0013j00002yZNdR","CHU Sainte-Justine","chusj.org"
"001VK00000eSPvj","Super Dimension","allblack.co"
"0012A000021ITA6","Moncler","moncler.com"
"001A000000YO072","Insider","businessinsider.com"
"001F0000010dTDC","RAMP","ramp.com"
"0013j00003AM0Dx","craigslist","craigslist.org"
"0013j000031veu1","Wheel","wheel.com"
"0012A00002YLtcg","MIXhalo","mixhalo.com"
"001VK000008jfws","California Health & Human Services Agency","chhs.ca.gov"
"001VK00000VQDPd","Office Depot","officedepot.com"
"0012A000021IOk5","Mercari","mercari.com"
"001F0000017GMY8","BI Worldwide","biworldwide.com"
"001VK00000T3DVK","instaply","instaply.com"
"001VK000006CcKb","Valvoline Global Operations","valvolineglobal.com"
"001VK00000eImyY","GE HealthCare","gehealthcare.com"
"0013j00002cRan4","Arceo.ai","cyberresilience.com"
"001F0000010dTNd","American Tower","americantower.com"
"0012A00002Bn0w6","Doctolib","doctolib.fr"
"001F0000010dT2P","Foundation Medicine","foundationmedicine.com"
"001F0000010dTfG","Mohawk Industries","mohawkind.com"
"0013j00002cUPFz","Allnex","allnex.com"
"001VK00000fSUZp","Cpl Group","cpl.com"
"001VK00000JxENQ","Drift","drift.com"
"001F000001LyJKv","JFrog","jfrog.com"
"0013j00002yaGch","Rec Room","recroom.com"
"0012A00002Bn6NB","JTI (Japan Tobacco International)","jti.com"
"001A000000e6aID","Zulily","zulily.com"
"001VK00000U1qkr","Centuri Group, Inc.","centuri.com"
"0012A00002830Eq","Ocado","ocado.com"
"001VK000008lRPx","Groundswell, Inc.","groundswell.org"
"0012A000021J4Ng","Zenni Optical","zennioptical.com"
"0013j00002bAGw8","TPG Global","tpg.com"
"001VK00000eFGAH","modibodi","modibodi.com"
"001VK00000bgsHE","Symbol","symbol.vc"
"001F0000017GMJU","McWane, Inc.","mcwane.com"
"001F000000gTolQ","Procter & Gamble","pg.com"
"0013j000031vPvd","Awardco","award.co"
"0013j000034t2gM","Papaya Gaming","papaya.com"
"0012A00002Tzstw","Onninen","onninen.com"
"0013j00002bAKxv","WEC Energy Group","wecenergygroup.com"
"0013j00002bAO8h","AxiCorp","axi.com"
"001F0000017GMo2","Serco","serco.com"
"0013j000034rfNs","Axelera AI","axelera.ai"
"001F000000gurGU","Dynata","dynata.com"
"0013j00003ALmN4","PROVINCE OF NOVA SCOTIA","novascotia.ca"
"0013j00003AMGpM","Mexc Global","mexc.com"
"0013j00003GUweG","Wheels","wheels.com"
"0013j00003ALmOJ","Via Licensing","via-corp.com"
"0012A00002Euuop","Mollie","mollie.com"
"0013j00002md1vN","Forto","forto.com"
"0013j00003AO58l","Truist","truist.com"
"001F000000g6yP2","TD","td.com"
"001F000001tff68","Agoda","agoda.com"
"001VK00000VNP4E","STMicroelectronics","st.com"
"0013j00002cSqu6","Somatus","somatus.com"
"0013j00003AMuWF","The Doctors Company","thedoctors.com"
"0013j00003ANOmr","Illinois Supreme Court","illinoiscourts.gov"
"001F000001LDiTA","BlaBlaCar","blablacar.co.uk"
"0012A00002Bn0bP","Ciklum","ciklum.com"
"0012A00002Bn6QK","Anticimex","anticimex.se"
"0013j00002mc927","City of Santa Rosa","srcity.org"
"001VK000007lWOE","Uhipwear","uhip.se"
"001F000000lZbtQ","WorldVentures Holdings","worldventures.com"
"0013j00002cRdqH","Modern Health","joinmodernhealth.com"
"0013j00002cTVOM","OCSiAl","ocsial.com"
"0012A00002Z1akX","&frnds","nfrnds.com"
"001A000000Xf5uh","Activision","activision.com"
"0012A00001rIZ1H","Canada Goose","canadagoose.com"
"001F000001W9g0L","Japan Airlines","jal.com"
"0012A000021K3ro","Mersen","mersen.com"
"0012A00002ZpKZc","Ameris Bank","amerisbank.com"
"001VK000002pGzC","cargo-partner","cargo-partner.com"
"0013j00003GVnaj","National Geographic Society","nationalgeographic.org"
"001VK00000XsDWk","Cohesivesolutions","cohesivesolutions.com"
"001F000000pthRx","Nordson Corporation","nordson.com"
"001VK00000VJIQn","Bumble Inc.","bumble.com"
"001F000000joNPq","Samsonite","samsonite.eu"
"001VK0000060QUf","Portland Fire & Rescue","portland.gov"
"001VK000008KSle","Tammi","tammi.fi"
"001F000000wZRFH","Wunderkind","wunderkind.co"
"001F000000ravXh","NYC Department of Transportation","nyc.gov"
"001VK00000U8J2c","It Works! Global ","itworks.com"
"0013j00002magxB","American Honda Motor Company","honda.com"
"0012A00002Bn0aH","Norsk Hydro ASA","hydro.com"
"0012A00002Tyj3m","Harness","harness.io"
"001F0000010dTKJ","HeartWare","heartware.com"
"001F000001BPkk2","Paysafe","paysafe.com"
"0013j000037iK6D","Kering Eyewear (Kering)","keringeyewear.com"
"001VK000004h0qb","North Media A/S","northmedia.dk"
"0013j00003ALmKP","Christian B¸rkert GmbH & Co. KG","burkert.com"
"0013j00002yaBbO","Fresha","fresha.com"
"001VK00000S5RM1","Park Place Technologies","parkplacetechnologies.com"
"0013j000034uJCB","Octopia","octopia.com"
"0013j00003AME0q","Florence Labs","florenceos.com"
"0012A00002QrcQD","Oras Ltd","oras.com"
"001F000001qOwoy","Torrid","torrid.com"
"0012A00001vZLYB","Boomi","boomi.com"
"0013j000037iNcA","Cargo","thecargoagency.com"
"001VK00000OBoF1","Nutrameg SIA","nutrameg.com"
"0012A000021I7Vd","SUSE","suse.com"
"001F000000vYYtq","Ceridian","dayforce.com"
"0013j00002yZ3GU","Pharmadule Morimatsu AB","pharmadule.com"
"0012A00002ZpJ8L","Fairfax County Public Schools","fcps.edu"
"001F0000010dTYw","Guardian Life","guardianlife.com"
"0013j00002mbwG5","Bruker","bruker.com"
"0012A00002ZpIrp","Police and Fire Federal Credit Union","pffcu.org"
"001A000000bYNWi","Airbnb","airbnb.com"
"0012A00002EspV9","Equiniti","equiniti.com"
"001VK00000bhJF6","Kentec","kentec.co.uk"
"0012A000021J4CX","Kaseya","kaseya.com"
"0013j00003AMuWL","Coaction Specialty Ins Group","coactionspecialty.com"
"001A000000Yx42U","Rackspace Technology","rackspace.com"
"0013j00003AP4tu","Kenvue","kenvue.com"
"001F000000g7S6z","Autodesk","autodesk.com"
"0012A00001vZSYh","International Education","iie.org"
"0013j00003AMHy7","Vauld","vauld.com"
"0013j00002bCbQp","Volvo Group Trucks Technology","volvogroup.com"
"0013j00002ycLAs","RS Components","rs-online.com"
"001F000000hWcJW","Stanley Black & Decker, Inc.","stanleyblackanddecker.com"
"0012A00002HC6xc","Pearson","pearson.com"
"001VK00000BbMl1","Conen Group","conen-group.com"
"001VK00000Cd9Ny","Exness","exness-careers.com"
"0013j00002cUTdl","Medison Pharma Ltd. ?????? ?????","medison.co.il"
"001F000000r1pMC","Caesars Entertainment, Inc.","caesars.com"
"0012A00002865lT","ADEO","adeo.com"
"001F000001mcTVW","City of Boston","cityofboston.gov"
"0012A00002aVpTt","DispatchHealth","dispatchhealth.com"
"001F0000010dTpg","U-Haul","uhaul.com"
"001VK00000gCTAv","REACH","reachnetworks.com.hk"
"001F000000fZRrl","Sam's Club","samsclub.com"
"0012A00002Bn6Ep","Garlock Family of Companies","garlock.com"
"0013j000037iT9a","Flash","flash.global"
"0013j00002bCbyQ","Fox Racing","foxracing.com"
"001F000000jU0LA","Under Armour","underarmour.com"
"0012A00002ZpIgE","URBN","urbn.com"
"001VK00000cjjeD","Vwgroupsupply","vwgroupsupply.com"
"0012A00002ZpIfA","America First Credit Union","americafirst.com"
"0013j00002ybscM","Noldus Information Technology","noldus.com"
"001F000000gVd6z","Pratt & Whitney","utc.com"
"001A000000ZQMGE","Staples","staples.com"
"001VK000007vpNM","Brokk","brokk.com"
"001F000000gAJM0","Vocera","vocera.com"
"0013j000031v0n7","OfBusiness","ofbusiness.com"
"0013j00002yc6hD","Wincanton plc","wincanton.co.uk"
"001F0000012FMsD","Wooga","wooga.com"
"001VK000004gxv0","Bank ABC","bank-abc.com"
"001F0000013ty1k","Poloniex","poloniex.com"
"001F000000f2zFF","Chegg Inc.","chegg.com"
"0012A00002Zob9v","Black Sesame Technologies","bst.ai"
"0013j00002cTLu1","Alector","alector.com"
"001VK00000NdnLN","Publicis Worldwide","publicis.com"
"001VK000002hQa3","B¸rklin Elektronik","buerklin.com"
"0012A00002Vvy7V","LeafLink","leaflink.com"
"0013j00002cU9k7","Shein","sheingroup.com"
"001F0000017GM0y","Holcim","holcim.com"
"001VK000008z0cp","Thx Ltd.","thx.com"
"0013j000031w68O","MobileCoin","sentz.com"
"001F000000tYnrS","TimeTrade, Inc.","timetrade.com"
"001VK00000f5dco","Milltown Partners","milltownpartners.com"
"0013j00002cUSRQ","Pet Circle","petcircle.com.au"
"0013j000031wBTu","SellerX","sellerx.com"
"001F0000010dTT6","CMS Energy Corporation","consumersenergy.com"
"0012A000021K3n0","Adient","adient.com"
"001VK00000VL4Nw","Informatica","informatica.com"
"0012A00002MnVhE","Musgrave Group","musgravegroup.com"
"0013j000031uerJ","Macademia","davincimedia.tv"
"0013j00003GWbUy","Niantic, Inc.","nianticlabs.com"
"001VK00000fzPBc","Singer Vehicle Design","singervehicledesign.com"
"0012A00002HBnWs","FARO","faro.com"
"001F000000txk9n","Tinder","lifeattinder.com"
"0013j000034t5GA","Eikon Therapeutics","eikontx.com"
"0012A00002BnVKi","Jobber","getjobber.com"
"0013j00002mc9Q0","City of Gainesville","cityofgainesville.org"
"001VK00000C2GY2","Beckman Coulter Life Sciences","beckman.com"
"001F000000xkzmS","Moody's Corporation","moodys.com"
"0013j00002mc8mo","City of Albuquerque","cabq.gov"
"001VK000008KQ3v","B-Reel Films","brf.co"
"001F000001N2AUs","iCapital Network","icapitalnetwork.com"
"0013j000037iPjc","LayerZero Labs","layerzero.network"
"001F000000oey5N","TiVo Corporation","tivo.com"
"0013j00002ycMGk","Hobbii","hobbii.com"
"0012A00002aGnCk","Subway","subway.com"
"001A000000YNQqt","Zillow","zillow.com"
"0012A00002apJ8T","GEP Worldwide","gep.com"
"001F0000010dSns","MetricStream","metricstream.com"
"0013j000031vkF1","Sharkmob","sharkmob.com"
"0012A0000286IB2","TV Azteca","tvazteca.com"
"0013j00002cUI1i","Mercy Care","mercycareaz.org"
"0012A000021J4IP","Reliance Worldwide Corporation","rwc.com"
"001F000000nxsDd","Teradata","teradata.com"
"001A000000aFRQW","Sitecore","sitecore.com"
"0013j00003AP4Ep","Swish","swish.nu"
"001F000000g8Lme","Meraki","meraki.cisco.com"
"001VK00000R4wFe","Seaber.io","seaber.io"
"0012A00002aqJlw","The Save Mart Companies","thesavemartcompanies.com"
"0013j00003GVLaJ","Agreena","agreena.com"
"001VK000008KYcC","Medicago Group","medicagogroup.com"
"0012A000021IQkw","Arla Foods","arla.com"
"001F000001qOwxH","Intelex Technologies ULC","intelex.com"
"0013j00003AM8LV","Suffolk County","suffolkcountyny.gov"
"001VK00000R6BXc","Samsung Austria","samsung.at"
"001VK00000BOZXn","RoomPriceGenie","roompricegenie.com"
"0012A000021IhrF","ORANGE ARTS AND CULTURE COUNCIL INC","orangecountyfl.net"
"0012A00002EvX2P","Colonial Life","coloniallife.com"
"0013j00003ALcCd","Motive","gomotive.com"
"001F000001Cuk0C","Couche-Tard","corpo.couche-tard.com"
"0012A00002S9kQ2","GitLab","gitlab.com"
"0012A000021J44k","British Council","britishcouncil.org"
"001F000001BPmV4","Fever","feverup.com"
"001F000000grAbR","First Data","merchants.fiserv.com"
"0012A000021KELR","Opus","opus.global"
"0012A00002Bn8Gk","Chicago Department of Aviation","flychicago.com"
"0013j00002mbz7x","FDA","fda.gov"
"001VK00000BJzkb","Kreetan Maku","kreetanmaku.fi"
"001F0000017GMXy","LANXESS","lanxess.com"
"0013j000037iLob","IPG","itape.com"
"0012A00002NrdiK","Plus500?","plus500.co.uk"
"001F000000p7Lew","Eastman Chemical","eastman.com"
"0012A00002TYKUR","Watlow","watlow.com"
"001VK00000VCzsL","Rio Tinto","riotinto.com"
"0013j00002cUE9s","Bricsys","bricsys.com"
"001F000000nzHtJ","TechStyleOS","techstyle.com"
"0013j00003AMQmV","City of Eastvale, CA","eastvaleca.gov"
"0012A000021IFXi","Too Faced Cosmetics","toofaced.com"
"001VK00000f5fTC","Meteor Education","meteoreducation.com"
"001F000001tftWC","Turtle Beach","turtlebeach.com"
"0013j000034tjiZ","JOOR","joor.com"
"0013j00002cUQYl","Simply","hellosimply.com"
"0013j00002bAIfq","VARtek Services","vartek.com"
"0012A00002BotKR","Graphcore","graphcore.ai"
"0012A00002Z1b2I","o9 Solutions, Inc.","o9solutions.com"
"001VK000007lg89","Digiteam Oy","digiteam.fi"
"001F000000hSnzW","Regions","regions.com"
"0013j00003ALzlG","Jovia","jovia.org"
"0012A00002BmnFu","beqom","beqom.com"
"001F0000017GMS4","Exl","exlservice.com"
"0012A00002asHDr","City and County of Denver","denvergov.org"
"001F000000f4gdh","Gucci (Kering)","gucci.com"
"0012A000021K3ql","Servier","servier.com"
"001F000000vsW52","Blue Cross and Blue Shield of Illinois, Montana, New Mexico, Oklahoma & Texas","enroll.bcbs-inmot.com"
"001F0000017GNFp","Resilience","resilience.com"
"0013j00002yaTbQ","Bredband2","bredband2.com"
"0012A000021K3nt","Groupe Rocher","groupe-rocher.com"
"0013j00002mc8mO","Erie County, NY","erie.gov"
"0013j00003AP4I8","Odense Maritime Technology","odensemaritime.com"
"001F0000017GMlp","Intertek","intertek.com"
"0012A0000284V0b","Huber+Suhner","hubersuhner.com"
"0013j00002yZztE","graze.com (Unilever)","graze.com"
"001F0000010dTP9","Banner Health","bannerhealth.com"
"0012A00002T9koM","Corteva Agriscience","corteva.com"
"0013j000034s4Sa","Beam Communications Pty Ltd","beamcommunications.com"
"0012A00002aoJMG","Rubix","rubix-group.com"
"0012A000021J47P","Donnelley Financial Solutions (DFIN)","dfinsolutions.com"
"0012A00002ZpJxq","Allegheny Health Network","ahn.org"
"0013j00002cUS1N","Rightway","rightway.co.nz"
"0012A00002BnVt6","Best Bridal Prices","bestbridalprices.com"
"001F000001GLzt5","Auchan","auchan-retail.com"
"001F000001RorGi","Dormakaba","dormakabagroup.com"
"001F000001TAB0R","Job&Talent","jobandtalent.com"
"0012A00002XpKXD","Reed Smith","reedsmith.com"
"001F0000012dqew","Zepz","zepzpay.com"
"0013j00003ANOnX","Calhoun County Road Department","calhouncountyroads.com"
"0013j000034sPti","Koalafi","koalafi.com"
"001VK000007lg8M","A Day's March","adaysmarch.com"
"001F0000010dSjZ","Adecco","adecco.com"
"001VK00000V7CXy","Briggs & Stratton Corporation","basco.com"
"0013j00002ybI6y","Kerecis","kerecis.com"
"0012A00001vZXJg","H?stens","hastens.com"
"0012A00002Bn6Qb","Europastry","europastry.com"
"001VK000009OoV4","Thermia AB","thermia.se"
"001F0000010dT3F","GoHealth","gohealthinsurance.com"
"0012A000021J466","U.S. Coast Guard","uscg.mil"
"001VK00000TX4s9","Komatsu North America","komatsu.com"
"0013j00003AOLTn","Gather","gather.town"
"001VK000003jq9u","National Kidney Foundation","kidney.org"
"001VK00000AvLI5","Functional Movement Systems","functionalmovement.com"
"001F000001Cul4Y","Opodo","opodo.com"
"001F0000011n6Mj","The Pokémon Company International","pokemon.com"
"0012A00002KJdI1","Inter-American Development Bank","iadb.org"
"001VK00000Rfl1q","Scisure","scisure.com"
"0013j00002ybxX1","City of Amarillo","amarillo.gov"
"001VK00000Pm8D0","Temu","temu.com"
"001F0000015cnZJ","Fiverr","fiverr.com"
"0013j000031w8iA","Buenbit","buenbit.com"
"001A000000aFVNb","Cvent","cvent.com"
"0013j000037iOkL","Discover Goodwill of Southern & Western Colorado","discovermygoodwill.org"
"001VK00000RamBS","Rerun","rerun.io"
"001VK000008n1WD","Nestlé Coffee Partners","nestlecoffeepartnerssl.com"
"001VK00000UsPrN","Grainger","grainger.com"
"0013j00002md4Ln","Alloy","alloy.co"
"001F0000010dSrh","A10 Networks","a10networks.com"
"0013j00002cUKGj","University of California, Los Angeles","ucla.edu"
"0012A00002EswMW","Jotun","jotun.com"
"001F0000010dTd3","Lennox International","lennoxintl.com"
"001F000001DUtDk","Elastic","elastic.co"
"0012A00002QrcQG","Finnvera plc","finnvera.fi"
"001VK00000eJyO7","FXTRADING","fxtrading.com"
"0012A00002N86vX","bunq","bunq.com"
"0013j00002mc8pM","City of Greensboro","greensboro-nc.gov"
"0013j00002cTRsj","Biofourmis","biofourmis.com"
"0012A0000284R3E","bet365","bet365.com"
"001F000000rB0aO","Hill's Pet Nutrition","hillspet.com"
"0012A00002Etr9H","98point6","98point6.com"
"0013j00003AMRGs","Martin County Sheriff's Office","mcsofl.org"
"001F000000zA3Md","BroadRidge","broadridge.com"
"0013j00002cTVbS","Planet Payment","weareplanet.com"
"0013j00003AME0j","Toyota Motor Corporation","global.toyota"
"001F000001qOwyJ","Konica Minolta Business Solutions U.S.A., Inc.","konicaminolta.us"
"0013j00002yYyVJ","?Nergie NB Power","nbpower.com"
"001VK00000dLiIv","California's Great America","cagreatamerica.com"
"0012A00002Bn0bm","Inovalon","inovalon.com"
"001VK00000AgYyn","Fuze","fuzepr.se"
"001F000001ERBVK","Mionix","mionix.net"
"001F0000017GMUX","CTG","ctg.com"
"001A000000axmI0","Pizza Hut","pizzahut.com"
"001VK00000XYj1P","Spruson & Ferguson","spruson.com"
"0013j00003ALmN2","Promotora de Informaciones","prisa.com"
"0013j000034rMBP","CHAMPtitles","champtitles.com"
"001F0000010dT2S","Fractal Analytics","fractal.ai"
"001F000000nxrqZ","Caterpillar Inc.","caterpillar.com"
"001VK00000fPMDr","miHoYo","mihoyo.com"
"0012A00002Tzsmv","Elomatic Oy","elomatic.com"
"0012A00002YMPNW","MaaS Global","maas.global"
"001VK000000Rqwz","Rio Bank","rio.bank"
"0013j000031w21s","Wild Fork Foods","wildforkfoods.com"
"0012A00001rJixp","Swiggy","swiggy.in"
"001VK00000T76G5","Groupon","groupon.com"
"0013j00002mbhDr","Wirepas","wirepas.com"
"0013j00002cTV92","Sleep Number Corporation","sleepnumber.com"
"001F000001qOwuX","Visit Finland","fcb.fi"
"0013j00003ALmKD","CAM Alternatives GmbH","cam-alternatives.com"
"0012A00002Z1ce4","City of Seattle","seattle.gov"
"0012A00002ZpJAr","Onnit (Unilever)","onnit.com"
"001VK00000AhijB","Leo Burnett","leoburnett.com"
"0013j000034uFuB","Aptos Labs","aptoslabs.com"
"0012A00002Mlvq3","Socar","socar.my"
"0013j000031uAqe","ThreatLocker","threatlocker.com"
"0012A000021I43I","Entrata","entrata.com"
"0012A000021JYIT","Frontier Developments","frontier.co.uk"
"001F0000010dTl9","Saint-Gobain","saint-gobain.com"
"001VK00000TEKCm","FlatironDragados","fdcorp.com"
"0013j00002ycCHU","Scalapay","scalapay.com"
"0012A00002Bn0v4","Starbreeze","starbreeze.com"
"001F000001ro189","Absorb Software","absorblms.com"
"001F000001N2Afk","Gusto","gusto.com"
"0013j000031ueJA","Spinny","spinny.com"
"0012A00002ZpKqr","Axiom Space","axiomspace.com"
"001F0000017GN0w","Versa Networks","versa-networks.com"
"0012A00002Bn6EY","Bank of Canada","bankofcanada.ca"
"0013j000034rNTl","Kojamo Oyj","kojamo.fi"
"0013j00002yaOri","Adfenix","adfenix.com"
"0013j00002cTLmo","Adtraction","adtraction.com"
"0012A00002ZqFfS","Wika Group","wika.com"
"0012A00002ZpJHj","NinjaTrader","ninjatrader.com"
"0012A00001vZSzt","Officefive","15five.com"
"001F000001N2AWJ","Wonder Workshop","makewonder.com"
"001F000001H1xnM","Telus","telus.com"
"001F0000017GMaK","Luvata","luvata.com"
"001VK00000aeGvn","Faunalytics","faunalytics.org"
"001F0000017GLwH","RaceTrac","racetrac.com"
"001VK00000VDIlG","Clariant","clariant.com"
"001VK00000c07oP","Nordic Kitchen Group AB","nordickitchen.se"
"001F000000r0XtH","Boyd Gaming","boydgaming.com"
"0012A00002ZpJhm","Boston Medical Center","bmc.org"
"001F000001N2Afn","Kensho Technologies","kensho.com"
"001VK00000e9RbR","Empath Labs","empathlabs.com"
"0012A00002RMzV8","DNA Oyj","dna.fi"
"001VK00000h46XX","Helix BioConsult","helixbioconsult.com.au"
"0013j000037iOXo","StudyKIK","studykik.com"
"001VK00000PTsV6","Soli & Company","soliand.co"
"0013j00002bAByo","BBC","bbc.co.uk"
"001F0000010dTlk","Seaboard Corporation","seaboardcorp.com"
"001VK000003st8Z","Attorney General Louisiana","ag.state.la.us"
"0012A00002ZpL8Q","Genisys Credit Union","genisyscu.org"
"0012A000021KEDn","DrFirst","drfirst.com"
"001F000000ieyWf","Meltwater","meltwater.com"
"001F000000p8PGP","Zoom","zoom.us"
"0013j00002yZ6AH","CompanyCam","companycam.com"
"0013j00003ALmOL","VOYCEME","voyce.me"
"0012A00002Jult7","Scandlines Danmark ApS","scandlines.com"
"0012A00002Bn6Je","Aperam","aperam.com"
"001VK000006LLyy","H?rryda kommun","harryda.se"
"001VK00000VNKil","Kiwi.com","kiwi.com"
"001F0000017GM4a","Shiloh Industries","shiloh.com"
"0013j00002ycM9d","Elixir","elixirsolutions.com"
"001VK00000eM5ms","Cakewalk","cakewalk.com"
"0013j00003ALmS5","Youtube","youtube.com"
"0013j00002cTgAu","Suez Consulting","suez.com"
"0012A00002TXhwP","Alight Solutions","alight.com"
"001A000000dUR7c","MediaMath","mediamath.com"
"0013j00002ybuyE","Skydance","skydance.com"
"001VK00000isf9v","Boys & Girls Clubs of Metro Atlanta","bgcma.org"
"001VK0000021H21","AB InBev","ab-inbev.com"
"0013j00002yb3fd","Blip","blip.ai"
"001VK000002pGnn","ISS Austria","issworld.com"
"001VK000007lZfy","Decanter Oy","decanter.fi"
"0012A00002Bn0b8","LeasePlan","leaseplan.com"
"001F0000017GMhA","Almost Family Inc.","almostfamily.com"
"001F000000xMAKH","DSW Designer Shoe Warehouse","dsw.com"
"001F000000j8OYv","The Goodyear Tire & Rubber Company","goodyear.com"
"001A000000YNydq","Brightcove","brightcove.com"
"001F000000tYTId","GLOBO Language Solutions","globolanguage.com"
"0012A00002HBMso","Help Scout","helpscout.net"
"001VK00000BszMm","Harvey","harvey.ai"
"001F0000017GM8E","Brookshire Brothers, Ltd.","brookshirebrothers.com"
"0013j00002yYyUa","Michael Garron Hospital","tehn.ca"
"0013j00002cTRxF","Alcon","alcon.ch"
"001VK00000XmVg1","Vistaprint","vistaprint.com"
"001F000001pKHv6","PUIG","puig.com"
"001F0000010dTjR","PVH Corp.","pvh.com"
"0013j00003JpHDV","Junkyard","junkyard.com"
"001F0000010dTSw","Compass Group","compass-group.com"
"0013j00002mc8lv","Clerk of the Circuit Court & Comptroller, Palm Beach County","mypalmbeachclerk.com"
"0013j00002cRb2C","Athelas","athelas.com"
"001F0000010dTjV","Quad","quad.com"
"0013j000034t0T0","Mamaearth","mamaearth.in"
"0013j00002ybI99","National Fire Protection Association Inc","nfpa.org"
"0012A00002TWdz5","telia.no","telia.no"
"0012A00002BndlN","nChain","nchain.com"
"0012A000021J438","Aspen Insurance Group","aspen.co"
"0013j000034rYg6","Offchain Labs","offchainlabs.com"
"0012A00002SB7S5","KuCoin","kucoin.com"
"001VK00000FUU85","Takeuchi","takeuchi-us.com"
"0012A00002ZpJbD","Fidelis Care","fideliscare.org"
"001F000000r411t","SpiderCloud Wireless","spidercloud.com"
"001F0000010dTZT","HCL","hcl.com"
"0012A00002V8ClL","Barona Group Oy","barona.fi"
"001F000000faChq","Foot Locker","footlocker.com"
"0013j00002ycCHa","Zilch","zilch.com"
"0012A000021JYAz","Chemours","chemours.com"
"0013j000031wIft","abrdn","abrdn.com"
"0012A00002XUPUk","TicketSwap","ticketswap.com"
"0012A0000284xVf","Zongmu","zongmutech.com"
"001F000000gUiOt","Docusign","docusign.com"
"0013j000031uV7U","California Department of Health Care Services","curative.com"
"0013j00003AMuWG","Universal Ins Hldgs Group","universalinsuranceholdings.com"
"0012A00002Bo9MV","SALT Lending","saltlending.com"
"0013j00003JpCXO","Crisis24","crisis24.com"
"0013j00003ALcHO","GreenState Credit Union","greenstate.org"
"0013j00002mbuCs","Louis Nielsen","louisnielsen.dk"
"001F0000010dSkF","Army & Air Force Exchange Service","shopmyexchange.com"
"0012A00002TYaur","Tele2","tele2.com"
"001VK00000UhCG4","Amazon Luxembourg","amazon.lu"
"001F0000010dTgU","Nordstrom","nordstrom.com"
"001F000001aZDSE","PUCCI (LVMH)","pucci.com"
"0013j00003AMRG1","NYC Department of Housing Preservation & Development","www1.nyc.gov"
"0013j000034sKm4","United Nations Development Programme","undp.org"
"0013j00002mc7uX","Emergency Assistance Foundation","emergencyassistancefdn.org"
"0013j00002md7ZC","Jellysmack","jellysmack.com"
"001F0000010dTVV","Emcor Group, Inc.","emcorgroup.com"
"001VK00000f7y9d","RevOpsforce","revopsforce.com"
"001VK00000RrWrr","Container Centralen","container-centralen.com"
"001F000000txpZp","New Look Retail Group","newlook.com"
"0013j000031uV06","MetroPlusHealth","metroplus.org"
"0012A000021IOjw","iFood","ifood.com.br"
"0013j00003ALmNt","Sigvaris","sigvaris.com"
"001VK000007c0ix","Pronto Ai","pronto.ai"
"001VK000008ljix","Lake Trust Credit Union","laketrust.org"
"0012A00002Tzr6v","Nuffield Health","nuffieldhealth.com"
"001VK0000034I3H","Bosch Home Comfort Group","bosch-homecomfortgroup.com"
"001VK00000VKSYI","Capital One","capitalone.com"
"0013j00003AMQlN","California State Treasurer's Office","treasurer.ca.gov"
"0013j000031wAlt","MoonPay","moonpay.com"
"001F0000017GM2e","Renault Trucks","renault-trucks.com"
"0012A00002BneLU","Wsp | Parsons Brinckerhoff","wsp.com"
"001A000000aFUf9","Bottomline Technologies","bottomline.com"
"001F000000fZVBl","Kaiser Permanente","kaiserpermanente.org"
"001F0000010dTj8","Principal Financial Group","principal.com"
"001VK00000ELzIC","UniversitÈ de Lausanne","unil.ch"
"001F0000015zrjc","Hotelbeds","hotelbeds.com"
"0013j00003JpLmw","Henry Company","henry.com"
"001F000000luHBa","Royal Design Group","royaldesign.com"
"001VK00000beQD0","BeyondDutch","beyonddutch.com"
"0013j00002bA7zT","Garrett - Advancing Motion","garrettmotion.com"
"0012A00002UIkR7","Pandora","pandoragroup.com"
"0012A00002KK7ZU","Botify","botify.com"
"001F0000017GMzn","Synchrony","synchrony.com"
"001VK000009zoAo","Arcane Tinmen","arcanetinmen.com"
"001F000001jMgRV","Yara International","yara.com"
"001F0000017GLyu","Chase","chase.com"
"001F0000010dTbW","Jacobs","jacobs.com"
"001VK00000hJ2Ta","Stamford Health","stamfordhealth.org"
"0012A00002VGsHV","Electric","electric.ai"
"001VK00000fPHiv","Port","port.io"
"001F000000rZlSS","Staples Advantage","staplesadvantage.com"
"0013j000034tAHZ","Zero Hash","zerohash.com"
"0012A00002U2Nz4","VOI Technology","voiscooters.com"
"001F0000010dTUc","Digital Realty","digitalrealty.com"
"001F0000010dTPz","Biogen","biogen.com"
"0013j00002cRd7b","Capitolis","capitolis.com"
"0012A00002Agkow","UNiDAYS","myunidays.com"
"001F0000010dTV8","DuPont","dupont.com"
"001VK00000bSi0o","Macy's","macys.com"
"001VK00000fcepn","Irish Blood Transfusion Service","giveblood.ie"
"001F000000vYZV8","Magna International","magnapowertrain.com"
"0013j00002yaHM0","Globalization Partners","globalization-partners.com"
"001F000001tff9N","WilmerHale","wilmerhale.com"
"001F000001gJ6fP","Aggreko","aggreko.com"
"0013j00002cULFi","ING","ing.com"
"001F0000010dTYv","Guardian Industries","guardian.com"
"0012A0000283hCl","Rimac Automobili","rimac-automobili.com"
"001VK00000DgAzZ","KOSATEC","kosatec.de"
"0013j000034t3Nm","Arjo","arjo.com"
"001F000001Fg007","Gameloft","gameloft.com"
"0013j000031vnNg","Elos Medtech","elosmedtech.com"
"0013j00002cRbLP","Mindray","mindray.com"
"001VK00000gu2F3","Mount Nittany Health","mountnittany.org"
"001VK00000DiuiE","United States Air Force","airforce.com"
"0012A00002Tzrzz","TV 2","tv2.dk"
"0013j000037iLGH","Utica National Insurance Group","uticanational.com"
"001F0000010dTcq","Las Vegas Sands Corp.","sands.com"
"0013j00003ALSmc","Bit2Me","bit2me.com"
"0013j00002bC71s","SKIMS","skims.com"
"001VK000008QPz3","Elanders Print & Packaging","elanders.de"
"0012A00002TztcN","Reaktor","reaktor.com"
"001F000000qDDku","Labcorp Drug Development","labcorp.com"
"0013j00002ybLeF","Enfusion","enfusionsystems.com"
"0012A00002ZpJXq","UPMC","upmc.com"
"0012A0000286ECK","Industrious","industriousoffice.com"
"0012A000021ILCi","simplehuman","simplehuman.com"
"0013j00003AP4W2","Dustin","dustingroup.com"
"0013j000037iMz1","Wall Street English France","wallstreetenglish.fr"
"001VK00000U5SVX","Edward Jones","edwardjones.com"
"001F0000010dTpB","Tracer Supply Co","tractorsupply.com"
"0012A00002Z28OL","Accertify","accertify.com"
"001F000001IhV9h","IFS","ifsworld.com"
"0013j00003AMRFr","Lake County Clerk of the Circuit Court & Comptroller","lakecountyclerk.org"
"0013j00002me8VV","Kavak.com","kavak.com"
"0013j00002mc9ko","City of Foster City","fostercity.org"
"0013j00002cTV6D","LaSalle Investment Management","lasalle.com"
"0013j000034t3kM","Oticon Medical","oticonmedical.com"
"0013j000031voR8","NYC Mayor?s Office to End Domestic and Gender-Based Violence","nyc.gov"
"001F0000017GM6p","Pella Corporation","pella.com"
"0013j00003ALXqR","Blockmetrix","blockmetrix.com"
"0012A00002Ew79l","Omada","omada.net"
"0012A00002RMvPb","Honey","joinhoney.com"
"001VK00000Un0Hl","24 Hour Fitness","24hourfitness.com"
"0012A00002LfBMX","Noticed","noticed.com"
"001VK00000R0we0","Maxivision","maxivision.fi"
"0012A00002V9KzB","Elemis","elemis.com"
"001VK00000ASN0n","Eezy Oyj","eezy.fi"
"0013j00003ALmMD","MAXIM LIGHTING INTERNATIONAL","maximlighting.com"
"0013j00003ANtqi","Stena Metall AB","stenametall.net"
"0012A00002OEUFT","Keep","gotokeep.com"
"0012A00002Tzkfz","Resideo","resideo.com"
"001F000000ryz58","Ace Hotel / Atelier Ace","acehotel.com"
"001F000001qEm1W","Teachers Pay Teachers","teacherspayteachers.com"
"001F0000010dTTm","CSL Behring","cslbehring.com"
"001F0000010dTPG","Bausch + Lomb","bausch.com"
"001VK0000021H1g","Technip Energies","ten.com"
"001F000001jMa3x","DSM Firmenich","dsm-firmenich.com"
"001F000000o0Snw","Sumo Logic","sumologic.com"
"0012A00002EvhWV","Akka Technologies","akka-technologies.com"
"0013j00002b9zC3","Ironscales","ironscales.com"
"0012A00002Z1b1f","SpotOn","spoton.com"
"0013j00002yYsuj","Upmc Health Plan","upmchealthplan.com"
"0013j000034t2Dg","Runway","runwayml.com"
"0013j00002yacD2","IGT","igt.com"
"0013j00002bBxZm","Global I&N ENEL","enel.com"
"0012A00002N7TZj","TrustToken","trusttoken.com"
"0013j00003AOFvb","Akkodis","akkodis.com"
"0012A00002HBL86","Front","frontapp.com"
"001VK00000dUv2V","Foam Fabricators, Inc.","altorsolutions.com"
"0012A00002ZpIg2","Footaction","footaction.com"
"001F0000010dTXo","Gardner Denver","gardnerdenver.com"
"0013j00003ALmQI","Malher GT","malher.com"
"0013j000031w9kz","Eucalyptus","eucalyptus.vc"
"001VK00000gvrqd","Vheda Health","vheda.com"
"0012A00002Bn64k","Infobip","infobip.com"
"001VK00000EGElJ","PSI CRO","psi-cro.com"
"001F000001CrMRW","ENGIE Impact","engieimpact.com"
"0012A00002Bn691","KHS","khs.com"
"001F0000010dTL3","Zscaler","zscaler.com"
"0012A000021IYZ7","Evolve Vacation Rental","evolve.com"
"0012A00002Bn0aj","Amplifon","amplifon.com"
"0013j00003ALmJf","Agencia Catalana de Turisme","web.gencat.cat"
"001F000001gL9ey","Simon & Schuster","simonandschuster.com"
"0013j00002mbkfs","Allstate Benefits","allstatebenefits.com"
"0012A00002Z1bki","Energage","energage.com"
"0013j000034t5U5","ZignSec","zignsec.com"
"0012A00002Z1bWB","State of Maryland","maryland.gov"
"0012A00002BmY0i","Chorus.ai","chorus.ai"
"0013j00002bBxwW","M&GPrudential","prudentialplc.com"
"001VK00000ej1Lx","NEM Energy Group","nem-energy.com"
"001F000000zPriz","Planet Fitness","planetfitness.com"
"0013j00003ALmM5","The Lego Group","lego.com"
"0013j00002yZ59q","Minoryx Therapeutics","minoryx.com"
"0013j00002mcCxR","Ingka Group (IKEA)","ingka.com"
"0013j00002mc9mA","Kern Medical","kernmedical.com"
"0012A00002Bn6AT","Scanvaegt International A/S","scanvaegt.com"
"001VK00000ckGWx","Martin Currie","clearbridgeinvestments.co.uk"
"0012A00002UHKe2","Capsule","capsule.us"
"0013j00003GUwsc","Danish Agro a.m.b.a.","danishagro.dk"
"0013j00003ANI6n","Payless","payless.com"
"0013j00002ycKId","Metso Outotec","mogroup.com"
"001VK00000ccGE0","621 Consulting","621consulting.com"
"0013j00003GVE74","IFS","ifs.com"
"001VK00000C8AMg","Blanchard","blanchard.com"
"0013j00002yc777","TFS HealthScience","tfscro.com"
"001F000001rr9rF","Globe Electric","globe-electric.com"
"001F000001ez17C","Atlas Copco","atlascopco.com"
"0013j000037iXYN","iO","iodigital.com"
"001F0000010dTo0","Sykes","sykes.com"
"0013j00003GXP8r","astara","astara.com"
"0013j00002yYtzo","PA National Guard","nationalguard.com"
"001F000000faCls","ESPN","espn.com"
"001VK00000342Ay","Lufthansa Group","lufthansagroup.com"
"0013j00003ALmOT","YEBO","yebobeachhaus.com"
"0013j00002cTsJs","Snipes","snipes.com"
"001VK000007lbNQ","bareen","bareen.dk"
"0013j00002yaUTH","Rieter","rieter.com"
"0013j00002ya1ak","Openbravo","openbravo.com"
"0012A00002YLqAl","SambaNova Systems","sambanova.ai"
"0013j00002md7MC","Weir Flow Control","global.weir"
"001F0000010dTbO","Infineon Technologies","infineon.com"
"001F0000017GMfG","Huhtamaki","huhtamaki.com"
"001F0000010dTVk","Entergy","entergy.com"
"0013j00002bCbPC","Sunshine Health","sunshinehealth.com"
"001F000001rp2ec","Monday.com","monday.com"
"0013j00002yYyYN","Ussocom","socom.mil"
"001VK000007laIw","BHG Finland","bhggroup.fi"
"0013j00002mc8vN","Wayne County Michigan","waynecounty.com"
"0013j000037iKxg","Deluxe Entertainment Services Group","bydeluxe.com"
"0013j00002mc9ZJ","City of Winchester","winchesterva.gov"
"001VK00000VtPyR","GFT Technologies","gft.com"
"0013j000034t368","LiveScore Group","livescoregroup.com"
"001A000000aFUeo","Beyondsoft","beyondsoft.com"
"0012A00001rIP0P","The White Company","thewhitecompany.com"
"0013j00003GXxtG","Macmillan","macmillan.com"
"0013j00002md1XT","Swile","swile.co"
"0012A00002QsXjE","Jeeves ERP","jeeveserp.com"
"0013j00002bCbLH","Galderma","galderma.com"
"001F0000010dSyd","Confluence","confluence.com"
"001F000001qOx2V","Pictet Asset Management","pictet.com"
"001F0000010dTsT","Zoetis","zoetis.com"
"001VK000001WAgT","Marsh McLennan","marshmclennan.com"
"001VK00000dm1Hw","invixium","invixium.com"
"001A000000d6XYc","The Hartford","thehartford.com"
"001VK000007la4X","The Boelter Companies","boelter.com"
"0013j00002yaG8L","Williams-Sonoma, Inc.","williams-sonomainc.com"
"0013j00003GV6zm","VRT","vrt.be"
"0012A00002IhNJE","M&G plc","mandg.com"
"001VK00000i4t7p","Verite Educational Services","veriteedservices.com"
"001VK00000eSshi","Coblentz Patch Duffy & Bass LLP","coblentzlaw.com"
"0012A00002UJ81G","Alto Pharmacy","alto.com"
"001VK00000Aeo3e","Novo Nordisk","novonordisk.com"
"0012A00002BleB5","PandaDoc","pandadoc.com"
"001F000000pXaXa","Valve corporation","valvesoftware.com"
"001VK00000O7ElI","antidote","antidote.email"
"001VK00000UDUkB","P3 Health Partners Nevada","p3hp.org"
"001VK00000V7CXt","TikTok (ByteDance)","tiktok.com"
"0013j00002yYySj","Foreign Service Institute","state.gov"
"0012A00002RML5K","PostNL","postnl.nl"
"0012A00002SDCXq","ATP","atp.dk"
"001VK000007lav6","Fitness Engros A/S","fitnessengros.dk"
"0012A00002Y5hsX","Surgere","surgere.com"
"0013j00002yau1n","Genetesis","genetesis.com"
"0013j00003AMRG6","NY Office for People with Developmental Disabilities","opwdd.ny.gov"
"001VK00000bxQyr","Diplomat Collection","diplomatcollectionhotels.com"
"0012A00002BotrG","Cruise","getcruise.com"
"0012A00002Xp0Vx","Julius Blum","blum.com"
"001F000000nxsKy","Flowserve","flowserve.com"
"001F000001abqKH","Bershka (Inditex / Zara)","bershka.com"
"0013j00003JpCdU","PushPress","pushpress.com"
"0013j000037iIoc","Kvantum","kvantum.com"
"001F000000gUWUO","Yelp","yelp.com"
"001F0000010dThh","Packaging Corporation Of America","packagingcorp.com"
"001A000000dSwqN","Zipcar","zipcar.com"
"0012A0000283AB3","Geox","geox.com"
"001F000001qOx0D","MMGY Global","mmgyglobal.com"
"001VK00000dbD7z","Pickering Interfaces","pickeringtest.com"
"001VK00000f7brF","VeryChic","verychic.com"
"0013j00003GVD2M","eMAG","emag.ro"
"0013j000034t3iB","Tive Inc","tive.com"
"0013j000037iItS","Strategy Collective","strategyco.com"
"001VK00000ZgBxP","Centric","centric.eu"
"001VK00000BihkT","Mote Marine Laboratory & Aquarium","mote.org"
"001VK00000R0fbX","Hand in Hand Sweden","handinhandsweden.se"
"0012A00002U0phl","Northmill","northmill.com"
"0012A00002YJaiZ","Matas A/S","matas.dk"
"0012A00002Bn6Vo","Multivac","multivac.com"
"001VK000007fhi3","Confidentor AB","confidentor.se"
"001VK00000BDmLS","H&M Group","hmgroup.com"
"0013j000034rdcb","Dedalus","dedalus.com"
"0013j00002mduXF","Hetzner Online","hetzner.de"
"0012A00002UHg7d","Denver International Airport","flydenver.com"
"001A000000Io73O","Foursquare","foursquare.com"
"001F000000ifvsh","The World Bank","worldbank.org"
"0012A00002AgmUH","Heraeus","heraeus.com"
"001VK00000RWPIL","enSights","ensights.ai"
"001A000000Ywy5Z","The Avon Company","avon.com"
"0013j00002ybxMs","Oncopeptides AB (publ)","oncopeptides.se"
"0012A000021Iw3n","Artificial Solutions","artificial-solutions.com"
"001VK00000WURX4","Vanguard","vanguard.com"
"001VK00000eAmVw","Blackburn with Darwen Borough Council","blackburn.gov.uk"
"001F000001pJuMi","Gaia Inc.","gaia.com"
"001A000000dGW3g","Uber","uber.com"
"001VK0000060KO9","Partnership","partnership.dk"
"0012A00002Agb2m","Duni Group","duni.com"
"0012A00002MmJsb","Apex Analytix","apexanalytix.com"
"001F0000017GNJC","Cadence Design Systems","cadence.com"
"001VK00000duNEs","22Miles","22miles.com"
"0013j000034uJn5","Delfi Diagnostics","delfidiagnostics.com"
"001F000000i8C64","Palantir Technologies","palantir.com"
"0013j00003AM9ig","Lido Staked Ether","lido.fi"
"001VK00000VAIrR","Cru Global","cru.org"
"0012A00002aoUFS","Creditas","creditas.com.br"
"001VK00000dUZ0K","Acacia Advisors","chooseacacia.com"
"0012A00002AgnGP","FranklinCovey","franklincovey.com"
"0012A00002BneBN","OSCE","osce.org"
"001F000001o35ug","Sixt","sixt.com"
"0012A00002Z1ceK","PGA of America","pga.com"
"001VK00000eL8mk","them know it's me ?| Bespoke ghostwriting for founders and execs","writeyou.co"
"0013j00002mbc8g","Papernest","papernest.com"
"001F0000010dStW","Amicus Therapeutics","amicusrx.com"
"001F0000010dTQ3","Black Box","blackbox.com"
"0013j00002yaTZt","4C Strategies","4cstrategies.com"
"0013j00003JqGxA","PrizePicks","prizepicks.com"
"0013j00002ycNQZ","NIL Technology","nilt.com"
"0013j00003Joe7F","Dexian","dexian.com"
"001A000000Yzggo","AllianceBernstein","alliancebernstein.com"
"0013j00002bAE2D","Belfor Property Restoration","belfor.com"
"0012A00002SALMu","sew-eurodrive","sew-eurodrive.de"
"001A000000bCO5z","Spotify","lifeatspotify.com"
"0013j00003AMrLV","Elevance Health","elevancehealth.com"
"0013j00002yZ6eH","Kopi Kenangan","kopikenangan.com"
"0013j00002mbsbc","Karo Pharma","karopharma.com"
"0013j00003GV8Kc","Skanska","skanska.com"
"001VK00000UQSH8","Thales","thalesgroup.com"
"0013j000034tUsI","Sardine","sardine.ai"
"001F000001hwVjl","LightPath Technologies","lightpath.com"
"001A000000XsS7o","Lookout","lookout.com"
"001F0000010dTZI","Havas","havas.com"
"001VK00000kEtYP","Psi Online Store","psionlinestore.com"
"001F000000nFpoK","PayPal","paypal.com"
"001F000000qUVwk","DataStax","datastax.com"
"001F0000017GLtf","Accuride Corporation","accuridecorp.com"
"0013j00002ybXyu","Aspire Lifestyles","aspirelifestyles.com"
"0013j00002mc9IY","Orange County Fire Authority","ocfa.org"
"001VK000008XODT","Pace","paceapp.com"
"0013j000034s5Hf","Spot Ai","spot.ai"
"001VK00000Ijhxi","Meituan","meituan.com"
"001F0000017GMYF","Louis Dreyfus Company","ldc.com"
"0012A00002Bn0aJ","WNS","wns.com"
"001F000000hSnzM","Travelers","travelers.com"
"001A000000aFVnQ","Manhattan Associates","manh.com"
"001F000001N2ANa","Ecobee","ecobee.com"
"0012A00002apJc5","Keurig Dr Pepper","keurigdrpepper.com"
"0012A000021JYBQ","Elanco Animal Health","elanco.com"
"0012A00002X060Y","Aurora Solar","aurorasolar.com"
"001F0000017GMKz","Breitling","breitling.com"
"001F0000017GMsf","Thumbtack","thumbtack.com"
"0013j00002cTBUy","Wildlife Studios","wildlifestudios.com"
"001F000000inwtB","23andMe","23andme.com"
"001F000001TABkQ","United HealthCare Services","uhc.com"
"0012A00002Z1anW","Radiology Partners","radpartners.com"
"0013j00002maf7Q","Transporeon","transporeon.com"
"0013j00003ANOl0","Polk County Tax Collector","polktaxes.com"
"001F0000010dT2M","Formlabs","formlabs.com"
"001F000000yHEOd","Otis Elevator Co.","otis.com"
"0012A0000286hdJ","Trumid","trumid.com"
"0013j00003GVX1d","Nixu Corporation","nixu.com"
"001VK000002RlIw","DataAnnotation","dataannotation.tech"
"001A000000coajp","University of Texas","utexas.edu"
"001F000000o00Mi","Iron Mountain","ironmountain.com"
"001VK00000csisc","Globus ?R, v.o.s.","globus.cz"
"0013j00003ANOl4","St. Johns County Clerk of the Circuit Court & Comptroller","stjohnsclerk.com"
"001F0000010dTo4","Synovus","synovus.com"
"001F000000wZRzj","Venafi","venafi.com"
"0012A00002RgyNC","Transportstyrelsen","transportstyrelsen.se"
"0012A00001rJSot","Bobbi Brown Cosmetics","bobbibrowncosmetics.com"
"0013j00002ybDOR","All Turtles","all-turtles.com"
"0013j00002ycL62","Dreamdata","dreamdata.io"
"001F000001qOwrD","Brillio","brillio.com"
"0013j00002ybuyl","SwissBorg","swissborg.com"
"001F000001WD0Dc","General Conference of Seventh-Day Adventists","adventist.org"
"001F000001tff8G","Paradox Interactive","paradoxplaza.com"
"001VK00000TOSvQ","Forvis Mazars Group","mazars.com"
"001VK00000guE3X","The HEALS Academy","thehealsacademy.com"
"001F000000vYYuK","Ecolab","ecolab.com"
"0013j000034rOzn","Figment","figment.io"
"0012A00002HEDZF","Securian","securian.com"
"0012A00002Bndr3","Dywidag-Systems International U.S.A","dywidag-formties.com"
"0013j00003AMQmp","City of Long Beach, NY","longbeachny.gov"
"0012A00002Z1qPZ","Unqork","unqork.com"
"001VK000002AYYm","Opticos","opticos.se"
"001VK00000XDyTB","EssilorLuxottica","essilorluxottica.com"
"0013j00002yaKNq","Medically Home","medicallyhome.com"
"0013j00002mc8l8","Los Angeles City Planning","lacity.org"
"0013j000031uCDO","BABEL","babel.es"
"001VK00000MvKv1","Serendib Leisure Management Limited","barcelo.com"
"0013j00002md20c","GUBI","gubi.com"
"0013j00003Jqscg","Erwin Hymer Group Services GmbH","erwinhymergroup.com"
"001F0000019mcQ8","Patreon","patreon.com"
"001VK00000XF312","Lago","getlago.com"
"001VK000002kXnq","Canopy","canopy.security"
"0013j00002bALVh","Chartwell Retirement Residences","chartwell.com"
"0013j00003JpH6f","Odido Nederland","odido.nl"
"001F000000xBi1D","MZ","machinezone.com"
"0012A00002BmnBE","Pave","pave.com"
"0012A000021IOkD","Riskified","riskified.com"
"001VK00000ZUbec","Circana","circana.com"
"0013j00002cTZCD","Norden Machinery AB","nordenmachinery.se"
"001F000000p7wwK","PACCAR","paccar.com"
"001VK000007ldW1","MARKBERG","markberg.com"
"0012A00002XRyBo","Svea Ekonomi","svea.com"
"0013j00002mbgc3","Analyste","analyste.com"
"0013j00003AO4Ep","Merit Medical Systems, Inc.","merit.com"
"0013j000034r8sW","Unico","unico.io"
"001F0000017GMBS","3M Global","3m.com"
"0013j00003GUwSa","Johnson & Johnson Medical Devices Companies","jnjmedtech.com"
"0012A00002BndnG","Leroy Merlin","leroymerlin.com"
"0012A00002HBguO","DailyPay, Inc.","dailypay.com"
"001F000000tWVX5","Loftware NiceLabel","nicelabel.com"
"001VK00000dHHSb","Logic20/20, Inc.","logic2020.com"
"001VK00000Wgu29","DocPlanner","docplanner.com"
"0012A00002XRoru","Mural","mural.co"
"0013j00002mc8vC","IMRF","imrf.org"
"001VK00000VMJWq","Geotab","geotab.com"
"001VK00000QN4yP","ChainUp","chainup.com"
"001A000000Yx1tl","ActiveCampaign","activecampaign.com"
"001F000000fcOPN","Tyson Food Company","tyson.com"
"0013j00002cUKzk","Wenco International Mining Systems","wencomine.com"
"001VK00000fzaQS","Evergreen Healthcare Partners","evergreen.partners"
"0013j00002ybxyE","Fastmarkets","fastmarkets.com"
"001F000000f4mGi","Levi Strauss & Co.","levistrauss.com"
"0012A000021K3h4","ALD Automotive","ayvens.com"
"0013j00003AM9NZ","Warner Bros. Discovery","wbd.com"
"001F0000017GMAW","Panduit","panduit.com"
"001A000000bYK4O","Brainlab","brainlab.com"
"001F000000vYZhT","X-Rite","xrite.com"
"001VK00000VMuXx","Rixos Hotels","rixos.com"
"001VK000002RlKc","Lavapotion","lavapotion.com"
"001F0000017GMyr","Docker, Inc","docker.com"
"0012A00002IMwgf","Monat Global","monatglobal.com"
"0013j00002bAKvR","Octapharma","octapharma.com"
"001VK00000MT2Zf","Isobar Commerce","bluecomgroup.com"
"001VK00000fcL1q","Cardinal Digital Marketing","cardinaldigitalmarketing.com"
"0013j00002yYygR","Canadian Museum of History","historymuseum.ca"
"001VK00000fYW15","Rimgard®","rimgard.com"
"001F000001HY7rl","Dentons","dentons.com"
"001VK0000076wTV","Canon Oy","canon.fi"
"001VK00000ApfF0","SHEIN","shein.com"
"001F000000kzza8","Epsilon","epsilon.com"
"0013j00002cTpc6","Pentagon Federal Credit Union","penfed.org"
"001VK00000D2RJC","Thunderbird","thunderbird.net"
"001A000000Imyo4","Roblox","roblox.com"
"0012A00002QvC6h","Bloom and Wild","bloomandwild.com"
"001VK00000VKSYB","SSAB","ssab.com"
"0013j00002ybz8O","Varner","varner.com"
"0013j000034uG5i","Sambla","sambla.se"
"001F000001N2Afa","Intercom","intercom.com"
"001F000000fcQZc","IBM","ibm.com"
"001VK000007ldPu","Julie Sandlau A/S","juliesandlau.dk"
"0013j00002bC70V","Instabase","instabase.com"
"0013j00002cTZPh","Danmarks Nationalbank","nationalbanken.dk"
"0013j00003GXiWk","JMP","jmp.com"
"001VK000003st7l","Arizona Medicaid","des.az.gov"
"001F000001jMe3s","Pirelli","pirelli.com"
"001F0000010dT1J","EnterpriseDB","enterprisedb.com"
"0013j00003AMQlc","California Community College: California Virtual Campus","cvc.edu"
"001VK000002Xwle","Alleima","alleima.com"
"001VK00000dqGzx","Turkish Technology","turkishtechnology.com"
"0013j00002ycNQr","Questline Inc.","questline.com"
"001F000000zR15B","Coherent","coherent.com"
"001VK00000T2aec","For The Better","ftbimpact.com"
"0012A00002S9kNS","DuckDuckGo","duckduckgo.com"
"0013j00002ybVlc","Sitoo","sitoo.com"
"001F000000facs4","HP","hp.com"
"0013j00003AO5Xz","305 Worldwide","305worldwide.com"
"0013j00003AMQlX","CareerSource Polk","careersourcepolk.com"
"0013j00002yacBf","Altran Technologies","altran.com"
"001VK00000V21W2","DATAFIED","datafied.com"
"0012A00002BoZx3","Zep","zep.com"
"001A000000afr78","Williams-Sonoma","williams-sonoma.com"
"0012A00002Bn52c","Plume","plume.com"
"0013j000037iQoF","Baillie Gifford","bailliegifford.com"
"0012A00002ZpIey","Federal Aviation Administration","faa.gov"
"0013j00003GXikb","EyePop.ai","eyepop.ai"
"001F0000010dSr1","Trulia","trulia.com"
"0013j00003GVSgQ","EPTA GROUP","eptarefrigeration.com"
"0012A000021KECU","Conversa Health","conversahealth.com"
"0012A00002Bn0d3","Ex Libris (Clarivate - Customer)","exlibrisgroup.com"
"001F000001mcM4s","Export Development Canada | Exportation et dÈveloppement Canada - EDC","edc.ca"
"0013j00002mcwUi","NortonLifeLock","nortonlifelock.com"
"001F000001qOwo8","TCL Industries","tcl.com"
"0013j00003AP3ym","Kohl's","kohls.com"
"0013j00003AP42y","Bread Financial","breadfinancial.com"
"001VK000003x7Ff","Allstate India","allstateindia.com"
"001A000000cnZlj","FreshDirect","freshdirect.com"
"0013j000037iPUo","Discovery Channel","discovery.com"
"0013j00002ya7zi","iLAB","ilabquality.com"
"001F000001N2AX1","Alnylam Pharmaceuticals","alnylam.com"
"001VK00000WURWd","Omnicell","omnicell.com"
"001VK00000gbSwP","BLACK+DECKER INDIA","sbdinc.com"
"0013j00003ANOmm","Village of Orland Park, Illinois","orlandpark.org"
"0012A00002YMSQN","Tonal","tonal.com"
"001VK00000gsNKT","Zus Health","zushealth.com"
"0013j00003Jr3TI","Leadingre Real Estate Companies of the World","leadingre.com"
"001A000000YNr1K","Zocdoc","zocdoc.com"
"0012A000021IYZL","HotelPlanner.com/Meetings.com","hotelplanner.com"
"0013j00003JqcOT","NORNORM","nornorm.com"
"001VK00000hEhZ2","escribemeetings","escribemeetings.com"
"0013j00003GV6zg","Idemia","idemia.com"
"001VK00000enUkN","Pare Corporation","parecorp.com"
"001VK00000ASzhB","Dittmar & Indrenius","dittmar.fi"
"0012A00002Bn64y","Munters","munters.com"
"001F000001jN6CE","Tencent","tencent.com"
"001F000000qV1dF","Cargill","cargill.com"
"001VK00000Un5q7","FUCHS Group","fuchs.com"
"0012A00002Bn0bQ","Sword Group","sword-group.com"
"001F000000v7WFX","Louis Berger","louisberger.com"
"0013j00003GWErm","Clay","clay.com"
"0012A00002ZpKDf","CareSource","caresource.com"
"0013j00002cUPEm","Zumtobel Group","zumtobel.com"
"001F000000iQdsu","Nike","nike.com"
"0013j00003AMLkM","Office of the Brooklyn Borough President, Antonio Reynoso","brooklyn-usa.org"
"001VK000003st8K","Attorney General North Carolina","ncleg.gov"
"001VK00000VKSYA","Amdocs","amdocs.com"
"001F0000010dTrd","Westlake","westlake.com"
"0013j00002mc8qw","Florida Department of Economic Opportunity","floridajobs.org"
"0013j00003AMAww","Crypto.com","crypto.com"
"001F0000010dSxB","Carestream","carestream.com"
"001VK00000SP6DP","CNN","cnn.com"
"001F0000010dTjU","Pioneer Natural Resources Company","pxd.com"
"001F000000lYSmM","Swatch Group","swatch.com"
"001F000001qENrU","Reltio","reltio.com"
"0013j00002mcYdf","Yellow.ai","yellow.ai"
"0013j00002yaTZy","Esri Sverige","esri.se"
"001VK00000NUtRd","FCA","fca.org"
"001F0000017GLtJ","Sensata Technologies","sensata.com"
"001F000000rxH88","Cardinal Health","cardinalhealth.com"
"0013j000034t2ps","Egis","egis-group.com"
"001VK000007vnwf","Vox.com","vox.com"
"0013j00002cRVtt","Pricefx","pricefx.com"
"001VK000008Kcnh","CDC Foundation","cdcfoundation.org"
"001F000000gVdSn","Pfizer","pfizer.com"
"001F0000010dTPc","Bechtel","bechtel.com"
"0013j00002cTUP9","Billund Lufthavn","bll.dk"
"001F0000017GMuz","WorkForce Software","workforcesoftware.com"
"001F000000wYH1S","Alliance Data Systems Corporation","alliancedatacorp.com"
"001VK00000CM4fZ","Covance","covance.com"
"0013j00002cTI2J","4G Clinical","4gclinical.com"
"0012A00002Bn0wN","Xometry","xometry.com"
"0013j00002mbjGC","Loupedeck","loupedeck.com"
"0013j00003ANXzF","DHL","dhl-usa.com"
"001VK00000TEgWY","EFI","efi.com"
"001VK00000BCrOo","Roihu Attorneys Ltd | Asianajotoimisto Roihu Oy","roihulaw.fi"
"001VK000003st8Y","Attorney General Alabama","alabamaag.gov"
"0013j000031uCCy","Canon Inc.","global.canon"
"0013j00003GXqBr","Schwarz Gruppe","gruppe.schwarz"
"001VK000006llta","relink.org","relink.org"
"0013j00002cRds4","LotusFlare","lotusflare.com"
"0012A00002AgkEC","Etraveli Group","etraveli.com"
"0013j000037iORn","ChemTreat","chemtreat.com"
"001A000000bDB11","Smartsheet","smartsheet.com"
"001VK000003jrBM","Raision kaupunki","raisio.fi"
"0013j00003GXUhM","AIBY","aiby.com"
"001F0000010dTPh","Belden Inc.","belden.com"
"0013j00003GWqnn","SLB","slb.com"
"001VK000003st8H","Attorney General Illinois","illinoisattorneygeneral.gov"
"001F000000tYN2d","SnapLogic","snaplogic.com"
"0013j00002cUIh5","EnerSys","enersys.com"
"0013j00002mcww1","Deutsche Gesellschaft F¸r Internationale Zusammenarbeit","giz.de"
"001F0000016SHeR","Ria Company","riafinancial.com"
"0013j00003ALmOE","Urban Games GmbH","urbangames.com"
"0012A00002TyYLb","Intralox","intralox.com"
"001F000001WAuZY","Eurail","eurail.com"
"001F00000137FEd","Adyen","adyen.com"
"0013j00002bAH6m","Mastercam","mastercam.com"
"0012A000021Hu6E","Big Ass Fans","bigassfans.com"
"0012A00002ZqWwu","Exova Group Limited","element.com"
"0013j00002yawss","G Data CyberDefense","gdata.de"
"001F0000017GMYh","Orano","areva.com"
"001VK000003qQSv","State of Alaska","alaska.gov"
"0013j00003AMDsY","Coffee Stain Publishing","coffeestainpublishing.com"
"001F000001mdgPJ","William Hill","williamhill.co.uk"
"001F000000g9Z3Q","SAP","sap.com"
"001VK000009Oo5c","VAS","vas.com"
"0012A00002IhNQj","Pure Gym","puregym.com"
"0013j000034sJjT","how.fm","how.fm"
"0013j00002yaECx","San Francisco Human Services Agency","sfhsa.org"
"0012A00002ZpIfu","PSECU","psecu.com"
"0013j00002yaJbK","ICON","iconbuild.com"
"0012A0000284UXx","Valentino","valentino.com"
"001F000001o3J1i","Voestalpine","voestalpine.com"
"0012A00002KCmqN","Nosto","nosto.com"
"001F000001abqI1","Fisher & Paykel Healthcare","fphcare.com"
"001F000000hWNzF","WeightWatchers","weightwatchers.com"
"0013j000034rjmP","Catalis SE","catalisgroup.com"
"0012A00002armO7","Amazon Jobs","amazon.jobs"
"001VK00000fcQDD","Perfect Corp.","perfectcorp.com"
"0013j00002mcfll","True Linked","truelinked.com"
"001F000001qOwmI","Sanoma","sanoma.com"
"001F000001jMvlh","Software AG","softwareag.com"
"001VK00000UI1ag","Axtria","axtria.com"
"0012A0000285iya","Automation Anywhere","automationanywhere.com"
"0013j00003ANvmV","Air France-KLM","airfranceklm.com"
"0013j000034t2Z0","Ascension Health","healthcare.ascension.org"
"001F000001qOwwS","HomeToGo","hometogo.com"
"0013j00002cRaA5","AmRest","amrest.eu"
"001F0000017GNG7","Synchronoss Technologies","synchronoss.com"
"001F0000010dTrR","Weis Markets","weismarkets.com"
"0012A00001rJBWh","Gram BioLine","gram-bioline.com"
"001VK000007lfdo","Scandinavian Outdoor","scandinavianoutdoor.fi"
"0013j00002ybY3o","City of El Paso","elpasotexas.gov"
"0013j000031w5L1","Vanta","vanta.com"
"0012A00002V9Kyl","Rivian","rivian.com"
"001VK000002uOc0","STILL Gmbh","still.de"
"0013j00002cUPDo","AngloGold Ashanti Limited","anglogoldashanti.com"
"0012A00002Tzr6g","Covestro","covestro.com"
"0012A00002T74gn","GetUniverse.com","getuniverse.com"
"0013j000034uJ8b","Neuro-ID","neuro-id.com"
"001VK00000V7B3Q","Roche","roche.com"
"0012A0000283Mhn","Deichmann","deichmann.com"
"0013j00002ybO7P","CenturyLink Asia Pacific","lumen.com"
"001F000001qOwyx","Lumber Liquidators","llflooring.com"
"0013j00003GXqBt","Helm AG","helmag.com"
"001F0000017GMsw","Looker","looker.com"
"001F0000010dTFa","SolarCity","tesla.com"
"001VK000001W8DD","Ameriprise Financial Services, LLC","ameriprise.com"
"001VK000004yNQr","Marriott Learning & Development","careers.marriott.com"
"001VK00000eB6hN","Little Journey Ltd","littlejourney.health"
"0013j00002mcev6","City of Canton","cantonohio.gov"
"0012A00002KK33s","World Anti-Doping Agency","wada-ama.org"
"001F0000010dTok","The Hershey Co","thehersheycompany.com"
"0013j00002cUL1v","Rheinmetall Defence","rheinmetall.com"
"001VK00000encgF","LMCG Investments, LLC","lmcg.com"
"0012A00002BoZup","Jeep","jeep.com"
"0013j000037iIxc","ALAN","usealan.com"
"0013j00002yc1uD","Ramudden AB","ramudden.se"
"0012A00002Z1aPo","Wonderschool","wonderschool.com"
"0013j00002cRW7M","Cover Genius","covergenius.com"
"0013j00002bBy0d","Michael Page","page.com"
"001F000000xPPde","BTS","bts.com"
"0013j00003GVMje","Ridge","ridgewallet.eu"
"001F0000017GLxy","Callaway Golf","callawaygolf.com"
"0013j00002md7Wk","OnRobot","onrobot.com"
"0012A00002N5Vni","Boardriders","boardriders.com"
"0012A00002V9LKQ","Faire","faire.com"
"001VK000002qPhv","NTT DATA Deutschland GmbH","nttdata.de"
"0012A00002aGmu3","National General","nationalgeneral.com"
"0012A00002BmnBu","Andela","andela.com"
"001VK00000gL1Fd","Movemedical","movemedical.com"
"001F0000010dTjM","PSEG","pseg.com"
"001F0000010dTco","Landstar","landstar.com"
"0013j00002yc2jG","ABAX","abax.com"
"001A000000aFVSJ","GlobalLogic","globallogic.com"
"001VK00000VSOFV","Visa","visa.com"
"001F0000010dT9P","Netskope","netskope.com"
"0013j00003ALs8a","ZayZoon","zayzoon.com"
"0013j00002mc93a","San Diego Housing Commission","sdhc.org"
"001F000000oqQED","Texas Instruments","ti.com"
"001A000000aFVbq","LivePerson","liveperson.com"
"0012A00002Z1a2e","Semcon","semcon.com"
"0012A00002ZpIoD","Landmark Credit Union","landmarkcu.com"
"001VK00000hJeai","MedSchoolCoach","medschoolcoach.com"
"001F0000010dTOY","Kore.ai","kore.ai"
"001A000000eTHIS","MRI Software","mrisoftware.com"
"0013j00003ALTZ8","Koenigsegg Automotibe","koenigsegg.com"
"0013j00002yaEPl","NOBULL","nobullproject.com"
"0013j00003GVqHb","Active Release","activerelease.com"
"0013j000034tH2U","Face Reality Skincare","facerealityskincare.com"
"0013j00003GVSBK","VR Group","vrgroup.fi"
"0013j000034uJbe","Brightline","hellobrightline.com"
"0013j00002yatr2","Trove","trove.co"
"0012A00002aI2oK","Azuga, Inc.","azuga.com"
"0012A00002arger","Gurobi Optimization","gurobi.com"
"001VK00000ZdgrG","Spring CC","spring-cc.com"
"001F0000010dTjL","Publix Super Markets","publix.com"
"0012A00002Botr9","ClickSafety","clicksafety.com"
"0013j00003ALmNW","SIXTY DEGREE PHARMA","60degreespharma.com"
"001F0000010dTrE","Walker & Dunlop, LLC","walkerdunlop.com"
"0012A00002BnVJd","CarZone","carzone.ie"
"001VK00000UUwOi","Kantar","kantar.com"
"001VK00000gi7Oz","Forestry Department","ifmslp.org"
"001VK00000594MT","Orange Barrel Media","obm.com"
"0012A00002XoHdy","StorageMart","storage-mart.com"
"001VK00000fDCaF","Graphite","graphite.com"
"001VK00000PGCfE","Agile Falcon Strategic Group LLC.","agilefalconsg.com"
"0013j000034t3ww","Betsson Group","betssongroup.com"
"0013j00002ya4kA","B?r & Karrer","baerkarrer.ch"
"0012A00002JwO4z","i-team Global","i-teamglobal.com"
"0013j00002md7bk","Hive Streaming","hivestreaming.com"
"0012A00002LglYm","BioGaia","biogaia.com"
"001F0000010dTmj","SoCalGas","socalgas.com"
"0012A00002Bn634","APSIS","apsis.com"
"001F0000017GMQn","DB Schenker","dbschenker.com"
"001F0000010dTeI","Mayo Clinic","mayoclinic.org"
"0012A00002XmlZU","Rusta","rusta.com"
"001F000001IgQqR","Jolla","jolla.com"
"0013j00002ybg0I","D?hlerGroup","doehler.com"
"001F000001tff7e","Klaviyo","klaviyo.com"
"001VK00000b6t1Q","Stella Rising","stellarising.com"
"001VK0000052tS9","X (Formerly Twitter)","x.com"
"001F0000017GM1M","Boulder Station Hotel & Casino","sclv.com"
"001VK00000WveUb","Vertex Inc.","vertexinc.com"
"001F0000010dTAb","OpenX","openx.com"
"0012A00002TztAI","Paulig Group","pauliggroup.com"
"001VK00000TZdIk","European Commission","europa.eu"
"0013j00003AMSqr","expediagroup","expediagroup.com"
"0012A0000284Qnf","Schibsted","schibsted.com"
"0012A00002YLR8f","Bitpanda","bitpanda.com"
"001VK00000Afd65","Cetes Cosmetics (Oriflame Cosmetics)","cetescosmetics.com"
"0012A00002Ew79g","Rad Power Bikes","radpowerbikes.com"
"0013j00003ALV3s","Landspitali University Hospital","landspitali.is"
"001F0000010dTQY","Young & Rubicam","yr.com"
"001VK000002pH1y","Fl?ktGroup","flaktgroup.com"
"0012A00002EHieQ","Suitsupply","suitsupply.com"
"001F000001YfEXH","Canva","canva.com"
"001VK00000bhG4N","Autónomo","academiadeconsultores.com"
"0013j00002yaHID","Gradiant","gradiant.com"
"001F000001teBvz","Rentokil Initial","rentokil-initial.com"
"001VK00000e8VNq","Werner-von-Siemens Centre for Industry and Science e.V.","wvsc.berlin"
"001F0000010dTjX","Quanta Services, Inc.","quantaservices.com"
"0012A00002EvDIF","Elsevier","elsevier.com"
"0013j000037iGdV","Museum of Contemporary Art Chicago","mcachicago.org"
"001F0000017eDix","impact.com","impact.com"
"0012A00002Bnduo","Luno","luno.com"
"0012A00002OEl4H","Lumenis","lumenis.com"
"0012A00002VvOg4","Verkada","verkada.com"
"0012A00002Wyeb8","ViaBill","viabill.com"
"0012A00002VAD45","Daily Harvest","daily-harvest.com"
"0013j000037iQuB","Allstate Canada","allstate.ca"
"001F000000faClh","Coty","coty.com"
"0012A00002NsPXL","Syncfusion","syncfusion.com"
"0013j00003GUyn8","Heimdal Security","heimdalsecurity.com"
"0013j00003ALMTC","Manyone","manyone.com"
"0013j000037iPXo","Kiilto Family","kiilto.com"
"001VK00000fBVH1","Ayuda","ayuda.com"
"0012A00001rIOxO","Monsoon Accessorize","monsoon.co.uk"
"0013j00002yc2iT","AUTO1 Group","auto1-group.com"
"0013j00002yauTy","AUDI AG","audi.com"
"001VK000003st8N","Attorney General Washington","atg.wa.gov"
"001VK00000evsUU","Washington Health Benefit Exchange","wahbexchange.org"
"0013j00002bCbDe","Berkley","berkley.com"
"0013j00002bALcr","Camso","camso.co"
"001F000001jPFxl","Crestron Electronics","crestron.com"
"0013j00002yZMnE","Texas Department of Agriculture","texasagriculture.gov"
"001VK00000h58Ng","Miles & More Lufthansa Credit Card Service","miles-and-more.com"
"001F000001jMZgF","Aeroports De Paris","parisaeroport.fr"
"001F000000luJQo","Mathworks","mathworks.com"
"0012A00002apJ6c","Twitter","twitter.com"
"0013j00003ALbNE","anthropic","anthropic.com"
"001VK00000eL6WP","HIT","hitcowork.co"
"0012A00002OGUGd","Abbott","abbott.com"
"001VK00000AkvOv","CMA Small Systems AB","cma.se"
"0012A00002Tzr9A","Renault España","renault.es"
"001A000000ZhNtD","CarMax","carmax.com"
"001VK000009MrDQ","KPMG US","kpmg.us"
"001VK000001bd0D","Comcast Business","comcast.com"
"0012A00002864VC","Wolfcraft","wolfcraft.com"
"0013j00003GUy0Y","Genero The Growth Marketing Co","generogrowth.com"
"001F000001lm4an","Lacoste","lacoste.com"
"0012A00002ZpJ4o","You Need A Budget","youneedabudget.com"
"001F000000vYZX6","Tenneco","tenneco.com"
"0013j00002yYyZ6","Cook County Sheriff's Department","cookcountysheriff.org"
"001F000000rxzHS","NIO","nio.com"
"0012A00002ZpInc","Kinecta","kinecta.org"
"001F000001AvgWg","OnceHub","oncehub.com"
"0013j000034t2ch","Citadel","citadel.com"
"0013j000034t7aK","BingX","bingx.com"
"0012A00001rISb1","Dermalogica (Unilever)","dermalogica.com"
"0013j00002cSqtM","Chief","chief.com"
"0012A00002Mk57H","f45 Training","f45training.com"
"001F000000wY9Ii","BD","bd.com"
"0012A00002Qu3CJ","Grover","grover.com"
"0013j00003AP4Zi","Estee Lauder Companies Asia Innovation Center","elcompanies.com"
"001A000000XeH0l","Electronic Arts (EA)","ea.com"
"0012A00002T61Wm","Huel","huel.com"
"0012A00002Xp0bR","Virginia Employment Commission","vec.virginia.gov"
"0012A00002Agfq4","Gladly","gladly.com"
"001VK000007lagr","Kejsar","kejsar.com"
"0013j00003ANOmp","Lake County","lakecountyil.gov"
"0012A00002armYa","RaySearch Laboratories","raysearchlabs.com"
"001VK000002hbHv","Mandai Communications","mandai.com"
"001VK00000BeKo6","DHL Supply Chain","careers.dhl.com"
"0013j00002cTeQh","IntouchCX","intouchcx.com"
"001F000001UlDj8","Travelport","travelport.com"
"0013j000037iW98","ZimVie","zimvie.com"
"0013j00003GVf1O","Dubai Integrated Economic Zones Authority","diez.ae"
"0013j00003GUxM7","GE Appliances","geappliancesco.com"
"001VK00000eT9Dq","City of Alexandria","alexandriava.gov"
"001F000000jlUJ0","C.H. Robinson","chrobinson.com"
"0013j000034tdOs","Nursa","nursa.com"
"001VK00000bybh0","Spectrumscience","spectrumscience.com"
"001VK000004FbZn","SiteHub","sitehub.dk"
"001F0000017GMcp","Concentra","concentra.com"
"001F000000zSIbL","Church & Dwight Co., Inc.","churchdwight.com"
"0013j000034t2xX","Youandx","youandx.com"
"001F000000tXu4N","Media.Monks","monks.com"
"0013j00002yc3zY","Orion Corporation","orion.fi"
"001VK00000VCzFo","Epiq","epiqglobal.com"
"0013j00002ybfzh","SoftServe","softserveinc.com"
"001F0000016Sgjq","Pixartprinting - a Cimpress Company","pixartprinting.com"
"001F0000017GMIY","DSV - Global Transport and Logistics","dsv.com"
"001F000000lvHog","Wayfair LLC","wayfair.com"
"001F000000puAjK","eToro","etoro.com"
"0013j00003AMuL1","NewsBreak","newsbreak.com"
"0013j00002mcnX1","Lime Technologies","remotex.se"
"0013j00002yb2VP","Cerebral","getcerebral.com"
"0012A000021Ikdh","Nikon","nikon.com"
"001F0000010dTiU","Pier 1","pier1.com"
"0012A00002as2gn","NTT Ltd.","global.ntt"
"0013j00002cTsWN","eShopWorld","eshopworld.com"
"0013j00002yatqY","Snorkel AI","snorkel.ai"
"001F000001rpy5s","Veritas","veritas.com"
"0012A00002ZpJxI","Product School","productschool.com"
"0012A00002BmaCX","Royal Copenhagen","royalcopenhagen.com"
"001F0000010dT7d","MC10","medidata.com"
"0012A00002Qu74M","Vuori","vuoriclothing.com"
"001VK00000jSkVr","Carrefour Voyages","voyages.carrefour.fr"
"0013j000037iJ2D","Lit Protocol","litprotocol.com"
"0012A00002TzqsQ","Renault","renault.com"
"001F000000qVsEs","ZINIO","zinio.com"
"001F000000wYHfL","MoneyGram International","moneygram.com"
"0013j00002ycNba","Cowbell","cowbell.insure"
"001F000001teBuk","REWE Group","rewe-group.com"
"001VK00000fcL24","Ingentis","ingentis.com"
"0013j00002ycMp6","The Toro Company","thetorocompany.com"
"001F000000zS91h","Handshake (acquired by Shopify)","handshake.com"
"0013j000031uYIm","ALTEN Italia","alten.it"
"0012A00001rIOzr","Manor","manor.ch"
"0012A00002ZpJ9V","Utah Valley University","uvu.edu"
"0013j00002md1pU","Melio","meliopayments.com"
"0012A00002XQPcT","Disney Streaming","disneystreaming.com"
"0012A00002Bn5w1","Vistra","vistra.com"
"0012A00002ZpJXs","Cincinnati Children's Hospital Medical Center","cincinnatichildrens.org"
"001VK00000Adj7Z","Bosch Car Multimedia Portugal, S.A.","bosch.com"
"001VK00000fKbob","aidem","aidem-agency.com"
"001A000000aFUrE","Ingenico","ingenico.com"
"001F0000010dTRM","Carrier","carrier.com"
"001VK00000gvI3J","Clarest Health","clarest.com"
"001F0000010dTJM","ViaSat","viasat.com"
"0013j00002bAGqt","Arnold & Porter Kaye Scholer","arnoldporter.com"
"001F000001qPQlL","iSeatz","iseatz.com"
"0013j00002bCbJX","KLA","kla.com"
"001VK00000WUQTz","Hilti","hilti.com"
"0012A00002KtC1X","Los Angeles County Department of Human Resources","lacounty.gov"
"0012A00002Tzryi","Svenska Spel","svenskaspel.se"
"001F000001N2ASX","Tipalti","tipalti.com"
"0013j00003AMsVV","Bitfury","bitfury.com"
"0012A000021JYCT","INTO","intostudy.com"
"0013j00003ANaOj","Pixocial Technology","pixocial.com"
"001F000000tyMsl","Busbud","busbud.com"
"0013j00003ANddr","City of Lawrence","cityoflawrence.org"
"0013j00003AMQky","California Prison Industry Authority","calpia.ca.gov"
"0012A00002EuaT5","DFDS","dfds.com"
"0013j00002cT2DJ","Kaiku Health","kaikuhealth.com"
"0012A00002ZpJbm","Alphabet","abc.xyz"
"001VK00000bxltd","Orrefors Kosta Boda AB","kostaboda.com"
"0013j00002bALNe","Litmos","litmos.com"
"0013j00002cTtZF","JRNI","jrni.com"
"0012A00002TzsP1","SSI Sch?fer","ssi-schaefer.com"
"001F0000017GMp9","Morgan, Lewis & Bockius LLP","morganlewis.com"
"001VK000009zh2u","Pathify","pathify.com"
"0012A00002ZHqY6","Mecury Marine","mercurymarine.com"
"0012A00002Y37aI","KBS (kirshenbaum bond senecal + partners)","kbsagency.com"
"001F000000oqPGW","Benchmark Email","benchmarkemail.com"
"0012A00002ZphFk","AnyRoad","anyroad.com"
"0012A000021K3pj","Kenzo Mode (LVMH)","kenzo.com"
"0012A00002armRo","Tosoh Bioscience","tosoh.com"
"0013j00002mbkec","SeekOut","seekout.io"
"0013j000034t1Kd","Corpay","corpay.com"
"0013j000034rvKC","Yellow Card App","yellowcard.io"
"0013j00003ANSCS","Jotform","jotform.com"
"001F000001tff8S","Secret Escapes","secretescapes.com"
"0013j00003GVEpO","Crescando","crescando.se"
"001VK00000NEa1k","Diversey","diversey.com"
"0012A00002QsTjO","Abena","abena.com"
"001F000000inwuq","Five9","five9.com"
"001F0000010dTbA","Intuit","intuit.com"
"001VK00000iifMN","Carnegie Mellon University - H. John Heinz III College","heinz.cmu.edu"
"001F000001Av7CI","AvePoint","avepoint.com"
"001VK000003st7Y","Hawaii Medicaid","medquest.hawaii.gov"
"001F000000kTEkR","The Kraft Heinz Company","kraftheinzcompany.com"
"001F000000nyyFu","Nokia","nokia.com"
"001F000000tWl82","E*TRADE from Morgan Stanley","etrade.com"
"0012A00002Zb1j4","Comau","comau.com"
"0012A00002VAAnN","Amino Health","amino.com"
"0012A00002BmnFr","Kinaxis","kinaxis.com"
"0013j00002yaG8y","Graphic Packaging International LLC","graphicpkg.com"
"0012A0000286IAU","Project Management Institute (PMI)","pmi.org"
"001VK00000UDUk5","S2M Health","s2mhealth.com"
"001VK000006kPDp","Brainreader","brainreader.net"
"0012A00002Bn6St","JLG Industries","jlg.com"
"001VK000008oLeA","SF Studios","sfstudios.se"
"0012A00002V9sNU","Selina","selina.com"
"0012A00001vZxwz","Raiffeisen Schweiz","raiffeisen.ch"
"0013j00002bAMmn","Baker Hughes","bakerhughes.com"
"001F000000txgNe","Gannett | USA TODAY NETWORK","gannett.com"
"0013j00002mc9Gn","San Manuel Band of Mission Indians","sanmanuel-nsn.gov"
"001F000000i8Cb6","Mediaocean, LLC","mediaocean.com"
"0013j00002yc04x","We Are Believe","wearebelieve.co.uk"
"0012A000021JYF8","CSA Group","csagroup.org"
"0012A00002HDKqX","MindTickle","mindtickle.com"
"0013j000034uLjO","Phases","phases.dk"
"0013j00002ybg3L","Engel Austria","engelglobal.com"
"0012A00002AgkuA","Plusgrade","plusgrade.com"
"0012A00001vZxwh","Fidelity International","fil.com"
"001F000000pXanx","Veeva Systems","veeva.com"
"0013j000037iKHw","Open","opencreates.com"
"0012A00002TXhwR","Sartorius","sartorius.com"
"001VK00000eRaTP","Mastercard International Incorporated","mastercard.com"
"0012A000021J4Eb","Merrell","merrell.com"
"001VK00000OC06W","xAI","x.ai"
"001F0000017GMII","University Health System","universityhealthsystem.com"
"001F0000010dTV6","Duke Energy Corporation","duke-energy.com"
"0013j000037iR58","US Medical Management","harmonycares.com"
"001F000000v7srV","Shaw Communications","shaw.ca"
"001F000001N2AQj","Procore Technologies","procore.com"
"0013j00003AP1bm","Jackbox Games","jackboxgames.com"
"0012A00002V9Kx1","Z Gallerie","zgallerie.com"
"0012A00002Z1b7U","Premier League","premierleague.com"
"0013j000034rSNU","Alma Media","almamedia.fi"
"0012A00001vZEjq","ARBURG GmbH + Co KG","arburg.com"
"0013j00003AME0H","Zenysis","zenysis.com"
"001F000001N4oWe","Diligent","diligent.com"
"001VK00000QUSfp","Mendocino Farms","mendocinofarms.com"
"0012A00002ZoWiB","Academic Work","academicwork.com"
"0013j00003AMGNj","Upbit","sg.upbit.com"
"001VK00000kHokJ","nasscom","nasscom.in"
"001F0000017GNKM","Limeade","limeade.com"
"001F0000017GNFb","Paylocity","paylocity.com"
"001F0000017GM8H","Fareway Stores, Inc.","farewaystores.com"
"0013j00003AP4Oi","Virgin Media O2","virginmediao2.co.uk"
"0013j00002bCbHD","Fred Hutchinson Cancer Research Center","fhcrc.org"
"001VK00000avO2U","Janus Henderson Investors","janushenderson.com"
"001F000000vYZV5","Lexmark","lexmark.com"
"0013j00002ybyJi","Crumbl Cookies","crumblcookies.com"
"0012A00002Bndpr","League","league.com"
"001F0000010dTXd","Fruit of the Loom","fruit.com"
"0012A00002Bn64S","Raisio","raisio.com"
"001F000001hy8zJ","DECATHLON FRANCE","decathlon.fr"
"0013j00002ycNmD","Flink MÈxico","miflink.com"
"0013j00002mbkf4","Finnish Institute of Occupational Health","ttl.fi"
"0013j00002ybDoz","DarioHealth","dariohealth.com"
"001VK00000eCQxP","Francks Kylindustri AB","francksref.com"
"001VK00000ULwuM","Canon EMEA","canon-europe.com"
"001F0000010dTbB","Intuitive","intuitive.com"
"0013j00002ybY1l","Bubble","bubble.io"
"0013j00002ycNQ8","SlickText","slicktext.com"
"0012A0000284YTj","Real Madrid C.F.","realmadrid.com"
"0012A0000283BGX","Arthrex","arthrex.com"
"0012A00002Tyhq3","Investing.com","investing.com"
"0013j00002cTZQF","Ontario Health","ontariocanada.com"
"001VK00000aA6SS","RWS","RWS.com"
"0012A00002Lf8ro","Alan","alan.eu"
"0013j00002yc28R","Serneke","serneke.se"
"001VK00000T43oE","Harrods","harrods.com"
"001VK000006bf2N","Sparq","sparqtechnology.com"
"0012A00002Bn0uh","Alibaba Cloud","alibabacloud.com"
"001F00000191Z60","ROLI","roli.com"
"0012A00002Bn69V","GMV","gmv.com"
"0012A00002V9uY2","Guru","getguru.com"
"001VK000007lbMz","GreenGate Europe A/S","greengatehome.com"
"001VK0000055eP4","Sustainable Business Partner","sbp.se"
"0013j00003ALmML","MIKRONA GROUP AG","mikrona-group.ch"
"0012A00002asDXr","Sirius XM Radio Inc.","siriusxm.ca"
"0013j00002mbsRq","State of Delaware","delaware.gov"
"0013j00003GWF94","HSL Helsingin seudun liikenne","hsl.fi"
"0012A0000284t2u","Peerspace","peerspace.com"
"001F000000vYYuh","Invacare Corporation","invacare.com"
"0012A00002SnFP8","Pymetrics","pymetrics.ai"
"0013j00002yZMXm","Washtenaw County","washtenaw.org"
"0012A00002EvI9b","Digital Asset","digitalasset.com"
"0013j00002bAKp7","Clarins","clarins.com"
"0013j00002yaUT0","Victorinox","victorinox.com"
"0013j00002cRbcE","CoachHub.io","coachhub.io"
"001F000001qOwtF","Deltek","deltek.com"
"0012A00002aGmyd","AlphaSights","alphasights.com"
"0013j00002yaEPf","Cloud Native Computing Foundation","cncf.io"
"001VK00000BbOuh","Barclays","home.barclays"
"001VK00000bqifZ","Nuanxed","nuanxed.com"
"0013j000031wDRT","SMC","smc.eu"
"0012A000021J4Nf","YoungLiving","youngliving.com"
"001VK00000V7CXp","Netflix","netflix.com"
"001F0000017GM2A","Sika","sika.com"
"001F00000137AUx","GoCardless","gocardless.com"
"0013j000034rVJT","Level AI","thelevel.ai"
"001F000000wZQyz","SeaWorld","seaworld.com"
"0013j000037iKVO","EDAG Group","edag.com"
"0012A00002Bn6Ms","Fisher & Paykel Appliances","fisherpaykel.com"
"0013j00002bA0lA","EVERSANA","eversana.com"
"0012A000021I6Y6","National Park Service","nps.gov"
"0013j00003JoWtD","Dreyer's Grand Ice Cream","dreyersgrandicecream.com"
"0013j000034tPz7","NinjaOne","ninjaone.com"
"001F0000010dTMO","AdventHealth","adventisthealthsystem.com"
"0013j00002ybz2j","Boule Diagnostics AB","boule.com"
"0013j00003AOjQb","Harvard University","harvard.edu"
"0012A00002UIHKm","AlixPartners","alixpartners.com"
"001VK00000RWhTm","SparkToro","sparktoro.com"
"001VK00000f6E2J","Dartmouth Health","dartmouth-health.org"
"0013j000031ve0H","Curative.com","curative.com"
"0013j00003ALmM4","LEGENDARY LABS","legendarylabs.com"
"001VK000007fSVG","Sparbanken Lidk?ping","sparbankenlidkoping.se"
"0013j00002bALVc","Emerson Process Management","emersonprocess.com"
"001F0000010dTmr","Southern Glazer's Wine and Spirits","southernglazers.com"
"001VK000007vlFF","Kurago","kurago.software"
"0013j00003GVCye","California Department of Justice","oag.ca.gov"
"001VK00000kGDGi","Momentec Brands","momentecbrands.com"
"001F000000xkyul","Ted Baker","tedbaker.com"
"0012A0000286xpP","Willis Towers Watson","willistowerswatson.com"
"0012A00002OGUCg","Lamb Weston","lambweston.com"
"001VK00000VMPQy","COS (H&M - Customer)","cosstores.com"
"001F0000010dTbY","Newell Brands","newellbrands.com"
"0013j00003ALmRV","Stark Raving LLC","starkravingboston.com"
"001F000000f4ghU","Lancome (L'Oreal)","lancome.com"
"001VK00000i4rZ3","Rethink Ideas","rethinkideas.com"
"0013j00003GVCCy","Dentsu Creative","dentsucreative.com"
"0012A00002AghRX","Seko Logistics","sekologistics.com"
"0013j00002bA1ve","eCommerce Manager Bei Vets First Choice","vetsfirstchoice.com"
"0013j00002yb14t","Selecta","selecta.com"
"0012A00002VtkYm","Bakkt","bakkt.com"
"0013j00002mc9k0","Clayton, North Carolina","townofclaytonnc.org"
"001VK00000RJCZ0","L'agence","lagence.com"
"0012A000021JY9S","Jysk","jysk.com"
"001F000000xhWi7","Aramex","aramex.com"
"001F000000p7JwW","BMC Software","bmc.com"
"0013j00003AOOX9","Wellr","wellr.se"
"001F0000010dTMX","Aeropostale","aeropostale.com"
"0012A00002Z28O6","iMerit Technology","imerit.net"
"001F000001qOwzE","Maplesoft","maplesoft.com"
"0012A00002BneW4","Aasted North America","aasted.eu"
"0012A00002KK7a8","Monotype","monotype.com"
"0013j00002ybWJ3","CarteNav","cartenav.com"
"0012A00002EHfKz","Nobel Biocare","nobelbiocare.com"
"0013j000031vZZH","Polysign","polysign.io"
"0012A00002Xmh1L","NetEase","netease.com"
"001F000000mDsqC","Nielsen","nielsen.com"
"001VK00000Ux5jx","Actgroup","actgroup.com"
"001VK00000fcL25","Dualboot Partners","dualbootpartners.com"
"001F000000kUUYD","Online Amazon Associates","aboutamazon.com"
"0012A00002MLRIR","nVent","nvent.com"
"0012A00002Bn6BP","Tarkett","tarkett-group.com"
"001F0000017GLzW","Winnebago","winnebagoind.com"
"001F000000p6qcN","F5","f5.com"
"001VK00000YH2DC","Blofin","blofin.io"
"001F000001gKPXb","Nemak","nemak.com"
"001VK00000eAkto","hugbuds","hugbuds.com"
"001VK00000fcL1y","MG+M The Law Firm","mgmlaw.com"
"0013j00003GVM62","Rukakeskus Ltd / Pyh?tunturi Ltd","ruka.fi"
"001F000000iREy9","L.L. Bean","llbean.com"
"001A000000TQBHV","FreshBooks","freshbooks.com"
"0013j000034rBf6","Gate.io","gate.io"
"0013j00002mcx7q","Frontmatec","frontmatec.com"
"0013j000034tEti","Shoplazza","shoplazza.com"
"001F000001qOwoA","Team Detroit / Wpp","teamdetroit.com"
"0013j00002mcpDH","Deliverect","deliverect.com"
"001F0000010dTP8","Deutsche Bank Trust Company Americas","bankerstrust.com"
"001F000001H24AB","Conrad Electronic Group","conrad.de"
"001VK00000FjYMf","Ariane Systems","ariane.com"
"0012A00002HBn0N","Trulioo","trulioo.com"
"001F0000018NxPx","Quanex","quanex.com"
"001VK00000TxdMT","Kulttuuriosuuskunta Makasiini","sarijakuva.fi"
"0012A00002ZpJAw","Chicago Public Schools","cps.edu"
"0013j00002yc1DV","Ahlsell Sverige AB","ahlsell.se"
"0013j00002mc8mn","City of Fort Lauderdale","fortlauderdale.gov"
"0013j000034sO2O","Chainlink Labs","chainlinklabs.com"
"0013j00002cSr5Y","CoinList","coinlist.co"
"0012A000021K3lC","Devialet","devialet.com"
"001F0000017GLyX","Apex Tool Group, LLC","apextoolgroup.com"
"0013j00002ybgP9","Trialbee","trialbee.com"
"001VK00000gsS3z","Ingenia Health","ingeniahealth.com"
"0012A00002YLk4L","Takeoff Technologies","takeoff.com"
"001F0000010dTNt","Amtrak","amtrak.com"
"0012A000021K3lS","Domino Printing Sciences","domino-printing.com"
"0012A00002832s1","Playtika","playtika.com"
"001A000000ZhNPS","Aura Data Protection","auracompany.com"
"001F000000puhuk","MetLife","metlife.com"
"001F0000010dTVO","Edison International","edison.com"
"0013j000037iP83","Tony's Fresh Market","tonysfreshmarket.com"
"0012A00002Rgkgy","Maimai","maimai.cn"
"001F0000010dTTA","Cooper-Standard Holdings Inc.","cooperstandard.com"
"001VK000003st88","California Medicaid","dhcs.ca.gov"
"001F000001rp4lO","Preply","preply.com"
"0012A000021JYDO","Pearson VUE","home.pearsonvue.com"
"0013j00002ycM5z","Vista Global","vistaglobal.com"
"0013j00002mdAkw","M.C. Dean, Inc.","mcdean.com"
"001VK000007iTtX","Suntory Global Spirits","suntoryglobalspirits.com"
"0013j00003AP43d","RVO Health","rvohealth.com"
"001F0000010dTB5","NASA - National Aeronautics and Space Administration","nasa.gov"
"001VK00000dPqhk","TFNB Your Bank for Life","tfnbtx.com"
"001F000001mefhO","Techtronic Industries - TTI","ttigroup.com"
"0013j00003ALmLk","JOSEPH & NORINSBERG","employeejustice.com"
"001F0000010dJem","Fanatics","fanatics.com"
"001VK00000hJ2Tb","UniUni","uniuni.com"
"0013j00002ybyEj","Net Insight","netinsight.net"
"0012A00002ZpKiP","SK hynix","skhynix.com"
"0013j00003ALmNc","Solar Group","solar.eu"
"0013j00002ycAOA","Bouygues Energies & Services","bouygues-es.fr"
"001VK00000bgdMm","BTCC","btcc.com"
"001VK000002pGic","WALTER GROUP","walter-group.com"
"0013j00002ycLG0","BTX Group A/S","btx-group.com"
"0013j000031vn0O","BE-terna","be-terna.com"
"0013j00002yawn9","Commure","commure.com"
"001F0000010dTV5","DTE Energy","dteenergy.com"
"0012A00002SnWzW","Otsuka Pharmaceutical Companies (U.S.)","otsuka-us.com"
"0013j00002mcczf","Semco Maritime","semcomaritime.com"
"001VK000003st8t","Attorney General Delaware","attorneygeneral.delaware.gov"
"001VK00000BqdYP","MidJourney","midjourney.com"
"001VK000003st8i","Attorney General Kansas","ag.ks.gov"
"0013j00002mccxK","Svevia","svevia.se"
"001F0000010dTUn","Dole Food Company","dole.com"
"0013j00002yb3Q5","MilliporeSigma","milliporesigma.com"
"0012A00002ZbWCb","Sisecam","sisecam.com.tr"
"001VK00000Loobr","Tanda Technologies Inc","tanda.io"
"001F0000017GMSf","Datasite","datasite.com"
"001VK000007lcHR","Otto Suenson A/S","ottosuenson.dk"
"0013j00003GWnoK","ATI","atimaterials.com"
"0013j00002yb13g","ILVA","ilva.dk"
"0013j00002yad4m","Coop Danmark","coop.dk"
"0012A00002BnQY9","Outokumpu","outokumpu.com"
"001F000000fawp5","Bonanza","bonanza.com"
"0012A000021Ilmx","Destination Canada","destinationcanada.com"
"0013j00003ALmN1","PROMOTION SANT? SUISSE","promotionsante.ch"
"001F000001jMCJE","McGraw Hill","mheducation.com"
"0013j00003GVWb2","Export and Investment Fund of Denmark","eifo.dk"
"0013j00002bA0kv","DEKRA","dekra.com"
"001F000000or1PE","Boston Scientific","bostonscientific.com"
"0013j00003GYv5g","KLIFO","klifo.com"
"0012A000021JYIs","Linedata","linedata.com"
"0013j00003ALmME","MCLENNAN ROSS","mross.com"
"001F0000010dSpi","Ryan","ryan.com"
"001VK000003gdcB","Enterprise Truck Rental","enterprisetrucks.com"
"001VK00000Fy3Qc","ChurchDesk","churchdesk.com"
"0013j00002bBxv9","Saipem","saipem.com"
"001F0000010dTGj","Alexion Pharmaceuticals, Inc.","alexion.com"
"0012A000021HvXU","GIA (Gemological Institute of America)","gia.edu"
"0013j00002bBpML","Eko Health","ekohealth.com"
"001VK00000R54kz","Alligator Bioscience AB","alligatorbioscience.se"
"0013j00002yacIX","Ledger","ledger.com"
"0013j00003ALoEb","POLK COUNTY POLICE CHIEFS ASSOCIATION","polksheriff.org"
"001VK00000R5p8v","Social Industries","socialindustries.se"
"001F000001N2AeP","DoorDash","doordash.com"
"001F000001Ha2fJ","Nudie Jeans","nudiejeans.com"
"001VK00000eJMSP","Penske Transportation Solutions","gopenske.com"
"0012A00002ZpJWW","Ria Money Transfer","riamoneytransfer.com"
"0012A00002arhOL","BBC Studios","bbcstudios.com"
"0013j00002ybVGq","TCS Software","associationsoftware.com"
"0013j00002yazeL","Qatar National Tourism Council","visitqatar.qa"
"0013j00002mcuPo","MyGlamm","myglamm.com"
"001VK00000dMMug","AKIRA","shopakira.com"
"0013j00003AP4aB","Macys.com","macysjobs.com"
"001VK000008oo3S","Metropolitan Government of Nashville & Davidson County","nashville.gov"
"001VK000001njt4","Hatz Diesel","hatzamericas.com"
"0012A00002Bn6TZ","Hapag-Lloyd AG","hapag-lloyd.com"
"001VK000001aBqq","Netsmart","netsmart.se"
"0012A00002BnecL","Goethe Institut Nigeria","goethe.de"
"001F0000010dSw2","Bloomfire","bloomfire.com"
"001F000001ERCyE","Dictionary.com","dictionary.com"
"0013j00003ALmS9","Zircon Medical Management AG","mypatent.com"
"001F0000017GM7q","RadNet","radnet.com"
"001VK00000SGGf4","Indetail","gemail.com"
"0012A00002ZpKiW","Medicago","medicago.com"
"001VK00000BlsTH","Sevenai","sevenai.com"
"0012A00002ar6Y4","EGGER Group","egger.com"
"0012A00002OGVsV","YITUTech","yitutech.com"
"0013j00002cTrlF","Sapienza Universit? Di Roma","uniroma1.it"
"001VK00000gvp5g","Curation Health is now Reveleer","curationhealth.co"
"0013j00002ybtZt","Open","notclosed.com"
"001F000000hWcAL","Honeywell","honeywell.com"
"0013j00003GVJ4Y","United States Postal Service","usps.com"
"001F0000010dSkq","Lucid Motors","lucidmotors.com"
"0012A00002WyBVh","Handshake","joinhandshake.com"
"0012A00002aoack","Moglix","moglix.com"
"0012A00002Y31lh","Straumann Group","straumann-group.com"
"0012A00002Ew2mM","Skydio","skydio.com"
"0012A00002ZcyOh","Sunwing Travel Group","sunwingtravelgroup.com"
"001F0000010dTQj","Brookdale Senior Living","thetowersonparklane.com"
"0013j00002cTDFx","Topdanmark","topdanmark.dk"
"0012A00002Xp2Ng","Capture One","captureone.com"
"0012A00002aI2nY","NC Farm Bureau","ncfbins.com"
"0012A000021JYBB","(ISC)","isc2.org"
"0013j00002ycNZ5","Andrena","andrena.com"
"0012A00002BneLy","Idesco Oy","idesco.fi"
"0013j00002ybXHr","BAUHAUS A/S Danmark","bauhaus.dk"
"0013j00003GUr4I","Silhouette","silhouette-group.com"
"0013j00002bALWG","BE&K Building Group","bekbg.com"
"0013j00003GVSCo","Alm. Brand Group","almbrandgroup.com"
"001F000001meMh5","Library of Congress","congress.gov"
"0013j00003ANOmq","City of Freeport","freeport.tx.us"
"001F0000010dTre","West Pharmaceutical Services","westpharma.com"
"001VK000007lH4U","Vinga","vinga.com"
"0013j00002cRZ9X","Loft","loft.com.br"
"0012A000021IQkD","ASML","asml.com"
"001F0000010dTgm","Nu Skin","nuskin.com"
"0012A00002Bmn7G","Glint","glintinc.com"
"0012A00002TWgFv","Tekion Corp","tekion.com"
"0013j00003GYUFS","RINGANA","ringana.com"
"001F0000017GNNF","Decisiv, Inc.","decisiv.com"
"0013j00003ALmQ7","Lansi Auto Drive Oy","lansiauto.fi"
"001A000000ZhNR9","Government Employees Insurance Company","geico.com"
"0013j00002mcx7k","SILVAN","silvan.dk"
"001VK00000348Ys","DHL Supply Chain","logistics.dhl"
"0013j000037iJvY","Fairmont Hotels & Resorts","fairmont.com"
"0012A00002OGElE","C&A","c-and-a.com"
"0012A00002ZpKj2","Proficio","proficio.com"
"001VK00000PkZ2o","Simployer","simployer.com"
"0012A00002XUKXZ","YPrime","yprime.com"
"0013j00002yaav4","Chiesi Group","chiesi.com"
"0013j000037iWEh","Mehler Vario System GmbH","m-v-s.de"
"0013j00003GW16A","Ancestry","ancestry.com"
"0012A00001rKLQj","Aetna, a CVS Health Company","aetna.com"
"0012A00002Bn5yX","Tesa","tesa.com"
"0013j000031uUzq","CAS","cas.org"
"0012A00002UFxBV","Zego","zego.com"
"001VK00000PTsV2","Eszmeletlen Holding Co","makeforms.io"
"0013j00002bA8FM","IAC","iac.com"
"0012A00002RhExD","Timocom","timocom.co.uk"
"0013j00002mc9zY","Calhoun County","calhouncountymi.gov"
"001VK00000PkD0h","PowerSchool","powerschool.com"
"001VK00000AxdQH","B¯rsen","borsen.dk"
"0012A00002BmnDX","Ricoh USA, Inc.","ricoh-usa.com"
"0013j00002cTZPb","Spotlight Therapy Inc.","spotlighttherapy.com"
"0013j00003AMGrh","McAfee","mcafee.com"
"0013j00003AM8LN","Onondaga County","ongov.net"
"0013j00003ALmQY","N2 Growth","n2growth.com"
"0012A00002Y3i1f","Hormel Foods","hormelfoods.com"
"0013j00002yatqc","Modern Treasury","moderntreasury.com"
"001F0000010dTd1","Leidos","leidos.com"
"001VK00000VDIBm","WhatsApp","whatsapp.com"
"0013j00003ALmNk","SQUARE SAS","securityinnovation.com"
"0012A000021J4Ag","Holland & Barrett","hollandandbarrett.com"
"001VK000002pHLu","GlaxoSmithKline Pharma GmbH","glaxosmithkline.at"
"0012A00002V9K0e","Highgate","highgate.com"
"0013j00003JqfKV","Orage","orage.no"
"0012A00002S9XrN","miro","miro.com"
"001F000000g8Ks6","Lenovo","lenovo.com"
"0012A00002849mF","Subaru of America","subaru.com"
"0013j00003GWriT","Diebold Nixdorf Software","dieboldnixdorf.com"
"0012A00002WyzYT","Augury","augury.com"
"001VK000002X7pk","BSL For You","ucl.ac.uk"
"0012A00002RislK","Tempus Labs, Inc.","tempus.com"
"0012A000021Kxxg","HMD","hmdglobal.com"
"0013j00003JpUv7","GRUP MEDIAPRO","mediapro.tv"
"001F000000luJYI","Bose Corporation","bose.com"
"0013j00002bA8Z7","Valeo Comfort and Driving Assistance","valeo.com"
"0013j00003ALmPj","Georgia Cares","gacares.org"
"0012A00002Bmn5X","Varo","varomoney.com"
"0012A00001vZukI","Anova Culinary","anovaculinary.com"
"001VK00000ZHu6c","DELOITTE CONSULTING LLP","deloitte.com"
"0012A00002WXxGt","ConsenSys","consensys.net"
"0013j00002ycKOb","Woebot Health","woebothealth.com"
"001F000001rpl4A","Square","squareup.com"
"001F000001Fe4Aj","Shippo","goshippo.com"
"0013j00003GVK4M","The Sage Group","thesagegroup.com"
"0013j00002ycMKl","ArÁelik Global","arcelikglobal.com"
"0013j000034t2xa","Copado","copado.com"
"0013j00002mcu1D","Moov.io","moov.io"
"001F000000t3I0Y","MasterControl","mastercontrol.com"
"001F000001tfOrD","Clover","clover.com"
"001F000000pXQXB","Dynamic Signal by Firstup","firstup.io"
"0013j00002mcwiQ","Olly PBC (Unilever)","olly.com"
"0013j00003GWsu9","K18 Hair","k18hair.com"
"001A000000aFPdT","Shell","shell.com"
"0013j00002mcv0i","Starwood Hotels & Resorts Worldwide","starwoodhotels.com"
"0012A00002Z1a6m","Fountain","fountain.com"
"001F0000010dTa0","Hines","hines.com"
"0013j00003ALmMP","MOBIMO HOLDING","mobimo.ch"
"0013j00002yZ10P","Pipe","pipe.com"
"0012A00002ZalNn","Leadec","leadec-services.com"
"001A000000aGYMN","HPE Aruba Networking","arubanetworks.com"
"0012A00002RiwNv","Butterfly.ai","butterfly.ai"
"0012A00002Yz84t","Bynk AB","bynk.se"
"0012A00002Bn6Ve","Rehau","rehau.com"
"001F0000010dTed","Mednax, Inc.","mednax.com"
"0012A00002TYavu","Lactalis","lactalis.fr"
"001F000000vYZV1","Les Services Kelly","kellyservices.com"
"001F000001jOqVt","SEA (was Garena)","garena.sg"
"001VK00000enOGh","Clarke","clarkeliving.com"
"0013j00002ycNPt","Bitwarden","bitwarden.com"
"0013j000031uVMl","Little Company of Mary Hospital","lcmh.org"
"001VK00000WUQXD","Allianz","allianz.com"
"001VK00000VQ65I","Delta Air Lines","delta.com"
"001VK000007lfEI","Nordic Dream","nordicdream.dk"
"0012A00002EuzUT","M?venpick Hotels & Resorts","movenpick.com"
"001VK00000HiIU5","Moose Toys","moosetoys.com"
"0012A00002BnVKT","Mavericks","mavericks.fi"
"0012A00002VAwr8","Vocalink","vocalink.com"
"001A000000cnz08","H&R Block","hrblock.com"
"0012A00002BmnAa","Roofstock","roofstock.com"
"0012A00002Z0a9W","AgileBits, Inc","1password.com"
"0013j000034tHHv","DILLING","dilling.com"
"001VK00000eZjjC","PSL","pslgroupllc.com"
"001VK00000VN75S","Carters Inc.","carters.com"
"001F0000017GMvc","Neocase","neocasesoftware.com"
"0013j00002bAKnr","Accord Healthcare","accord-healthcare.com"
"0012A000021IOjn","Kahoot!","kahoot.com"
"0012A00002TW08N","Valve Group","valve.fi"
"001F0000010dTUs","Dover Corporation","dovercorporation.com"
"0012A00002ZpJ3x","Study.com","study.com"
"0013j00003GYXzB","Quince","quince.com"
"001VK00000VDQu9","Alcoa Inc","alcoa.com"
"0013j00002yc6gk","Scan Global Logistics","scangl.com"
"0013j00002bA0nl","US Air Force Reserve","afreserve.com"
"001F000000j7Uak","SanDiskÆ","sandisk.com"
"0013j00002ya6qF","Adobe","Adobe.com"
"0013j00003GUtUH","IAFF","iaff.org"
"001F000000vYYuf","Interactive Intelligence","inin.com"
"0012A000021JF6D","Daniel Wellington","danielwellington.com"
"001F0000010dTcg","Los Angeles Department of Water and Power","ladwp.com"
"001F000000vYYtp","Cengage","cengage.com"
"001VK000007ldVx","Singular Society","singular-society.com"
"0013j00002cUSFA","Shuttlerock","shuttlerock.com"
"0013j00003ALmO3","TECRES SPA","tecres.it"
"0012A000021Ihqq","Coopertires","coopertire.com"
"001F000001rqykZ","Zenoti","zenoti.com"
"001F0000010dTMf","Associated Food Stores","afstores.com"
"001F000001gMDWO","Wizz Air","wizzair.com"
"0012A00002ZpJLe","Transport Canada","tc.gc.ca"
"0013j00002ycM2k","Postmedia Network Inc.","postmedia.com"
"0012A00002BmuMa","Nordcloud Finland","nordcloud.com"
"001VK000007P55K","WeTravel","wetravel.com"
"001VK00000BFR4n","Freak Athlete","freakathlete.co"
"001VK00000TpnpC","The Walt Disney Company","disney.com"
"001VK00000grkbW","Sprinter Health","sprinterhealth.com"
"001F0000010dTeb","Medline Industries, LP","medline.com"
"001VK00000XkYOi","Trolley","trolley.com"
"0013j00003ALmMN","minds + assembly","mna.co"
"0013j000031uV6A","Advanced Energy","advancedenergy.com"
"0013j00002mc8wi","Jackson Health System","jacksonhealth.org"
"0012A000021J4Np","Mackenzie Investments","mackenziefinancial.com"
"0012A00002EH4z7","TechniaTranscat *","techniatranscat.com"
"001F000001AwSeV","Timbuk2","timbuk2.com"
"0013j000034t3JN","Viatris","viatris.com"
"001F0000010dTos","Thor Industries, Inc.","thorindustries.com"
"0012A00002YLas3","Capri Holdings Limited","capriholdings.com"
"0012A000021J4Hs","Pyramid Hotel Group","pyramidglobal.com"
"0013j00002yaAlT","Applus+","applus.com"
"0012A000021J46F","Commonwealth of Pennsylvania","pa.gov"
"001VK00000Xy9FA","Finansfabriken AB","finansfabriken.se"
"0012A00002BmnG8","Workable","workable.com"
"0012A000021K3hT","Aristocrat","aristocrat.com"
"0013j00002bA64r","Jazz Pharmaceuticals","jazzpharma.com"
"001VK000006zbwv","Gyldendal Uddannelse","gyldendal-uddannelse.dk"
"001VK00000eVOYT","resonance-ww","resonance-ww.com"
"0012A00002ZpJIl","National Academy of Sports Medicine","nasm.org"
"0012A0000283UNi","Argo AI","argo.ai"
"001F0000010dTMo","Air Products","airproducts.com"
"0012A00002TztZx","Golden Tulip","goldentulip.com"
"001F000000jUJsx","Change.org","change.org"
"0013j000031wIsY","Kvantic","kvantic.com"
"0012A00001rJfQQ","Cynosure, LLC.","cynosure.com"
"001VK00000jggNX","Klint Communications","klinttranslations.com"
"0013j00002ybyhs","Aidian","aidian.eu"
"0012A00002Xmgt2","Take-Two Interactive","take2games.com"
"0012A00002XpKX5","FleishmanHillard","fleishmanhillard.com"
"0013j00002mc97s","City of Carbondale","explorecarbondale.com"
"0013j00002yc6mE","Alliance Pharmaceuticals Limited","alliancepharmaceuticals.com"
"001A000000coZfz","ZoomInfo","zoominfo.com"
"0013j00003ALmOX","AAK DALBY","rapsona.se"
"0012A000021J4F0","Mitchell International","mitchell.com"
"0012A00002Npk3p","BigID","bigid.com"
"0012A00001rIOzu","Migros-Genossenschafts-Bund","migros.ch"
"001F000000j7PUA","BetterWorks","betterworks.com"
"0013j00002yacCh","Almirall","almirall.com"
"0013j00002ycAPX","Hiab AB","hiab.com"
"001F000000kEmvB","State Farm","statefarm.com"
"001F0000010dTX7","FLSmidth","flsmidth.com"
"001A000000ShTry","The Wharton School - UPenn","upenn.edu"
"0013j00002bA6Tw","Simplex","simplex.com"
"001VK00000F5FFV","Bylt Basics","byltbasics.com"
"001VK00000gu3hO","dcopr.com","dcopr.com"
"001VK00000enoXh","Falcon's Creative Group","falconscreativegroup.com"
"001F00000137fJX","Lush Cosmetics","lush.com"
"001VK00000enaCz","SANY America","sanyamerica.com"
"001VK00000fsVws","EBAA","restoresight.org"
"001VK00000OcLjy","99c","99c.co.za"
"001F000000hWc5w","Avaya","avaya.com"
"001VK00000Dhsou","Rockstar Games","rockstargames.com"
"0013j00002mduYt","Amiblu","amiblu.com"
"0013j00002cT8XT","4Paradigm","4paradigm.com"
"0012A00002ZomKJ","Shield AI","shield.ai"
"001VK000002zT2R","Lineage","onelineage.com"
"001F0000017GND2","Celtra","celtra.com"
"001F000000xhWQ0","Dairy Queen","dairyqueen.com"
"0013j00003GUwo5","Old Navy","gap.com"
"0012A00002TzsCS","NIRAS","niras.com"
"001F000000vYZXR","Timken","timken.com"
"0013j00003ANOqB","Spring Fire Department","springfd.org"
"0013j00003GXqDj","Dr. Oetker","oetker.com"
"001F000000pseIV","HID Global","hidglobal.com"
"001VK00000KgG1d","Jeenie","jeenie.com"
"0013j00002ybbu2","Intact","intact.ca"
"0013j00002b9zIk","Mercer","mercer.com"
"0013j000031vhzH","Evergy","evergy.com"
"001VK00000A2sUp","Advokatfirman Lindahl","lindahl.se"
"0013j00003ANko1","Worcester County District Attorney's Office","worcesterda.com"
"001VK00000aDZY1","Eleven Software","elevensoftware.com"
"0012A00002OGoDF","Nexperia","nexperia.com"
"001F000001o3J1R","BSI","bsigroup.com"
"001F0000019oK1l","U.S. Office of Personnel Management (OPM)","opm.gov"
"0013j00003ALmP4","Bitsiel","bitsiel.nl"
"001VK00000JpwIy","Nuance Medical","cryodose.com"
"001VK00000Taaib","Global Industrial Canada","globalindustrial.ca"
"0013j000031vyfB","Pacaso","pacaso.com"
"0013j00002mcjrG","AddSecure","addsecure.com"
"0012A00002N5Zhy","Claroty","claroty.com"
"001VK000006llWH","Heineken USA","heinekenusa.com"
"0013j00002yYtBu","IQM Quantum Computers","meetiqm.com"
"0013j00002yYyTS","Hamilton Health Sciences","hamiltonhealthsciences.ca"
"0013j000031uKvy","Nord Security","nordsecurity.com"
"0012A00002Bn6Lb","Agrana Group","agrana.com"
"001VK000007vsXv","Nordic Computer A/S","nordiccomputer.com"
"0012A00002866To","A Square Group LLC - Medicare/CMS","cms.gov"
"0013j000034t3bh","Island","island.io"
"001F0000017GLw1","Dart Container","dartcontainer.com"
"0013j00002cTZaP","Frostbite","frostbite.com"
"0013j000031uV7Z","DeKalb County Government","dekalbcountyga.gov"
"001VK000003st7Q","State of Alabama","alabama.gov"
"0013j00002mcvKQ","Insurello","insurello.se"
"0012A00002ZpRpL","JLL","jll.com"
"001F000000tYN0D","Hive","hive.com"
"0013j00003ALmR5","Rokkedahl Food ApS","rokkedahl.dk"
"0013j000037iIUV","Send Cloud","sendcloud.com"
"001VK00000BWwFl","Tennessee Dept of Human Services","tn.gov"
"001A000000aGppn","GameStop","gamestop.com"
"001VK00000erTCz","Morehouse College","morehouse.edu"
"001F000000g8LCf","Samsung Electronics","samsung.com"
"0012A000021KEB1","CBTS","cbts.net"
"0013j00002mbTN6","CBC-AM","cbc.ca"
"001F000000zRm7F","OCLC","oclc.org"
"0013j00002ycJfl","Jassby","jassby.com"
"0012A00002Bndrl","Sono Motors","sonomotors.com"
"0013j00003ALmJq","Agriculture and Agri-Food Canada","agriculture.canada.ca"
"001F000000s0fBo","Blue Shield of California","blueshieldca.com"
"0012A000021J4Dx","MandM Direct (Bestseller)","mandmdirect.com"
"0013j00002ybeiT","Bureau of Alcohol, Tobacco, Firearms & Explosives","atf.gov"
"0012A00002WzjEM","Cultura","cultura.com"
"001F000001tgB80","Special Olympics","specialolympics.org"
"0013j00002cSr5h","Fairmarkit","fairmarkit.com"
"001VK00000O7Gjr","RESULTS Patient Recruitment Media, Corporation","resultsprm.com"
"001F0000017GMD0","Silicon Labs","silabs.com"
"001F000000uC7YJ","Woolworths Group","woolworthsgroup.com.au"
"0012A00002aqJmQ","Next Level Business Services","nlbservices.com"
"0013j000034tli4","Biosplice Therapeutics","biosplice.com"
"001VK00000i7ZJ4","EasyPark","easypark.com"
"001F000000hVlRj","Goldman Sachs","goldmansachs.com"
"0012A00002ZpJAy","Jones & Bartlett Learning","jblearning.com"
"001F000000vsW54","OnStar","onstar.com"
"0013j00002cTiVQ","Vivo","vivo.com"
"0013j00003GV9pO","Passenger","passenger-clothing.com"
"001F000000ogX95","Chevron","chevron.com"
"001VK00000Uh8fN","Partner-prop","partner-prop.com"
"0013j00002yad4s","Lendo AB","lendo.se"
"0013j00002ybuUF","LeadSquared","leadsquared.com"
"0013j00003ALz3C","Tevva","tevva.com"
"0012A00002Z1aoQ","Divergent 3D","divergent3d.com"
"0013j00003ALmMS","Morningstar Europe Ltd.","morningstar.co.uk"
"001F0000010dTEB","SailPoint","sailpoint.com"
"001VK00000i14DA","Apostroph Switzerland - Language Intelligence","apostrophgroup.ch"
"0013j00002yb1AP","Wibax OY","wibax.com"
"0013j00002yaWTn","HR-ON","hr-on.com"
"001F000000mEER5","swarovski","swarovski.com"
"0012A00002TYZYc","Zume","zume.com"
"001VK00000DmBOI","Earlybird Venture Capital","earlybird.com"
"0012A00002aq47b","Royal London Asset Management (RLAM)","rlam.com"
"0013j00002yaGIC","NotCo","notco.com"
"001F000001qEm0c","Forex","forex.com"
"0013j00002mc8pn","City of Santa Clara","santaclaraca.gov"
"001F000000jmO5O","Apptio","apptio.com"
"0013j00002cTUl5","Deas A/S","deas.dk"
"0012A00002Bn5yE","Bechtle","bechtle.com"
"001F000001hyXHZ","Swanson Russell","swansonrussell.com"
"0012A00002Et1cM","SJ AB","sj.se"
"0012A00002Ew7LB","Tamigo","tamigo.com"
"0013j00003ALmPr","Innovalve Bio Medical Ltd.","datacheck.co.il"
"0013j00002ybUSI","Wayflyer","wayflyer.com"
"001VK00000fBcQX","Monkey Cousin","monkeyscousin.co.uk"
"0012A00002Bomw7","Runtastic GmbH","runtastic.com"
"001F000001N2AQ2","Adaptive Biotechnologies","adaptivebiotech.com"
"001VK00000ToYk9","Cox Automotive Inc.","coxautoinc.com"
"0013j00002bBxt8","Assist Digital","assistdigital.com"
"0012A00002Bndlk","Valio","valio.com"
"001F000000pWoXL","Deezer","deezer.com"
"001VK000004gxuy","Advanced Soltech","gigasun.se"
"0013j000031wBCF","Axelar","axelar.network"
"0013j00002bA5q1","Nice Actimize","nice.com"
"0012A00002X07Qr","Sedgwick","sedgwick.com"
"001VK00000TTePb","EF Education First","ef.edu"
"001F000001tff6O","Booking.com","booking.com"
"0012A000021J4IC","Rapala VMC","rapalavmc.com"
"001F000000nzHsQ","Spectrum Brands, Inc","spectrumbrands.com"
"001A000000aFVcy","Scholastic","scholastic.com"
"0013j000034uKxO","Stutterheim Raincoats","stutterheim.com"
"0013j00003AOtVg","Simplyture","simplyture.com"
"0013j00002yb15r","Vivid Money","vivid.money"
"001F0000017GMIh","Daktronics, Inc.","daktronics.com"
"0013j00003AP4c6","Oxceed","oxceed.se"
"001F000000khTMz","Cloudera","cloudera.com"
"0012A000021J4Jo","Sony Music Entertainment","sonymusic.com"
"0013j00002mbsKp","Momentive","momentive.com"
"0013j00003AMQeF","XT.com","xt.com"
"0012A00002TYavm","Baker Tilly US","bakertilly.com"
"001VK00000eVROJ","Thousand Islands Winery®","thousandislandswinery.com"
"0013j00003ANKIz","Los Angeles County Department of Health Services","dhs.lacounty.gov"
"001VK000009TpMv","dm-drogerie markt Deutschland","dm-jobs.com"
"001VK000002N3uJ","Syntegon","syntegon.com"
"0013j00003AMxDy","Foodora","foodora.com"
"0013j00002bADz5","Biotage AB","biotage.com"
"0012A00002ZpLPc","Oribe","oribe.com"
"0013j000031w6aC","Sweco Group","swecogroup.com"
"001F000001N1oH8","Imperial Clinical Research Solutions","imperialcrs.com"
"0013j000034t2vg","BMW Group","bmw-muenchen.de"
"0012A00002Zona0","Applied Intuition","appliedintuition.com"
"0013j00002yZMe4","Chervon Group","chervongroup.com"
"0013j00002bA0mH","NNIT","nnit.com"
"0013j00003GVVYL","Travel Centers of America","ta-petro.com"
"001VK000004h1N1","Trezor","trezor.io"
"0013j00003AMxlw","Patient Education Genius","patienteducationgenius.com"
"001VK00000UZcds","Nipr","nipr.com"
"0013j00002mdmST","Elektrobit Automotive","elektrobit.com"
"001F0000010dTqc","Varian","varian.com"
"0013j00002meP28","Udviklings","ufst.dk"
"0012A000028683S","Prometric","prometric.com"
"0012A00002U1Z84","Hippo Insurance","myhippo.com"
"0013j00002cTtRz","Resolve Systems","resolvesystems.com"
"0013j000034su1G","Veho","shipveho.com"
"0013j00003AP4R9","Bitvavo","bitvavo.com"
"0012A00002BpUfc","New Motion (Shell)","shell.co.uk"
"0012A000021JYAA","Sunrise Brands","sunrisebrands.com"
"0012A00002833jF","Upside","upside.com"
"001VK000003st8x","Attorney General Vermont","ago.vermont.gov"
"0012A00002BneYp","Rothy's","rothys.com"
"0013j00003AM9it","Frax","app.frax.finance"
"001VK00000entU9","American Computer Development, Inc. (ACDi) ""?In Touch With Technology""?","acdi.com"
"001VK000000hcem","JobMatch Talent","jobmatchtalent.com"
"0013j00002bAKpE","ComEd","comed.com"
"0012A00002EHena","Bethesda Softworks","bethesda.net"
"0013j00002mbcHa","Mitigram","mitigram.com"
"001VK0000021H2B","J.D. Irving, Limited","jdirving.com"
"0013j00002bA0me","Petco","petco.com"
"001F000000iMRUO","NetApp","netapp.com"
"001F000000qDEcM","Esurance","esurance.com"
"001F000000p7MFJ","BloomReach","bloomreach.com"
"001F0000017GMHK","Old National Bank","oldnational.com"
"0013j00002cUDjz","Sheraton Hotels & Resorts","sheraton.com"
"001F000000uCFwb","Ibotta","ibotta.com"
"0013j00002mdAK5","Kilo Health","kilo.health"
"001VK00000B6pvz","USAble Life","usablelife.com"
"0012A00002844NG","insulet","insulet.com"
"001VK000003st8D","Vermont Medicaid","dvha.vermont.gov"
"0013j00002bA90T","Bygghemma Group","bygghemmagroup.se"
"0013j00002yaGd2","Collibra","collibra.com"
"001F0000010dTLc","Regal","regmovies.com"
"001VK00000iHGGm","Donesafe","donesafe.com"
"0013j00003JprDY","Pulse Labs","pulselabs.ai"
"001VK000001n6A9","IAG Cargo","iagcargo.com"
"0012A00002SA3d6","ShipBob","shipbob.com"
"001F000001ro1A7","Tricentis","tricentis.com"
"0013j000034t6Az","Precision NanoSystems","precisionnanosystems.com"
"001F000001N2Acg","6sense","6sense.com"
"0012A00002Evhon","Adlibris","adlibris.com"
"0012A00002ZpImz","Bellco Credit Union","bellco.org"
"0012A000021IOjc","N26","n26.com"
"0013j00002cT398","Prometheus Group","prometheusgroup.com"
"0012A00002Et4hr","Carrot Fertility","get-carrot.com"
"001F000001tfvpo","Ruder Finn","ruderfinn.com"
"001VK00000VDSRH","Siemens Energy","siemens-energy.com"
"0013j00003GVPoe","Foot Locker Canada Corp.","footlocker-inc.com"
"0012A000021J45t","Chrome Industries","chromeindustries.com"
"0012A00002Sl4SB","Bynder","bynder.com"
"0012A00002Z1aRT","Aviatrix","aviatrix.com"
"0012A00002JZbKt","Zylo","zylo.com"
"001VK00000Dpw7J","Break The Box","breakthebox.se"
"001VK00000gY47T","Skattestyrelsen","sktst.dk"
"001VK00000Apf95","Ericsson Software","est.tech"
"0013j00002yax19","Scanmarket","scanmarket.com"
"001VK000003st8c","Attorney General Oklahoma","oag.ok.gov"
"001VK000006zovk","Live Nation Entertainment","livenationentertainment.com"
"0013j00002yaeIl","JupiterOne","jupiterone.com"
"001F000000s0JhN","Schoology","schoology.com"
"001A000000ZjfW0","Dow Jones","dowjones.com"
"0012A00002UFFTx","Genies","genies.com"
"001F000001tff6w","EE","ee.co.uk"
"0013j000037iOj0","Indutrade AB","indutrade.com"
"0012A000021KEJG","Magoosh","magoosh.com"
"0013j000031vk4d","Coverflex","coverflex.com"
"001VK00000bh7KI","easyling","skawa.hu"
"001A000000Zjj3k","Comarch Inc.","comarch.com"
"001VK0000060M5J","Amec Foster Wheeler","woodplc.com"
"001VK00000RWwpJ","Detroit Athletic Club","thedac.com"
"001F0000010dTOj","Auto-Owners Insurance Company","auto-owners.com"
"0013j00002cTuXl","Omio","omio.com"
"0012A00002EHNWM","HCL Technologies","hcltech.com"
"0013j00003ALmJj","ALD Connect","aldconnect.org"
"0013j00002ybDcZ","Dialogedu","dialogedu.com"
"0013j00003GWrma","Westside Regional Center","westsiderc.org"
"001VK00000NQsUB","Quantev","qantev.com"
"0013j00003AM7ym","Januar","januar.com"
"0013j00002yZMtC","Cleveland Public Library","cpl.org"
"0012A00002Z1aTl","Caris Life Sciences","carislifesciences.com"
"0013j00003JqVhW","Weidm¸ller Deutschland","weidmueller.de"
"0012A00002Nqc10","Bitmain","bitmain.com"
"001VK00000VDQuA","Christie's","christies.com"
"001F0000010dTZ8","HeidelbergCement Group","heidelbergcement.com"
"001VK00000bh8TS","Octo","octotekematics.com"
"001F000001hwVc6","DAZN","dazn.com"
"001VK000007vsY5","Dokumentera","dokumentera.se"
"001VK000007fhhZ","Carbon Recycling International","carbonrecycling.com"
"0012A00002ZpKbO","DKV Mobility","dkv-mobility.com"
"0013j00003ANHbV","Pratt & Whitney Canada","pwc.ca"
"0013j00003JqyEq","Citizens Inc.","citizensinc.com"
"0013j00003GWhHS","DIS - CREADIS Engineering Solutions & Consulting","creadis.com"
"0012A00001vZxwj","Jellyfish","jellyfish.com"
"001F000000v6tPf","Busuu","busuu.com"
"001F0000017GNAu","Instacart","instacart.com"
"0013j00002mc9ZT","City of Anderson SC","cityofandersonsc.com"
"001F0000017GMTI","PSS","pssworldmedical.com"
"001VK0000055GPm","Bank of Texas","bankoftexas.com"
"0013j00002yc2AI","Max Matthiessen","maxm.se"
"001F000001jMe4R","Porsche AG","porsche.com"
"001VK000003st82","Illinois Medicaid","benefits.gov"
"0012A00002aH9FQ","BT","bt.com"
"0012A00002ZqWYn","Danfoss Commercial Compressors","danfoss.com"
"0012A00002T6Hbs","END.","endclothing.com"
"0012A00002RhaQm","Prosegur","prosegur.com"
"001VK00000fVGor","Lancaster Bible College","lbc.edu"
"001VK00000Aiejz","Warner Bros. Entertainment","warnerbros.com"
"0013j00003JrGEE","SWARCO","swarco.com"
"001VK000003oees","Circuit","getcircuit.com"
"0013j00002cT1nM","Jobylon","jobylon.com"
"0013j000034s9fs","StoneX Group Inc.","stonex.com"
"0013j00002ybNTX","Yubo","yubo.live"
"0013j00002yZMXW","Healy World","healy.shop"
"0012A00002LVJQu","Isavia","isavia.is"
"001VK00000GXFVJ","Tomofun","tomofun.com"
"001VK0000014iUy","PLP","plp.com"
"001F000000i43ei","Mutual of Omaha","mutualofomaha.com"
"0012A00002IirUt","NA-KD.com","na-kd.com"
"0012A000021IYZ5","Dohop","dohop.com"
"001F000001GJg7G","Grand Rounds","grandroundshealth.com"
"0013j00003ANOkv","City of Peachtree Corners","peachtreecornersga.gov"
"0013j000037iL7L","Volvo Construction Equipment","volvoce.com"
"001F0000015xQSI","QQ","qq.com"
"001VK000004gzYK","Wendt & S¯rensen A/S","w-s.dk"
"0012A00002Zeb08","DHL Group","dpdhl.com"
"001F000001o0uyy","American Express Global Business Travel","amexglobalbusinesstravel.com"
"0012A000021JYFS","Canada Post","canadapost.ca"
"0012A00002Bmha9","JetBrains","jetbrains.com"
"001VK00000bgdMg","Collin College","collin.edu"
"0012A00002Z0a0R","Playrix Games","playrix.com"
"001F000000gUjN3","Bazaarvoice","bazaarvoice.com"
"0013j000034tEOZ","Taylor Morrison","taylormorrison.com"
"001VK000004cy0w","Bold.org","bold.org"
"0013j000034t2LA","NewRetirement","newretirement.com"
"0013j00002ybYLz","Our Place","fromourplace.com"
"0013j00002cUSKp","Camurus","camurus.com"
"0012A00002Bn67g","Scandi Standard","scandistandard.com"
"0013j00002yc2jP","V?linge Innovation AB","valinge.se"
"0013j00002ycDAB","Welltec","welltec.com"
"0013j00002md7fw","Getir","getir.com"
"0012A000021KELO","OPSWAT","opswat.com"
"0012A00001vZXIG","BYREDO","byredo.com"
"0013j00003AP4co","BOXRAW","boxraw.com"
"0013j00002bCbNl","RSM US LLP","rsmus.com"
"0013j000034uK7o","Credit Agricole CIB Limited","ca-cib.com"
"0013j00003ALNFg","Appwrite","appwrite.io"
"001VK00000Un8G9","Krones AG","krones.com"
"0013j00002bCbLs","Optum","optum.com"
"001F0000010dTVR","ELECTROLUX LAUNDRY SYSTEMS","electrolux.com"
"001F0000010dT40","Houzz","houzz.com"
"001VK000007lhg9","Aleido","aleido.com"
"001A000000YwqZc","Choice Hotels International","choicehotels.com"
"0013j00003GVCBa","Sephora (LVMH)","inside-sephora.com"
"0012A00002BnIeA","Epicor","epicor.com"
"001F000000vYZVW","Morningstar","morningstar.com"
"001VK00000UOT1B","Colliers","colliers.com"
"001A000000aFUlJ","Aspen Technology","aspentech.com"
"001VK00000EkQ5u","TELUS Digital","telusdigital.com"
"0012A00002argm7","JM Family Enterprises, Inc.","jmfamily.com"
"0013j00003ANOmk","Town of Normal, IL","normal.org"
"001VK00000eZuoK","ICB","icb.bg"
"0012A00002ZGaLg","Digital Impulse","digitalimpulse.com"
"0013j00003GVLCr","BASE life science","baselifescience.com"
"001VK0000040vVs","Matkahuolto","matkahuolto.fi"
"0013j00002yc6gx","Omya","omya.com"
"0012A00002848lH","flixbus","flixbus.com"
"0013j000031wIky","Copy.ai","copy.ai"
"001VK00000Tklb9","Fiskars Group","fiskarsgroup.com"
"001VK000005jr7N","Lemvig Kommune","lemvig.dk"
"001F000001jMG6s","PING","ping.com"
"001F000001N2AQ6","BitGo","bitgo.com"
"001F000001CsKjn","National Car Rental","nationalcar.com"
"0012A00002Z1a5J","TCGplayer","tcgplayer.com"
"0012A000021LSt4","Inspire","inspirecleanenergy.com"
"001F000001pIjMk","S&P Global","spglobal.com"
"001VK00000CGvzV","Disco Corp.","disco.co"
"0013j00002ycDpF","VKR Holding A/S","vkr-holding.com"
"0013j00002yZ3PM","Rossum","rossum.ai"
"001VK00000hbzzx","Arizona College of Nursing","arizonacollege.edu"
"0012A000021K3hF","Ankama","ankama.com"
"0013j000031uYJ2","Inetum","inetum.com"
"0013j00002mduMs","UnitedHealth Group","unitedhealthgroup.com"
"001VK00000AfeRz","Cavotec","cavotec.com"
"0013j00003AO9ZC","Falcony","falcony.io"
"0012A000021Hvkn","AstraZeneca","astrazeneca.com"
"001VK00000f6u6N","Neura Health","neurahealth.co"
"0013j000034tYyO","CAF Management","cafmanagement.com"
"0013j00002yawpn","Leboncoin.fr","leboncoin.fr"
"0013j000037iLTP","University of Basel","unibas.ch"
"0012A0000283ng2","Trustly","trustly.net"
"0012A00002Z1rN6","PathAI","pathai.com"
"0012A00002ZpLKm","Mercyhealth","mercyhealthsystem.org"
"0013j00003ALmKS","Cordovan Group AB","cordovan.se"
"0012A00002Tzsar","Ch?teauform'","chateauform.com"
"001F000001c1a8k","Netigate","netigate.net"
"0013j00002yaWT9","IMPACT Commerce","impact.dk"
"0013j00003GVXet","Tile","tile.com"
"0012A00002Nq2QA","Cedar","cedar.com"
"0013j00002mcee6","San Marcos, Texas","sanmarcostx.gov"
"0013j00002bBh5v","Amuse","amuse.io"
"0013j00002yaVvN","Hasura","hasura.io"
"0013j00003JojZs","Craft Sportswear","craftsportswear.com"
"001F0000010dSlg","Cologix","cologix.com"
"0013j00002yZMkO","Orange County Sheriff's Department","ocsd.org"
"001VK00000CDwTv","AVPN","avpn.asia"
"0013j00002md3ht","Vise","vise.com"
"001F0000010dTkJ","Reinsurance Group of America","rgare.com"
"0012A00002RM2pX","Encircle","encircleapp.com"
"0013j00002mbkV9","Kombit","kombit.dk"
"0013j00003GVANv","twoday Finland","twoday.fi"
"001F000001rpuWS","EzCater","ezcater.com"
"0013j00002mbteM","New York State Department of Health","health.ny.gov"
"001F000001pKHv9","Zapper","zapper.fi"
"0013j000031ueHF","ElasticRun","elastic.run"
"0013j00003Jr2Gc","Las Vegas Valley Water District","lvvwd.com"
"001F000000hVlzJ","GoPro","gopro.com"
"001VK00000NMzFh","danskebank.dk","danskebank.dk"
"001F000000l1I9X","Tesco","tesco.com"
"001F000000fvVFL","Twilio","twilio.com"
"0012A00002Bndm5","Equiti","equiti.com"
"0012A00002AgnCj","NETSOL Technologies Inc.","netsoltech.com"
"0012A00002Bmn6W","Zonar Systems","zonarsystems.com"
"0012A00002Evq9Q","Ambu","ambu.com"
"001VK00000gu8Yz","CenterWell","centerwell.com"
"0013j00003GVWTC","Skydio","skydio.com"
"001VK00000UJ3vU","JTI","jti.com"
"0012A00002XRtXV","Costco Wholesale","costco.com"
"001VK000003st8v","Attorney General North Dakota","attorneygeneral.nd.gov"
"0013j00002mdrOw","Hevo Data","hevodata.com"
"001VK0000081FEv","IN2","in2-comms.com"
"001VK00000DUS2c","PMotiontech","pmotiontech.com"
"001F000000txpNU","Selfridges","selfridges.com"
"001F0000010dSyS","Collabera","collabera.com"
"0012A000021Kh9s","OpusCapita","opuscapita.com"
"001F0000017GMLV","RH INTERIOR DESIGN","restorationhardware.com"
"001F000000vY4xR","Phillips 66","phillips66.com"
"001VK00000RaWkz","Musicnotes","musicnotes.com"
"001VK000001RXMY","Position Green","positiongreen.com"
"001F0000017GMHN","Fortinet","fortinet.com"
"0013j00002cTZCP","Ethos","ethoslife.com"
"001F000000vtswE","Hyatt Hotels International","hyatt.com"
"001VK00000gOhvA","Victoria University of Wellington","wgtn.ac.nz"
"001F000001mcfBX","PAX","paxvapor.com"
"0013j00002bAHcb","Happy Money","happymoney.com"
"0013j00002bAMgI","MadeiraMadeira","madeiramadeira.com.br"
"001VK00000fYosT","Volvo Merchandise","volvobrandshop.com"
"001F000001jMqU2","Extreme Networks","extremenetworks.com"
"0012A00002IhNKw","Paycom","paycom.com"
"0013j000037iIIn","Dream11","dream11.com"
"0013j00003AMEVg","Nibiru Software AB","nibiru.se"
"0013j00002cTtRk","Hemfrid AB","hemfrid.se"
"0012A000021J4EC","marcus evans Group","marcusevans.com"
"001F0000017GM7h","USANA Health Sciences","usana.com"
"0012A00002Y4J7w","Walgreens","walgreens.com"
"001VK000006ZuU6","Reach Dane","reachdane.org"
"0013j00002cTYzx","NREP","nrep.com"
"0013j00002ybGkd","Pinecone.io","hypercube.ai"
"001F0000010dTkF","Revlon","revlon.com"
"0012A00002KtC1a","Messagepoint Inc.","messagepoint.com"
"0012A00001vZXMv","Hilton","hilton.com"
"0013j000031uyu6","Tripledot Studios","tripledotstudios.com"
"0012A00002HBvz6","Implenia","implenia.com"
"0013j00002yb2QA","Exocad","exocad.com"
"0013j00003AOCuZ","Airpaz","airpaz.com"
"0013j00002cRVsW","Kinesso","kinesso.com"
"0013j000031v1HE","Emson","emsoninc.com"
"001F000001gLoJm","Dream Broker","dreambroker.com"
"0012A00002armVC","Limited Brands","limitedbrands.com"
"0013j00002yatqh","Hugging Face","huggingface.co"
"001VK0000021H8w","Insight Investment","insightinvestment.com"
"0013j00002mc96q","City of Lowell","lowellma.gov"
"0013j00003ALmN9","Rethink Compliance, LLC","rethinkcomplianceco.com"
"0012A00002BndiQ","Beneq","beneq.com"
"001VK000007c4Uo","Los Angeles Distribution and Broadcasting","ladb.com"
"001VK00000Cd3n7","Quest Diagnostics","questdiagnostics.com"
"001F0000010dTON","Ashley Furniture","ashleyfurniture.com"
"0012A000021IhrV","Thermon","thermon.com"
"0013j00002yacJl","Global Switch","globalswitch.com"
"0013j00003ALmP0","Beyond Air, Inc.","beyondair.net"
"0013j00002bCdYP","Majorel","majorel.com"
"001VK000004zgre","Peab","peab.se"
"0013j000037iOqi","ZIP","zipnet.co.il"
"0013j000031vf1W","Masterworks.io","masterworks.com"
"0013j00002mduGQ","BNY Mellon Wealth Management","bnymellonwealth.com"
"0013j00002ya1lq","Delta Dental Ins.","deltadentalins.com"
"001F0000017GMUr","Photronics","photronics.com"
"001VK00000dRJjG","peiffer","peiffer.org"
"0013j00003GV9hu","Roboflow","roboflow.com"
"0013j00002yacC1","DDB","ddb.com"
"001F000001qEfRs","Traackr","traackr.com"
"0013j000037iPHB","Oriola","oriola.com"
"0012A00002Bmh85","Satair","satair.com"
"001F000001tff6r","Eataly","eataly.com"
"001VK000002pHEX","P?ppelmann GmbH & Co. KG","poeppelmann.com"
"001F0000013uwbs","WeWork","wework.com"
"001VK00000gu3ZJ","National Alliance on Ending Health Disparities","naehd.org"
"0013j00003ALmKQ","Cisco-CTG-Localization-GLT-PL","lux.ctg.com"
"001F0000017GM62","West Marine","westmarine.com"
"001F0000010dTdJ","Lincoln Electric","lincolnelectric.com"
"0013j00002mc9AX","MedStar St. Mary's","medstarstmarys.org"
"0013j00002mcbdt","Bokio","bokio.se"
"001A000000aGBZ9","JetBlue","jetblue.com"
"0012A00002LVL2O","Roularta Media Group","roularta.be"
"0012A00002EHee8","VIPKid","vipkid.com"
"0012A00002Z1aXs","Freepik","freepik.com"
"001VK000007fits","Sparbanken AlingsÂs","sparbankenalingsas.se"
"0013j00003GYUDo","Popken Fashion Group","popken.de"
"0013j00002yatte","SignalWire","signalwire.com"
"001F000000hWbTy","GNC","gnc.com"
"001F000000tY4nz","Proofpoint","proofpoint.com"
"0012A00002ZpJER","ahs","ahs.ca"
"0012A00002TV7s7","Sharaf DG","sharafdg.com"
"001F0000010dTZh","Henry Ford Health System","henryford.com"
"0013j00002md7e6","Papa John's","papajohns.com"
"0013j00002yaUT5","Teleste","teleste.com"
"0013j00003AOr2a","Foerster Group","foerstergroup.com"
"0013j00002yad2V","Apollo.io","apollo.io"
"0013j00002bA8Xu","Nuuday","nuuday.dk"
"0013j00002mcAKY","Lunar","lunar.app"
"0012A00002XoeXl","Frese","frese.eu"
"0013j00003AMRGC","San Gabriel Valley Mosquito and Vector Control District","sgvmosquito.org"
"001F0000010dTmE","Innovision Eye Care","shopko.com"
"001VK000002kGiA","Chaos Software Management GmbH","chaos.com"
"0013j00003ALmRJ","Visteon","visteon.com"
"0012A000021K3qr","Liebherr Group","liebherr.com"
"0012A000021HYOW","Cross River","crossriverbank.com"
"001VK00000MTy2X","Edmund Optics Europe","edmundoptics.co.uk"
"0012A00002844aw","Adentro","adentro.com"
"0013j00002yZMtA","Pasco Sheriff's Office","pascosheriff.com"
"0012A00002IjNxy","TravelPerk","travelperk.com"
"0013j00002cTdau","Elysium Capital","elysiumcapital.io"
"001F000000i48Vu","Okta","okta.com"
"0013j00002bAKxG","Tock","tockhq.com"
"0013j000031wFV7","Torq","torq.io"
"001F000001IhNZP","UpLift","uplift.com"
"001F000000hWboS","Pitney Bowes","pitneybowes.com"
"001F000000p7K1L","Energizer","energizer.com"
"0013j00003GVEl6","eProductivity Software","epssw.com"
"0013j00002cUJwe","Die Mobiliar","mobiliar.ch"
"0013j00003GVDt7","Prompt Digital","promptdigital.io"
"0013j00003ALmOk","ANNIK","liquid-hub.com"
"0013j000034tc64","Omnipresent","omnipresent.com"
"0012A000021K3xG","TVH","tvh.com"
"0013j00002ycBKs","Heyday","heyday.co"
"001F000001N2AUz","Affirm","affirm.com"
"0013j00002yYyLE","Manhattan District Attorney's Office","manhattanda.org"
"0013j000034s28M","Djerfavenue","djerfavenue.com"
"0012A00002Y50Ha","GO1","go1.com"
"001VK00000gu2tQ","Journal of Patient Experience","journalpatientexperience.org"
"0012A00002TVke8","FXCM","fxcm.com"
"001VK00000fI8u1","NJHESAA","hesaa.org"
"001F000000lYSkf","Vital Voices","vitalvoices.org"
"001VK00000M3ftB","kites (Karlsruhe Information Technology Solutions ? kites GmbH)","zoom.com"
"0012A00002ZpK7V","Vancouver Coastal Health","vch.ca"
"0013j00003GVNTk","Western Digital","westerndigital.com"
"001F000000o0KJ7","Commvault","commvault.com"
"001F000001qOx0p","Mulberry","mulberry.com"
"0012A00002JZcAQ","Attentive","attentivemobile.com"
"0012A00002V8Sh1","Shippeo","shippeo.com"
"001F000001NvEKR","Wise","wise.com"
"0013j00002bC0j6","Vista","vista.co"
"001F000001XcUrZ","Janus Henderson Investors","janus.com"
"001F0000010dTQf","Brinks","brinksinc.com"
"0013j00002cTnlx","Sonic Healthcare","sonichealthcareusa.com"
"0012A00002XRLFa","Gelato","gelato.com"
"0013j00002ybZUf","Abacus.ai","abacus.ai"
"0012A000021J4Aj","HomeExchange.com","homeexchange.com"
"0012A00002T74f6","Battery Ventures","battery.com"
"0013j000034sK3W","MDRT","mdrt.org"
"0012A00002Z1byl","AAOS","aaos.org"
"0013j00003GVRm5","Aerie by AEO, Inc.","ae.com"
"001VK00000fiPKt","QCX LLC","polymarket.com"
"001F000001jOTCl","Protiviti","protiviti.com"
"0013j000031vbmW","Workrise","workrise.com"
"001VK00000AfYpa","Zero Tier","zerotier.com"
"0013j00002ybnVk","O2 (TelefÛnica UK)","o2.co.uk"
"0012A00002JYbtY","Angel Investment Network Ltd","angelinvestmentnetwork.co.uk"
"001VK00000bgsHW","Canal Extremadura","canalextremadura.es"
"0012A00002SCHG9","Lely","lely.com"
"001F000000yHXlu","Qlik","qlik.com"
"0013j00003ANOky","Seminole County Tax Collector","seminolecounty.tax"
"001F0000010dTmU","Six Flags","sixflags.com"
"0013j00002cSqti","Moonfare","moonfare.com"
"0013j00003ANOpK","PENNSYLVANIA HOUSE REPUBLICAN CAUCUS","pahousegop.com"
"001F0000010dTgH","NGL Energy Partners","nglenergypartners.com"
"001F000001qOwu3","Enghouse Interactive","enghouseinteractive.com"
"0013j00002ycNRj","Future Family","futurefamily.com"
"0012A000021IOk7","Victorious","victorious.com"
"0013j00002bCbDA","Audi of America","audiusa.com"
"0013j00002bB5B2","Eagle Eye Networks","een.com"
"0013j00002mc8ho","State of Rhode Island","ri.gov"
"001VK000003jrBl","New Jersey Office of Attorney General","njoag.gov"
"001F0000010dTGd","Sutherland","sutherlandglobal.com"
"001F0000010dSms","HeartFlow, Inc","heartflow.com"
"0012A00002aGmvj","Western Union","westernunion.com"
"001A000000YzgG2","Morgan Stanley","morganstanley.com"
"0013j00003ANOmx","Illinois State Senate Democratic Caucus","illinoissenatedemocrats.com"
"0013j00002bA5r9","EstÈe Lauder Companies","esteelauder.com"
"001F000000kftuc","Centers for Disease Control and Prevention","cdc.gov"
"0013j00003AMBeJ","On Side Restoration Services Ltd.","onside.ca"
"0013j000034t6Ta","Builder io","builder.io"
"001F0000010dTaQ","Huntsman Corporation","huntsman.com"
"0012A00002YKaVV","Amperity","amperity.com"
"0012A00002LyCIu","Humu","humu.com"
"0012A00002aI2v2","Saber Interactive","saber.games"
"001A000000Imymd","Vimeo","vimeo.com"
"001VK00000dLrDr","Novonesis","novonesis.com"
"0013j00002mc8mM","City of Indianapolis","indy.gov"
"0013j00002ycNNQ","SymphonyAI","symphonyai.com"
"001F000000n8QT1","CooperVision","coopervision.com"
"001VK000005uqaX","Springboard Collaborative","springboardcollaborative.org"
"0013j00002yYuFr","RapidImages","rapidimages.com"
"001VK00000E99aK","Eurowings","eurowings.com"
"0013j00002mbuCP","Tarmac Building Products Ltd.","tarmac.com"
"0012A00001rKAyE","Tarte Cosmetics","tartecosmetics.com"
"0012A00002TztX3","Management Events","managementevents.com"
"0012A00002ZpJn0","Emory Healthcare","emoryhealthcare.org"
"0013j00003GYXtx","Scentsy, Inc. (Corporate Office)","scentsy.com"
"001F0000017GMeM","Latham & Watkins","lw.com"
"0013j00002mcXRr","PayFit France","payfit.com"
"0012A00002BnGV7","Jackson Hewitt Tax Service","jacksonhewitt.com"
"001F000001qOwmG","County Of San Diego","sandiegocounty.gov"
"001F000001FCrRk","HoneyBook","honeybook.com"
"0013j00003GV8ib","A-lehdet Oy","a-lehdet.fi"
"001F000000vw9ne","Keller Williams Realty, Inc.","kw.com"
"0012A00002Tzqtj","Alpla","alpla.com"
"0012A000021KELN","Openwave","openwave.com"
"0013j00002cTSJ6","Owkin","owkin.com"
"0012A000021JhGn","Happy Socks","happysocks.com"
"0012A00002ZpJRB","Blue Cross Blue Shield of Massachusetts","bluecrossma.com"
"001F0000010dTc5","Kemper","kemper.com"
"001F000001H0DMq","Tourboks","tourboks.com"
"0013j00002bA0mK","Novo Nordisk","novonordisk-us.com"
"001VK00000VKgAv","SalonCentric","saloncentric.com"
"001VK00000aGyOb","ORLEN Unipetrol a.s.","orlenunipetrol.cz"
"001F000001o0uhQ","Brainly","brainly.com"
"0013j000034s6AV","Open","o-p-e-n.com"
"0012A0000286KRI","OBI Group Holding","obi.de"
"0012A00002Z1aNH","EquipmentShare","equipmentshare.com"
"0012A00002Bn0b7","Devoteam","devoteam.com"
"0012A00002BmZie","Zapier","zapier.com"
"0013j00002yb7X4","Nuvemshop","nuvemshop.com.br"
"0013j00002yax9R","Ochin Inc.","ochin.org"
"0013j000031vdAG","Sunbit","sunbit.com"
"001F000001c0hOE","Visma","visma.com"
"001F000001W9fwE","Restaurant Brands International","rbi.com"
"0013j00003ALmS6","youknow GmbH","you-know.de"
"0012A00002ZpJHV","Mohawk College","mohawkcollege.ca"
"0013j00003ANknx","City of Sumner, Washington","sumnerwa.gov"
"0013j00003JpHDp","Nilson Group","dinsko.se"
"0013j000037iMYw","INNIO Group","innio.com"
"0013j000037iPIp","Intrafusion by McKesson","intrafusion.com"
"001F000000gUOLk","HBO","hbo.com"
"001F0000010dTNz","American National Insurance Company Inc","americannational.com"
"001VK0000033tme","University Hospital Basel","unispital-basel.ch"
"001VK000004LPOH","JMWGolin","jmwgolin.se"
"0013j00002bBnLO","Bloomberg Industry Group","bloombergindustry.com"
"001F000001Oas2B","SiteMinder","siteminder.com"
"001F000001EQoL3","Boston Consulting Group","bcg.com"
"0013j00002bAKvT","OptumInsight","optuminsight.com"
"001F000001rpjht","Umbra","umbra.com"
"001F0000010dTYp","Grifols","grifols.com"
"001F0000017GMhi","Israel Discount Bank of New York","idbny.com"
"0013j00002bAKqC","Freudenberg Sealing Technologies","fst.com"
"001F0000010dSjk","CNO Financial Group","cnoinc.com"
"0013j00003GV9Hu","xFarm","xfarm.ag"
"0013j00003ALZ3s","The Knot Worldwide","theknotww.com"
"001VK00000VFvkK","Bed Bath and Beyond","bedbathandbeyond.com"
"0012A00002V8yly","NBCUniversal Media","nbc.com"
"001VK000007lbJM","ferm LIVING","fermliving.com"
"001VK000004gz78","Ungapped","ungapped.se"
"0013j000037iLdK","Food Services of America","fsafood.com"
"001F0000017GM6E","Independence Blue Cross Pennsylvania","ibx.com"
"0013j00002yaGHm","Playco","play.co"
"0013j00002meOJn","Abridge","abridge.com"
"001VK00000fnB4L","Precision Warehouse Design","precisionwarehousedesign.com"
"0013j000031u6dR","OneMagnify","onemagnify.com"
"001F000001o35vc","AXS","axs.com"
"0013j00002ycDn4","SSI Diagnostica","ssidiagnostica.com"
"001VK00000cbXLj","Teldio","teldio.com"
"001F0000010dTIp","Valeritas","zealandpharma.com"
"0012A00002UInr0","Vagaro","vagaro.com"
"001VK00000AhnUL","PPD","ppd.com"
"0013j00002mbujb","Deepgram","deepgram.com"
"001F0000010dTb0","Interactive Brokers","interactivebrokers.com"
"0013j00002ybuf9","Sorare","sorare.com"
"001F000000uDlgj","C2FO","c2fo.com"
"0012A00002Bne3p","Blue Ocean Robotics","blue-ocean-robotics.com"
"001F0000010dTMJ","ADM","adm.com"
"001F000000f32HF","Conde Nast","condenast.com"
"001F000000lYSfN","Tupperware","tupperwarebrands.com"
"0013j000034tEbw","Hugo Boss","hugoboss.com"
"0012A00002Evi2M","UNICEF","unicef.org"
"0012A00002aU48Q","Mettler-Toledo International","mt.com"
"001F000000kUdEQ","Reputation","reputation.com"
"0013j00003AOeLy","BIT","bit.com"
"001A000000ZSQ1j","Lands'? End","landsend.com"
"0013j00003AMhb3","Town of Arlington, MA","arlingtonma.gov"
"0012A00002T7Q2T","Figma","figma.com"
"0013j00002mc3H6","GoodHire","goodhire.com"
"001F000000luWA5","YOOX","yoox.com"
"001F0000017GME5","Kingston Technology","kingston.com"
"0012A00002Qru4u","David Lloyd Leisure","davidlloyd.co.uk"
"001VK00000JElyb","Wilderness Trail Bikes","wtb.com"
"0012A00002Bn69Q","SBB","sbb.ch"
"0012A0000285nCl","Bray International, Inc.","bray.com"
"0013j00002bCbJd","Komatsu Mining","mining.komatsu"
"001F000000magsC","MetroPCS","metropcs.com"
"001VK00000hlRVT","Berkeley SkyDeck","skydeck.berkeley.edu"
"001VK000004LMbm","Visma Finland","visma.fi"
"0012A00002EvWIV","Uniper","uniper.energy"
"001VK00000AehBl","Remote","remote.com"
"0013j00002bAGzM","ION Markets","iongroup.com"
"0012A000021IOjs","Sysdig","sysdig.com"
"0012A0000286I9D","Arizona State University","asu.edu"
"001F0000010dTqd","VCA Antech, Inc.","vcaantech.com"
"0013j00002yb2zG","Winningtemp Sverige","winningtemp.com"
"001F000000vudhs","TelefÛnica","telefonica.com"
"0012A00002Bn6EU","ARaymond Network","araymond.com"
"001F0000010dTsD","World Wide Technology","wwt.com"
"0013j00003ANOpN","South Fayette Township","southfayette.org"
"0013j000031w0l8","Nuri","bitwala.com"
"0013j00002yaG5O","B2M Solutions","b2msolutions.com"
"0013j00002bAKuN","Kenworth Truck Co.","kenworth.com"
"0012A00002JwUnn","Tails.com","tails.com"
"001VK000003js2G","State of Kansas","kansas.gov"
"0013j00003ALmRC","SaskTel","sasktel.com"
"001VK00000hCxy5","Gowan Company","gowanco.com"
"001F000001qOx2G","Paycor","paycor.com"
"0013j00002me268","Certik","certik.com"
"001F000000vXvys","Khan Academy, Inc.","khanacademy.org"
"001VK000007XGnL","Decathlon EspaÒa","decathlon.es"
"0012A00002ZpKAq","Human Interest","humaninterest.com"
"001F0000010dTYe","Graco","graco.com"
"001F0000010dTpH","Tribune Company","tribunemedia.com"
"0012A000021K3p6","Ipsen","ipsen.com"
"0013j000031wCHz","Esusu Financial","esusurent.com"
"0013j00002yaG8U","Michelin","michelin.com"
"001VK00000WU4Tc","Aberdeen","aberdeenplc.com"
"001F0000010dTnN","Stericycle","stericycle.com"
"0012A00001rIOza","Hobby Lobby","hobbylobby.com"
"001F000000lusSQ","Name.com","name.com"
"001VK000004h0So","OstomyCure","ostomycure.com"
"0012A00002Bn0cw","Nagarro","nagarro.com"
"001F000000jp4I7","Oakley","oakley.com"
"0013j00002yZMjG","Goodwill Industries International","goodwill.org"
"0013j000037iU06","Fellowmind","fellowmindcompany.com"
"001F0000010dTUZ","Diageo","diageo.com"
"001F000001gIiUv","Loews Hotels & Co","loewshotels.com"
"0013j000034rbf8","Desenio Group","deseniogroup.com"
"001F0000018iqJz","Acuity Brands Technology Services","luciddesigngroup.com"
"0012A00002Z1aM4","Eight","eightsleep.com"
"0012A00002Ew2ww","Koneksa Health","koneksahealth.com"
"001F0000010dTY1","Generac Power Systems","generac.com"
"0012A00002Z1cYc","Florida Revenue","floridarevenue.com"
"001A000000coa3q","WatchGuard Technologies","watchguard.com"
"0012A00002BmnFQ","Silex Microsystems","silexmicrosystems.com"
"0013j000037iMSy","Promasidor","promasidor.com"
"001F000001N2AjC","Ascendis Pharma","ascendispharma.com"
"001F000001pKHuw","Vesuvius","vesuvius.com"
"0013j000031uxy6","Tenstorrent Inc.","tenstorrent.com"
"0012A00002Z1b7Y","Hemnet","hemnet.se"
"0012A00002Bmn4Z","Transmit Security","transmitsecurity.com"
"001F0000010dTnu","Silicon Valley Bank","svb.com"
"0012A0000285pSR","Verisure","verisure.com"
"0013j00003ALmPd","Forum for International Trade Training (FITT) Inc","fittfortrade.com"
"0013j000031uVVT","NYLIFE Securities LLC","nylifesecurities.com"
"001F000000xPUT6","DigitalOcean","digitalocean.com"
"0013j00002yaCWL","Pattern","pattern.com"
"0013j00002ybz8i","Bentley Motors Ltd","bentleymedia.com"
"0013j00002yathN","AP&T AB","aptgroup.com"
"001F0000017GNF9","Matterport","matterport.com"
"001F000001Athm7","Namely","namely.com"
"001VK000007lepR","Marioff","marioff.com"
"0012A00002EujVf","Textron Aviation","txtav.com"
"0013j00002cTWLO","Roovio","rovio.com"
"0013j00002cT1qB","Uala","uala.it"
"001F000000vtyh6","Mead Johnson Nutrition","meadjohnson.com"
"001VK000007lhfk","Tunstall Sverige","tunstall.se"
"0013j00002cTBSR","NORMAL A/S","normal.dk"
"0012A00002RM4ca","Albert Heijn","ah.nl"
"0012A00002EuL73","Kustomer","kustomer.com"
"001F0000017GM1H","Continental","continental.com"
"0013j00003GVPjq","Centific","centific.com"
"0013j00002cRceF","Abnormal Security","abnormalsecurity.com"
"001F000000s0dVg","DreamWorks Animation","dreamworksanimation.com"
"0013j00002yaGcq","Impossible Foods","impossiblefoods.com"
"001F0000010crpB","Videojet Technologies","videojet.com"
"0012A00002ZcyQO","Takko Fashion","takko.com"
"001F000001ESavF","Oriflame Cosmetics","oriflame.com"
"0013j00003GVFOr","Scientific Games","scientificgames.com"
"001VK00000fZMFm","bookbuddymedia","bookbuddymedia.com"
"001F000001abqIL","Pull&bear (Inditex / Zara)","pullbear.com"
"0013j00002bA7wy","Martinrea International","martinrea.com"
"001F000001dsHE6","Lam Research","lamresearch.com"
"001VK00000haMfa","Kidney.com","kidney.com"
"001A000000aXkFF","QVC","qvc.com"
"001A000000YLHo0","DoubleVerify","doubleverify.com"
"001F000001N2AeG","Envoy Global","envoyglobal.com"
"001F0000017GLxq","Riverbed Technology","riverbed.com"
"0012A00002MmEeo","Chime","chime.com"
"0012A00002BoppZ","Moen Incorporated","moen.com"
"0013j00002cRdAa","Starburst","starburst.io"
"0012A00002BoZn3","2k","2k.com"
"0013j000031uVCG","Meritain Health","meritain.com"
"0012A00002apTeM","Bertelsmann SE & Co. KGaA","bertelsmann.com"
"001F000001teC30","Acciona","acciona.com"
"001VK000007lfGx","Rosendahl Design Group A/S","rosendahl.com"
"0013j00002bABrQ","Pat McGrath Cosmetics","patmcgrath.com"
"001F0000010dTfH","Molina Healthcare","molinahealthcare.com"
"0013j000037iKWN","VCA Canada","vcacanada.com"
"0013j000034rV6T","Innodata Inc","innodata.com"
"0013j00003ALmQk","PartnerEd.tech","partnered.tech"
"001F000000i8CAK","Jawbone","jawbone.com"
"0013j00002maf9t","AISERA","aisera.com"
"0013j00003GUzzY","Plint","plint.com"
"0013j00003AO5BK","BrandEd LLC","branded-edu.com"
"001F000001N2ATp","WalkMe?","walkme.com"
"001VK00000fZK99","PeoplePerHour","PeoplePerHour.com"
"0013j00002mc91i","UMC Health System","umchealthsystem.com"
"0012A00002TzskI","Viking Life-Saving Equipment","viking-life.com"
"001F0000017GMFH","HOCHTIEF AG","hochtief.com"
"0013j00002bAE07","McKesson Canada","mckesson.ca"
"0012A00002Tzsxo","Ypsomed","ypsomed.com"
"001VK000003SMdn","CoreWeave","coreweave.com"
"001A000000XeCE6","GoDaddy","godaddy.com"
"0012A00002TzrNW","NCC","ncc.group"
"001F0000017GLx2","Air Methods","airmethods.com"
"001VK00000Uguz3","Portwest","portwest.com"
"001VK00000gtwcg","AMC Health","amchealth.com"
"001F0000010dSmn","Gogo","gogoair.com"
"0013j00002mbtzF","Anthropologie","anthropologie.com"
"0013j00002cRaOS","Animoca Brands","animocabrands.com"
"0013j000034s1x4","Zip (US)","ziphq.com"
"0012A00002Z1btz","Quizizz","quizizz.com"
"0013j000034re6j","Agile Robots AG","agile-robots.com"
"0012A00002Bmn9z","MoMo (M_Service)","momo.careers"
"0013j00002yatth","Physna","physna.com"
"0013j00002ybxql","UPSA","upsa.com"
"0013j00002ycKMC","Sophion Bioscience A/S","sophion.com"
"0013j000037iMJx","FLEXA","flexaworld.com"
"001F0000010dTo7","Global Industrial Company (formerly Systemax)","systemax.com"
"0013j00002cTE9D","Wuxi Apptec Inc","wuxiapptec.com"
"001VK00000990TT","mementor DE GmbH","mementor.de"
"001VK00000KEEHK","Equiti Health","equitihealth.com"
"0013j00003AMRFy","New York State Department of Taxation and Finance","tax.ny.gov"
"0013j00003AOFuY","Ridely","ridely.com"
"0012A00002T71py","Paddle","paddle.com"
"0013j00002ycM9z","FDJ - La FranÁaise des Jeux (Kindred -- Customer)","groupefdj.com"
"0013j000037iK8m","Lehigh Regional Medical Center","hma.com"
"0013j00002ycAP0","Lloyds Bank","lloydsbank.com"
"0012A00002QuSpO","Genius Sports","geniussports.com"
"001VK00000R0VxA","Vyatta, a Brocade Company","brocade.com"
"001VK00000e8t3Y","Dyne Therapeutics","dyne-tx.com"
"001VK00000XFHjx","CEO.com","ceo.com"
"001F000001byet2","Remitly","remitly.com"
"0013j00003ALZVA","Clerk","clerkretail.com"
"001VK00000c9y5V","Exein","exein.io"
"0012A00002AghSR","Massachusetts General Hospital","massgeneral.org"
"0012A00002ZqVgD","Pix4D","pix4d.com"
"001F000000j7UUD","Aryaka Networks","aryaka.com"
"0012A00002OF26E","Meero","meero.com"
"001VK00000gu9tF","Westbridge Solutions, LLC","westgrouptraining.com"
"0013j00002cTVcd","One.com","one.com"
"001VK000002JfWF","Park Plaza Hotels & Resorts","daikin.eu"
"001F000000fcOQ6","Amgen","amgen.com"
"001F000001dsRHG","Aegean Airlines","aegeanair.com"
"0012A00002ZpJA0","Randolph Brooks Federal Credit Union","rbfcu.org"
"0013j00002md7JC","e.kundenservice Netz","eon.com"
"001F0000010dTie","Plexus","plexus.com"
"0013j000034uDO2","ted&gustaf","tedgustaf.com"
"001VK00000VQ65E","United Airlines","united.com"
"0012A00002ZpKta","Milliken & Company","milliken.com"
"0013j000034rR24","One","one.app"
"001A000000aFWWb","Workstream","workstream.us"
"0013j000034tVJB","Insify","insify.com"
"001F000000qqlt6","Sony Pictures Entertainment","sonypictures.com"
"001F000000orJH9","Kofax","kofax.com"
"0012A00002Znmcm","Storyblok","storyblok.com"
"0012A00001vaYfV","MindMaze","mindmaze.com"
"001VK00000AhXNy","Avolta","dufry.com"
"0012A00002Y5iCw","Scale AI","scale.com"
"0013j000034t4GF","VML","vml.com"
"0013j00003AMQkj","California Department of Real Estate","dre.ca.gov"
"001VK00000aWt9W","Peopleonehealth","peopleonehealth.com"
"0013j00002mdrUV","BlockApps","blockapps.net"
"001A000000YNS5s","WebMD","webmd.com"
"001F0000017GMIr","GE Aviation Systems","geaerospace.com"
"001F000000hWbj5","Colgate-Palmolive","colgatepalmolive.com"
"0012A00002XThVg","Landmark Group","landmarkgroup.com"
"0013j000031wDMx","Kastus Technologies","kastus.com"
"0012A00002WXz1j","Oregon State University","oregonstate.edu"
"0012A00002BneXA","GymPass","gympass.com"
"0013j00003ALmMQ","Mobis Parts Europe","mobisparts.eu"
"001F000001o4VBO","Vista Outdoor","vistaoutdoor.com"
"0012A00002Xmb9w","Eightfold","eightfold.ai"
"0012A00002BnVJB","Upwork","upwork.com"
"0012A00002Wyz6t","Carl Hansen & S¯n","carlhansen.com"
"0012A00002TYav9","Hutchinson","hutchinson.com"
"001F0000017GMOm","Fry's Electronics","frys.com"
"0013j00002mdAJL","Migros Bank","migrosbank.ch"
"001VK00000fP8xK","Candescent","candescent.com"
"001F0000010dTML","Advance Auto Parts","advanceautoparts.com"
"001VK00000Bek10","CLARK","clark.io"
"001VK00000VN1ny","Aon plc","aon.com"
"0013j00002cTWfd","Encova Insurance","encova.com"
"0013j00002mbh9a","Canatu","canatu.com"
"001F0000010dTY5","General Mills","generalmills.com"
"001VK00000C11g2","AWA","awa.com"
"0012A00002UIWHz","Collins Aerospace","collinsaerospace.com"
"0013j00003ALVEC","Basis Theory","basistheory.com"
"0013j00002cTtPo","Exclaimer","exclaimer.com"
"0012A00001rIW5k","DataArt","dataart.com"
"0013j00002yawuk","Entrust","entrust.com"
"0012A00002MlROR","ToughBuilt Europe","toughbuilt.com"
"001F0000017GM5q","Blue Cross Blue Shield of South Carolina","bcbssc.com"
"001VK00000c04Yo","Mysafety","mysafety.se"
"0012A00002Bmn2V","Evidation","evidation.com"
"001VK000001ZI4v","UST","ust.com"
"001A000000d6iEu","OpenTable, Inc.","opentable.com"
"0013j00003AP46F","Fortra","fortra.com"
"0013j00003GWGCg","ORO Labs","orolabs.ai"
"0012A00002NoY8L","Arch Global Services (Philippines) Inc.","archcapgroup.com"
"0013j00003AMKoN","Compono","compono.com"
"001F000000uDst5","Asurion","asurion.com"
"001F0000010dSy5","CLEAR","clearme.com"
"0013j00003JqqJh","Foodstuffs North Island Limited","foodstuffs.co.nz"
"0012A00002XmWZF","Motif","madewithmotif.com"
"001VK00000bHPkg","vLex","vlex.com"
"0012A000021J473","Delta Faucet Company","deltafaucet.com"
"0012A00002VtjLn","Avalanche Studios","avalanchestudios.com"
"0013j00002mbkjI","Ravenswood Solutions","sri.com"
"0013j00002mc8z6","City of Georgetown","georgetown.org"
"0012A00002867rl","Rubrik","rubrik.com"
"0013j00002ycNWm","Garner Health","getgarner.com"
"001A000000UQQL5","Constant Contact","constantcontact.com"
"001VK00000blbn1","Ambia Solar","ambiaservices.com"
"0013j000031w91c","Solo Stove","solostove.com"
"0012A000021Ihzg","Vera Wang","verawang.com"
"001F000000qETjp","Structured","structured.ai"
"0013j00003GVJvX","Kroger Technology","kroger.com"
"0013j00003ALmPb","ETIPRODUCTS","etiproducts.com"
"0013j000031wDpG","Thesis.co","thesis.co"
"0013j00002yaUb3","Dynamicweb","dynamicwebusa.com"
"0013j00003AO2hS","Levitas Bio","levitasbio.com"
"0013j00003GXqBu","Salzgitter AG","salzgitter-ag.com"
"001F0000010dSxi","Change Healthcare","changehealthcare.com"
"0013j00002mbkyz","Athletic Greens, Inc.","drinkag1.com"
"0012A00002JwzDu","IAG","iairgroup.com"
"0013j00002cRdFl","Talan","talan.com"
"001F000000jUK8P","RealPage, Inc.","realpage.com"
"001F0000010dT45","Horizon Therapeutics","hyperiontx.com"
"001F000001EThvV","Base","getbase.com"
"0012A00002BnQdu","Gymshark","gymshark.com"
"0012A00002HBnCS","TaskUs","taskus.com"
"001VK000005jrKO","Aller Ideas","allerideas.fi"
"0013j00002yaxr5","ProQR Therapeutics","proqr.com"
"001VK00000UsX7N","Louis Vuitton","louisvuitton.com"
"0013j00003ALSZC","Redwood Materials","redwoodmaterials.com"
"0013j00002yb9Y7","Olympus Corporation","olympus-global.com"
"0012A00002Z1ao5","Unite US","uniteus.com"
"001F0000017GLuJ","G4S","g4s.com"
"0012A000021JYJA","FOOTASYLUM","footasylum.com"
"001VK00000HKWzf","Mastercard: Digital Marketing Team","mastercard.us"
"0013j00003AMQko","California Mental Health Services Authority","calmhsa.org"
"0013j00002yc10v","Holman","holman.com"
"001F0000010dT1L","Envision Healthcare","envisionhealth.com"
"0013j00003JpLLZ","Insel Gruppe","inselgruppe.ch"
"001F000000vY5MT","Energy Transfer Equity","energytransfer.com"
"0013j000037iINW","Monte Carlo","montecarlo.com.br"
"0012A00002Ew1bh","MALENE BIRGER","bymalenebirger.com"
"001F0000010dTgA","Newmont Mining Corporation","newmont.com"
"0013j00002cTUUd","Alektum Group","alektumgroup.com"
"0013j00002ybXzB","Orbia","orbia.com"
"001VK00000jPHv1","eWorld Game","eworld.cn"
"0012A00002X0JCb","Glia","glia.com"
"001F0000010dTm7","Sharp HealthCare","sharp.com"
"001F000001N2AUq","nCino","ncino.com"
"0013j000031u8DU","IFF","iff.com"
"0012A00002BntNo","TDK","tdk.com"
"0012A00002TY4Yg","Kaiser","kpwashingtonresearch.org"
"0012A00002T9MM0","Volvo Penta","volvopenta.com"
"0013j00002ybyQm","Ejendals","ejendals.com"
"0012A00002IhNE1","Chetu, Inc.","chetu.com"
"001VK000003gdYu","Consumers Credit Union","consumerscu.org"
"0012A00002IhNQH","Logz.io","logz.io"
"001VK00000YBWif","Linum","linumdesign.com"
"001VK00000NLyaI","Cosentino","cosentino.com"
"001F0000010dTqQ","United States Steel Corp","uss.com"
"001F000001qElsh","Lalamove","lalamove.com"
"0013j00002bBwRt","Sentry","sentry.com"
"0013j00002mbu0n","Sompo International","sompo-intl.com"
"001VK00000fPLuY","Portable Technology Solutions","ptshome.com"
"0013j00002mc8yu","Los Angeles Homeless Services Authority","lahsa.org"
"0013j00002yaWUH","Lenus","lenus.io"
"001F000000qBj00","Bayer","bayer.com"
"001F0000011pH1H","N Brown Group","nbrown.co.uk"
"0013j00002mbsbb","Tilting Point","tiltingpoint.com"
"0012A00002BoZxA","Eton","etonshirts.com"
"001VK00000cwqLO","Spotlight | Analyst Relations","spotlightar.com"
"0012A00001rIaYJ","Copper","copper.com"
"0013j00002yZNIr","BioAtla","bioatla.com"
"0012A00001vaYgO","Readly","readly.com"
"001F000001qOwyi","Altium","altium.com"
"0013j000034t458","GXO Logistics, Inc.","gxo.com"
"001A000000Q7R0W","SquareSpace","squarespace.com"
"001F000000zA33b","Vertafore","vertafore.com"
"0013j00002cTskW","Ekata","ekata.com"
"001VK00000iiQDa","Isaac School District #5","isaacschools.org"
"0013j000034uJBg","PINKTUM","pinktum.com"
"0013j00002mc9vY","Vaya Health","vayahealth.com"
"0013j00002mcx7l","Stark","stark.dk"
"0013j00002yYu9o","IOM Ukraine","iom.int"
"0013j00002yc2nm","CarltonOne Engagement","carltonone.com"
"001VK00000EBTLB","SMS group","sms-group.com"
"0012A00001vaZ0a","OraSure Technologies","orasure.com"
"001VK000009OZKr","Abilia","abilia.com"
"001VK00000AVOjT","Accenture DACH","accenture.de"
"0013j00003AP4zk","Alloy Crew","alloycrew.com"
"001VK000006lxYE","Sterling Cooper","sterlingcooper.se"
"001VK00000960Ef","Freshdesk Customer Success","freshdesk.com"
"001VK00000M1jCx","Opella","opella.com"
"001F000001N2ASU","YouScience","youscience.com"
"0012A0000284SZA","Degreed","degreed.com"
"0013j00002bADO3","The Walt Disney Studios","disneystudios.com"
"001VK00000KLgaG","EZ Research Solutions","ezresearchsolutions.com"
"001F000000kS31h","XL Group","xlgroup.com"
"0012A000021Hsr7","OneSpan","onespan.com"
"0012A00002ZpVKM","Citizen","citizen.com"
"0013j00002mbcpq","Tokmanni","tokmanni.fi"
"0012A00002EHLfS","Socure","socure.com"
"001F0000017GMuQ","Zenefits","zenefits.com"
"0012A00002Evuvr","BUX","getbux.com"
"001F0000010dTeh","Masco Corporation","masco.com"
"001VK00000dHCmK","Microsoft AI","microsoft.ai"
"001F0000010dTMi","Apollo Global Management","apollo.com"
"0013j00003ANbRo","WithSecure","withsecure.com"
"0013j00002yawmv","OPEN","open.global"
"0013j00003GYYBn","Fora Travel","foratravel.com"
"0012A00002Z1cBp","TxDMV","txdmv.gov"
"0012A00002ZnET7","Gerresheimer Medical Systems","gerresheimer.com"
"001VK000004Gw2Z","NYCCFB","nyccfb.info"
"0012A00002aW3UD","Florida Blue","floridablue.com"
"0013j00003GVMNl","We Are MP","zing.me"
"001F000001FeK3B","Parkmobile (Arrive Group -- Customer)","parkmobile.com"
"001F0000010dTMw","Alcatel-Lucent Enterprise","al-enterprise.com"
"001F000001jMCRm","Red Ventures","redventures.com"
"001F000000vY5UT","Whole Foods Market","wholefoodsmarket.com"
"001F0000010dSuq","Avalara","avalara.com"
"0012A00001vZXID","Brioni (Kering)","brioni.com"
"001F0000010dTsU","Zurich North America","zurichna.com"
"001VK000002g0Oh","Midgard Publishing Ltd","midgardmarketing.com"
"0013j00002md1bL","Kratzer Automation","kratzer-automation.com"
"001VK000003st8b","Attorney General Oregon","doj.state.or.us"
"0013j00003AOIMT","Futurefit AI","futurefit.ai"
"001F0000010dTIt","Varonis","varonis.com"
"001F000001jMBop","Chick-fil-A","chick-fil-a.com"
"0012A0000286M0W","Chewy","chewy.com"
"0013j00002mc8lU","New York State Senate","nysenate.gov"
"0012A000021K3mF","Euler Hermes","allianz-trade.com"
"0013j00002mbgKh","IAT Insurance Group","iatinsurancegroup.com"
"0013j00002bAKwh","Securitas Technology","securitastechnology.com"
"001F000000tXxBV","YouGov","today.yougov.com"
"0012A00002OHCxI","TrackTik Software, Inc.","tracktik.com"
"0013j00002yacNm","Pleo","pleo.io"
"001F0000010dTr6","Vulcan Materials Company","vulcanmaterials.com"
"001VK00000NLqyP","Avalon Innovation","avaloninnovation.com"
"001VK00000eJnxI","Divina Pastora Seguros","divinaseguros.com"
"001A000000Zjjmw","ECI Software Solutions","ecisolutions.com"
"001VK00000UDPpx","Eclat Health Solutions","eclathealth.com"
"0013j00002ycKhi","GF Forsikring","gfforsikring.dk"
"0012A000021J4Jz","Spark Networks","spark.net"
"001F000001qF8sQ","Climate","climate.com"
"0012A000021IAjX","Allbirds","allbirds.com"
"0012A0000283z3C","Blueair","blueair.com"
"001F0000010dSrw","Accolade, Inc.","accolade.com"
"0013j000034t636","Showell","showell.com"
"001VK00000fPHmE","BeyondTrust","lanicu.com"
"0013j00002mcLn5","Revolution Precrafted","revolutionprecrafted.com"
"0013j00002bAIyi","Buhler Aeroglide","buhlergroup.com"
"001F000001Ujvja","Sling TV","sling.com"
"0012A00002KtC1K","Hexaware Technologies","hexaware.com"
"0012A00002X06Sc","HyperScience","hyperscience.com"
"0013j00002mcwyH","City of Detroit","detroitmi.gov"
"001F0000010dTMu","Albertsons","albertsons.com"
"001F000000ubyfE","Delivery Hero","deliveryhero.com"
"0012A00002Bn6MS","CMS","cms.law"
"0013j00002cRcqp","U.s. Agency for Global Media","usagm.gov"
"0012A00002XozsW","energy.gov","energy.gov"
"0012A00002Y3blC","Technical University of Munich","tum.de"
"001F0000017GN3o","Epirus","epirusinc.com"
"0013j00003ALmOC","thjnk Berlin GmbH","thjnk.de"
"001F0000010dTND","Almac Group","almacgroup.com"
"0012A00002TXhwY","FHI 360","fhi360.org"
"001F0000010dTO1","Ann Made Inc","anntaylor.com"
"001F000000grNmr","Crackle","crackle.com"
"001F000000uDVkC","Whisper","whisper.sh"
"0012A00002Z1c2l","Linktree","linktr.ee"
"001VK00000NuBLJ","HeyGen","heygen.com"
"0012A000021L9RB","Ivanti","ivanti.com"
"0012A0000283Dvv","Exabeam","exabeam.com"
"001VK00000VNP4O","Stora Enso","storaenso.com"
"0013j00002ybyhe","SIPRI","sipri.org"
"001VK00000TKN2z","LBank","lbank.com"
"001VK00000XT0mS","StraitsX","straitsx.com"
"001A000000bD4nf","TED Conferences","ted.com"
"0013j00002cRbLo","WSAudiology","wsa.com"
"001VK000008CTZX","Assurity","assurity.com"
"001VK00000PTsV3","Porch Group","hireahelper.com"
"001F0000010dTe3","Mars","mars.com"
"0013j00003ALWX3","Platform.sh","platform.sh"
"0013j00003AMQe5","ZB.com","zb.com"
"0013j00002yatq0","Anyscale","anyscale.com"
"0013j00003JqmQx","NorthShore University Health System","northshore.org"
"0013j00002bAIif","Westinghouse Electric Company","westinghousenuclear.com"
"001VK000004gzpt","Marshall Group","marshall.com"
"0013j00003ALNLL","Evident Scientific","evidentscientific.com"
"0012A00002armSw","Norwegian Cruise Line","ncl.com"
"0012A00002Z1bS4","Rumble","rumble.com"
"001F000001aawXV","Hollister Co.","hollisterco.com"
"0013j00002md7I3","Composites One","compositesone.com"
"001F0000017GMjy","Celebrity Cruises, Inc.","celebritycruises.com"
"001F000001teWNz","Zervant","zervant.com"
"0013j000034t4Fb","LRQA","lrqa.com"
"001VK00000VDKDa","Visier Inc.","visier.com"
"0012A000021Hssj","New Era","neweracap.com"
"0013j00002mbuFX","Federal Highway Administration","dot.gov"
"0012A0000286HWr","Reflektive","reflektive.com"
"001VK0000037ROW","LEX Automotive","classicvolvorestoration.se"
"0013j00002cT8XR","Baiwang Co.","baiwang.com"
"0012A00002ZajOa","ADB Safegate","adbsafegate.com"
"001VK00000A8wqf","Nelonen Media","nelonen.fi"
"0013j00002mcu6s","Beach Bum","bbumgames.com"
"001F0000017GMOz","Mayer Brown","mayerbrown.com"
"001F000000r1qaD","Farfetch","farfetch.com"
"0013j00002ya1eQ","Smart Pension","smartpension.co.uk"
"0013j000031uLkT","LEE COUNTY VISITOR & CONVENTION BUREAU","leegov.com"
"0013j00003ALmMR","Monsenso ApS","monsenso.com"
"001VK00000bxWUo","Epassi","epassi.com"
"0012A00002BmnFP","PeerNova","peernova.com"
"0012A000021IOkA","Carvana","carvana.com"
"0013j00002b9zHI","Korn Ferry","kornferry.com"
"0013j00003GVevh","Signode Industrial Group","signode.com"
"0013j00002cTTgy","Metsa Tissue","metsagroup.com"
"001F000000v42bi","Peninsula Hotels","peninsula.com"
"0012A00002ZpK7K","BJC HealthCare","bjc.org"
"001F000001qOwrA","Destination Bornholm","bornholm.info"
"0013j00002bAKw4","RevSpring","revspringinc.com"
"001VK00000VYhwk","Insight","insight.com"
"001F000001BR446","HappyOrNot","happy-or-not.com"
"0013j00003ALmKA","BRAINLIT","brainlit.se"
"001VK000004GyFk","MVP Health Care","mvphealthcare.com"
"0013j00002yaUTN","Boehringer Ingelheim","boehringer-ingelheim.com"
"0013j00002md1Xd","LucaNet","lucanet.com"
"001VK000002pH4E","CBRE Germany","cbre.de"
"0013j00002mdB7a","Cognism","cognism.com"
"001VK00000WGNZO","Annual Reviews","annualreviews.org"
"0013j000031uLdt","Chubb","chubb.com"
"001VK00000fDCaH","Arctera.io","arctera.com"
"0013j00002md4Wf","Underwriter Laboratories","massdevice.com"
"0012A000021J4FB","Monzo Bank","monzo.com"
"0013j00002mdu3v","Accenture","accenture.com"
"001F000000lXds1","CD Baby","cdbaby.com"
"001F0000017GM7w","Greatbatch","integer.net"
"0012A00002IhVae","Renfe","renfe.com"
"001VK00000UDUk8","Forvis Mazars, LLP","us.forvismazars.com"
"001VK0000060IpN","Coldwell Banker Realty","coldwellbankerhomes.com"
"0012A00002Zq13p","World Courier","worldcourier.com"
"0013j00002yc28D","Consilium Safety Group","consiliumsafety.com"
"001F000000scpKR","Adidas AG","adidas.com"
"0013j00002mcwrz","Air National Guard","goang.com"
"001VK000008KSlV","Oilon","oilon.com"
"0013j00002bA3lp","Nemetschek Group","nemetschek.com"
"0012A00002Ju3dJ","FCC / FAC","fcc-fac.ca"
"001F0000017GMhh","Thrivent","thrivent.com"
"001F000000yFqUu","Kendra Scott","kendrascott.com"
"0013j00002ybyQ1","Auctane","auctane.com"
"0012A000021Jh1s","GTT","gtt.net"
"001VK00000VG8gE","University of Washington","uw.edu"
"0012A00002Zb2jz","Savage X Fenty","savagex.com"
"0013j00003ALmPg","Gaming Factory SA","gamingfactory.pl"
"001F000001exd8Y","Dubai Corporation for Tourism and Commerce Marketing LLC","visitdubai.com"
"001VK00000VQ658","Aramark","aramark.com"
"001F0000010dTWB","Exelon","exeloncorp.com"
"0013j00002mc8lt","City of Plano","plano.gov"
"0013j00002bA8e2","Sobi","sobi.com"
"0012A00002ZpKyn","AriZona Beverages","drinkarizona.com"
"001VK000003st85","North Dakota Medicaid","hhs.nd.gov"
"0012A00001rJlXx","Mirakl","mirakl.com"
"0012A00002BnxgF","Altaterra","altaterra.eu"
"001VK000003st8u","Attorney General South Dakota","atg.sd.gov"
"0013j00002mduI7","Transat Tours Canada","airtransat.ca"
"0012A00002Bp1zF","The Entertainer","thetoyshop.com"
"0013j00003AMTXu","Ocado Group","ocadogroup.com"
"0012A00002aUwfj","Insight UK","insight.com"
"001VK00000T3DV2","Norican Group","noricangroup.com"
"0013j00002ycKp0","MAJORITY","majority.com"
"001VK00000V7Fjd","Dassault SystËmes","3ds.com"
"001F000001DUmqu","BNP Paribas Fortis","bnpparibasfortis.com"
"0012A00002HBMgb","Swiss Re","swissre.com"
"0012A00002Z1d5H","Shift Digital","shiftdigital.com"
"0013j00003AOFT2","Multicultural NSW","multicultural.nsw.gov.au"
"001VK00000f6O6W","ADVOC8","advoc8.com"
"0013j00003AMLcr","FORVIS","forvis.com"
"001F0000010dTij","PENN Entertainment, Inc","pngaming.com"
"001VK00000Urk57","Penske Automotive Group , Inc.","penskeautomotive.com"
"0013j00002yau2x","ErisX","erisx.com"
"001VK00000iHj2b","Ebby Halliday, Realtors","ebby.com"
"001VK0000055gNB","Pluralsight","plrsig.ht"
"0013j00003ANOnW","Emmet County, Michigan","emmetcounty.org"
"0012A00002ZpKOF","Presbyterian Healthcare Services","phs.org"
"001F0000010dTYD","Georgia Power Company","georgiapower.com"
"001VK00000ejYOH","Andersen Lab","andersenlab.com"
"001F0000017GMHE","Innophos Investments Holdings, Inc.","innophos.com"
"001F000000puTkq","Nestlé","nestle.com"
"0013j00002md7x2","Palsgaard A/S","palsgaard.com"
"0012A00002T74jA","Productboard","productboard.com"
"0013j00002ybPRX","Zooplus","zooplus.com"
"0012A00002TzrBN","Stadler","stadlerrail.com"
"0013j00002mcruP","Spring Health","springhealth.com"
"0013j00002mbd1L","GoStudent","gostudent.org"
"001VK00000BP1Na","Omnissa","omnissa.com"
"001VK00000VHeLm","HCA Healthcare","hcahealthcare.com"
"0013j000034uJEi","G-III Apparel Group","giii.com"
"001F000001o3J1e","DMG MORI","dmgmori.com"
"0013j000031vbS9","Cohere","cohere.com"
"0013j00003ALmKM","Central Jersey Legal Services","centraljerseylegalservices.org"
"0012A000021J4Bm","Interstate Batteries","interstatebatteries.com"
"0013j00002yaGXw","The RealReal","therealreal.com"
"0013j00003GVBR7","PokerStars","pokerstarscareers.com"
"0013j000034sPj9","HighLevel","gohighlevel.com"
"0012A000021K3yc","Saint Laurent (Kering)","ysl.com"
"001VK00000h58Nf","Spraylat Corporation","zumtobel.us"
"001VK00000fcL26","Birch Gold Group","birchgold.com"
"001F000001pKHvS","Zwift","zwift.com"
"0012A00002TztGD","RISE Research Institutes of Sweden","ri.se"
"0013j00002yc3Q4","AutoStore","autostoresystem.com"
"0012A00002LVMvC","CloudFactory","cloudfactory.com"
"001VK000002sSTO","NestlÈ Nespresso S.A.","nespresso.at"
"001VK000003D9oY","No company","nocompany.no"
"001F000001HXmQ6","MedUniverse","meduniverse.com"
"0013j00002ybY3p","Office of the NYS Comptroller Thomas P. DiNapoli","state.ny.us"
"0012A00002Tzt59","Patria","patriapilottraining.com"
"001F0000010dTkr","Roundy's Supermarkets Inc.","roundys.com"
"0013j00003GVQYh","Convera","convera.com"
"001VK00000HxMpG","Svensson","ludvigsvensson.com"
"0013j00002mbkgD","Lombard Odier Group","lombardodier.com"
"001VK000001X3D3","Mastercard OB Services Europe A/S","aiia.eu"
"0012A00002TzqrB","Poste Italiane","posteitaliane.it"
"001F000000mXnEf","Travian Games","traviangames.com"
"001VK00000bCkWU","Salary-hero","salary-hero.com"
"0013j00002mc97o","City of Folsom","folsom.ca.us"
"001VK00000CELld","SHIFT HR Compliance Training","shiftelt.com"
"001F0000010dTq1","Universal American Corp.","universalamerican.com"
"0013j00002yaV8o","Campbell's","campbellsoupcompany.com"
"0012A00002EvqOW","Hempel A/S","hempel.com"
"001F000000kftzH","Within3","within3.com"
"001A000000YNknv","Mozilla","mozilla.org"
"001VK0000060FhY","Mammoth Realty Group LLC","digitalrealty.com"
"0013j00002ycLGW","Tvilum","tvilum.com"
"001VK0000033gE0","Liberty Mutual Insurance","libertymutualgroup.com"
"001F0000010dTlR","Save Mart Supermarkets","savemart.com"
"001F0000010dTU2","Dana Incorporated","dana.com"
"001VK0000094BMI","IAG GBS","iaggbs.com"
"001VK00000348ZF","Gebr¸der Weiss","gw-world.com"
"0013j00003ANOmt","City of Aurora","aurora-il.org"
"001VK00000S0eBt","Turismo de Tenerife","webtenerife.com"
"001F000001H0ulM","Snowflake Computing","snowflake.com"
"0012A00002ZbVwH","Mycronic","mycronic.com"
"0013j000031uMnb","Wrapbook","wrapbook.com"
"0013j00002ybHXS","Octopus Energy","octopus.energy"
"0013j000031wAlQ","Unybrands","unybrands.com"
"0012A00002Z1bWs","State of Wisconsin","wisconsin.gov"
"001VK000003st8y","Attorney General Wyoming","attorneygeneral.wyo.gov"
"001VK000003ge0y","Attentive Mobile Inc.","attentive.com"
"0013j00002cUMsV","Amazon Web Services","aws.amazon.com"
"001F0000010dSlq","Ciena","ciena.com"
"001VK00000gtxor","MCS Puerto Rico","mcs.com.pr"
"001F000000lYSei","The Body Shop","thebodyshop.com"
"0013j00003ALO0i","Artech L.L.C.","artech.com"
"001F0000011oUar","Airtame","airtame.com"
"001F000001gMckX","BORN","borngroup.com"
"001VK00000A8oJh","Skolporten","skolporten.se"
"0012A00002argbi","Harvard Business Review","hbr.org"
"001F000000favdC","Bleacher Report","bleacherreport.com"
"0013j00003AOlPs","Haven Connect","havenconnect.com"
"001F0000017GMge","Kemira","kemira.com"
"001F0000010dTPm","Berry Global, Inc.","berryglobal.com"
"0012A00002YJTTr","Taxfix","taxfix.de"
"0012A00002arIaV","Sony Electronics","sonyjobs.com"
"001VK000003st7q","Kentucky Medicaid","chfs.ky.gov"
"001VK000008KH5p","FA Solutions","fasolutions.com"
"0013j00003GVLZG","TeamSystem","teamsystem.com"
"0012A00002UIBdO","Fetch Rewards","fetchrewards.com"
"0012A00002BmjvH","Brave Software","brave.com"
"001F000001teBuK","Deutsche Bank","db.com"
"001F0000010dTkC","Resmed","resmed.com"
"001F0000010dThn","Parker Hannifin","parker.com"
"001F000001BNz9h","Slack","slack.com"
"001VK00000ULuVu","BMW Group","bmwgroup.com"
"0012A00002MlwMn","Paxos","paxos.com"
"001VK00000JP6AX","Finnish Gaming Experts","finnishgamingexperts.com"
"0013j00002yc6li","Graton Resort & Casino","gratonresortcasino.com"
"001VK0000028d6S","GE Vernova","gevernova.com"
"001F0000011pGq4","Gensler","gensler.com"
"0013j00002yaL4B","Nexii","nexii.com"
"001VK00000Caxx9","DCIG","dcig.com"
"001F0000010dTRb","CBRE","cbre.com"
"001VK000003st7Z","South Dakota Medicaid","dss.sd.gov"
"0012A00002Bn0cl","Keyrus","keyrus.com"
"001F0000016QnXb","Wipro","wipro.com"
"001VK00000fxWzF","Environmental Express","envexp.com"
"001VK00000Io9U1","ManyCam","manycam.com"
"0012A00002Bmub1","Greenlight Card","greenlightcard.com"
"001F000001tff7D","gameforge","gameforge.com"
"001VK00000VNJzN","Sandvik","home.sandvik"
"001F000001N2ANk","Blockstream","blockstream.com"
"0013j000034t3Nn","Cimcorp North America","cimcorp.com"
"0013j00003AMD2b","Convena Distribution A(S","convena.com"
"001VK00000gL76O","Kivo","kivo.com"
"001VK00000bJ6UD","Outcomes®","outcomes.com"
"001F000000r3ZCn","Seagate Technology","seagate.com"
"0012A00002Bn6NY","Fastems","fastems.com"
"0012A00002Eu620","Lagardere Travel Retail","lagardere-tr.com"
"001F000000lZbxO","Royal Caribbean International","royalcaribbean.com"
"001VK000009iAo7","Senseair","senseair.com"
"001VK00000ISADN","Finax Intelligent Investing","finax.eu"
"0013j00002bCbGz","Fiskars Brands","fiskars.com"
"001VK00000VAEHa","Juniper Networks","juniper.net"
"001VK00000VBKD9","Amazon","amazon.com"
"001VK00000VDNHt","SAP Concur","concur.com"
"0012A00002U0usw","Fair Trade USA","fairtradecertified.org"
"0013j00002ybnVx","Ramboll Environ","ramboll.com"
"0012A00002IhNND","Swimlane","swimlane.com"
"0013j000034tFS1","Bored Ape Yacht Club","boredapeyachtclub.com"
"001F000000r3ax8","Hitachi Vantara","hitachivantara.com"
"001A000000Ywl9y","Ticketmaster","ticketmaster.com"
"0013j00003ANOpP","Toledo-Lucas County Port Authority","toledoport.org"
"001F0000010dTJn","Vox Media","voxmedia.com"
"0013j00002ybyKg","Dallas Mavericks","mavs.com"
"001F000001qOwrm","Cencosud","cencosud.com"
"0013j000037iIN0","Cyera","cyera.io"
"0012A00002aGmV7","Leica Geosystems part of Hexagon","leica-geosystems.com"
"0012A00002YLdmS","Waterworks","waterworks.com"
"0013j00002mc8pb","Monroe County","monroecounty.gov"
"0012A00002Tzqzb","Admirals","admiralmarkets.com"
"001F0000010dTNV","Amedisys","amedisys.com"
"0012A00002Smye9","Menarini Group","menarini.com"
"001VK00000VUUOc","Agile Sports Technologies, Inc.","hudl.com"
"0012A00002MjgWk","TradingView","tradingview.com"
"001VK00000VBb2Z","TJX Companies","tjx.com"
"0013j00002mbga6","Sigma Technology Group","sigmatechnology.com"
"0013j000034tXW5","Dynamic Perceptions Inc.","thekestrel.co"
"0012A00002XTsYJ","Day One Agency (US)","d1a.com"
"0012A000021J4Jr","SOTI","soti.net"
"0013j000034tAxm","Ordrestyring","ordrestyring.dk"
"0013j00002mbsqq","Wallbox Chargers","wallbox.com"
"0013j00002mcuUe","Clinical Ink","clinicalink.com"
"001F0000017GMGB","Masimo","masimo.com"
"001VK00000bnTBd","S Square Technologies","ssquare.tech"
"0013j00003GVWYH","Mayr-Melnhof Karton AG","mm.group"
"0013j00003ANkns","Port of Skagit","portofskagit.com"
"001F0000017FCVO","Wrike","wrike.com"
"001VK00000UHPNJ","Bonnier Group","bonnier.dk"
"001F000001o3J0v","IAA","iaai.com"
"0013j000034sLPV","1% for the Planet","onepercentfortheplanet.org"
"001F0000010dTNm","Amica Insurance","amica.com"
"0012A00002LvLn4","EY","ey.com"
"0012A000021J4Ht","Pyramis Companies, Inc.","cnbc.com"
"001VK00000heu2k","Turna.com","turna.com"
"0012A00002TW7eq","Hultafors Group","hultaforsgroup.com"
"0012A00002ZpIfn","OnPoint Community Credit Union","onpointcu.com"
"0013j00002ybmqr","Wiz","wiz.io"
"0013j00003GVIsm","SCS Global Services","scsglobalservices.com"
"001F000000or2yR","Micron Technology","micron.com"
"0013j00003GVASK","Penfolds Wines Pty Ltd","penfolds.com"
"0013j00003ANtiE","Jasper","jasper.ai"
"001F000000uDiSV","H.B. Fuller","hbfuller.com"
"0012A00002LVL2F","SkiStar AB","skistar.com"
"001F0000017GLzM","Maxion Wheels","maxionwheels.com"
"0013j00002bBpK5","reMarkable","remarkable.com"
"001F0000010dTpk","Supervalu Inc.","unfi.com"
"001VK000003aCAg","Person Centered Care Services (PCCS)","gcu.edu"
"001F000000vuxJG","Quest Diagnostics","solstas.com"
"0012A00002Z28Hu","Moveworks","moveworks.ai"
"0012A00002Ju9Oz","Robertshaw","robertshaw.com"
"001VK000007lZlb","VildMedVin","winefamly.com"
"001F0000017GMqk","DLA Piper","dlapiper.com"
"0012A00002WygnK","Epiroc","epiroc.com"
"001VK00000bhGh4","yok","lasagradahotel.com"
"001F000000uBan7","Chobani","chobani.com"
"0013j000031uV6I","Texas Farm Bureau Insurance Companies","txfb-ins.com"
"001F000000hWSh5","Pinterest","pinterest.com"
"001F000000ja8d5","Uptake","uptake.com"
"001F0000010dTkZ","Rockwell Collins","rockwellcollins.com"
"001F0000010cSSy","Philips","philips.com"
"001VK000003st8s","Attorney General Rhode Island","riag.ri.gov"
"001VK00000V7CXr","SKF Group","skf.com"
"0012A00002Agbft","Palladium Hotel Group","palladiumhotelgroup.com"
"0012A00002Bn0dS","Vector Informatik","vector.com"
"0012A00002Tzt0l","KICKS","kicks.se"
"0013j00003GVWlX","Blue Federal Credit Union","bluefcu.com"
"001F000000xO8CX","BigCommerce","bigcommerce.com"
"001VK00000czxwY","Moxso","moxso.com"
"0013j00002yYu7Y","Navy Recruiting Command","navy.mil"
"001F000000mEoX0","VTEX","vtex.com"
"001VK00000cUWg7","Tavus","tavus.io"
"0012A00002ZcgCc","Karat","karat.io"
"001F000001JD5Bc","Workhuman","workhuman.com"
"001F0000010dTM1","The Aaron's Company, Inc.","aarons.com"
"001F0000017GLzR","Henkel","henkel.com"
"001VK00000dqbeX","Westcon-Comstor","westconcomstor.com"
"0013j00003GVFmm","North Outdoor","northoutdoor.com"
"0013j00002ybxnD","H Mart","hmart.com"
"0013j00002yawuX","Dock","dock.tech"
"0012A00002Ije2q","Connell Caldic","caldic.com"
"0013j000037iQKG","Reliant","reliant.com"
"001VK00000gtu1Q","Neighborhood Health Plan of Rhode Island","nhpri.org"
"0013j00002mcwe9","Noa Noa","noanoa.com"
"001F000000rbgxv","InterContinental Hotels & Resorts","ihg.com"
"001VK00000NVrAs","Loudoun County Government","loudoun.gov"
"0012A00002ZH8W5","Abiomed","abiomed.com"
"001F000000zRvuH","Vaavud","vaavud.com"
"001VK00000eJ2v9","Big Data AB","bigdata.se"
"001F0000010dTFe","SolarWinds","solarwinds.com"
"001VK000007lexp","Lapland Hotels","laplandhotels.com"
"0012A00002J7xcL","Lovehoney","lovehoney.com"
"001F000001W9fqG","Alibaba Group","alibabagroup.com"
"0013j000031w7Ks","Ztar Mobile, Inc","ztarmobile.com"
"0012A00002Bnel7","Kinnarps Group","kinnarps.com"
"001F000001rq2up","Blinkist","blinkist.com"
"0013j00002ybfzV","Canal Plus","canalplus.com"
"001F0000017GMgq","CoStar UK","costar.com"
"001F0000017GM3b","Scor Reinsurance Company","scor.com"
"0013j00002cUSM6","BMS Group","bmsgroup.com"
"001VK00000hxI51","Chihuly Studio","chihuly.com"
"0013j000037iZFC","Hyper Hippo Entertainment","hyperhippo.com"
"001VK00000A2q6S","Mannheimer Swartling","mannheimerswartling.se"
"0013j00002bCbOp","Staar Surgical","staar.com"
"0012A00002TzsOu","WaterAid","wateraid.org"
"0013j00002ybxfR","Bizerba","bizerba.com"
"0013j00002mbekc","neptune.ai","neptune.ai"
"0012A00002ZpJWl","Gold's Gym","goldsgym.com"
"0013j00002cTUSS","Minsait","minsait.com"
"0013j000034sCJt","Bitbuy","bitbuy.ca"
"0012A00002XRyWJ","Unite","unite.eu"
"001F0000010dTDD","Rapid7","rapid7.com"
"0013j00003AMRG8","NY Office of General Services","ogs.ny.gov"
"0013j00003GVrzA","Boxon","boxon.se"
"0012A00002XpJrf","Covetrus","covetrus.com"
"0013j00002yb5tU","Thorn Lighting","thornlighting.com"
"001F000001teYLP","Adform","adform.com"
"001VK00000enNsV","Opici Wines and Spirits","opiciwinesandspirits.com"
"001VK000007lcp1","Blugiallo","blugiallo.com"
"001VK000006m0Aq","FPV Ventures","fpvventures.com"
"001F000000yFZJp","Gartner","gartner.com"
"001F000000xid57","Cigna Healthcare","cigna.com"
"0013j00002ycLG1","Global Scanning A/S","globalscanning.com"
"0013j00002yac7M","ABB","global.abb"
"001F0000013AwBa","W. L. Gore & Associates","gore.com"
"001F000000wbqsq","Weatherford","weatherford.com"
"0012A00002VsJzN","Innovaccer","innovaccer.com"
"0013j00002ya1bY","Groq","groq.com"
"001VK00000eVkad","ASSA ABLOY Entrance Systems","assaabloyentrance.com"
"0013j00003AP43f","Trapets AB","trapets.com"
"0013j00003GYXrC","UGI Corporation","ugicorp.com"
"0012A00002Tzry1","Alm. Brand","almbrand.dk"
"0013j00003GVWnI","Oterra","oterra.com"
"0013j00003GXkfy","Juliet","julietavt.com"
"0013j00003JqaNf","Osstell","osstell.com"
"001F0000010dT9a","Nevro","nevro.com"
"001F0000017GM3Z","ProAssurance","proassurance.com"
"0013j00002ybbbp","Off-White (LVMH)","off---white.com"
"001F000000r1P3h","Kubota","kubota.com"
"0012A00002N7mNw","Back Market","backmarket.com"
"0013j00002md529","FalconX","falconx.io"
"001F000000faCm1","BlackRock","blackrock.com"
"0013j00002yau0t","Weights & Biases","wandb.com"
"0013j000031vi3k","Worldfavor","worldfavor.com"
"001VK000007x6tR","Newport World Resorts","newportworldresorts.com"
"0013j000037iLAx","SAGEMCOM","sagemcom.com"
"001A000000aGZtr","Calix","calix.com"
"0013j00002ycL7t","Silo","usesilo.com"
"001F000001GLNTM","KnowBe4","knowbe4.com"
"001VK00000HgwKM","Waitrose & Partners","waitrose.com"
"001VK00000D2GAw","exMon","exmon.com"
"0012A00002SBnA7","Zeta","zetaglobal.com"
"001F0000012FwVY","QSC","qsc.com"
"0012A00002ZpJEQ","MD Anderson Cancer Center","mdanderson.org"
"0013j00003AM85E","TipTop","tiptop.xyz"
"0012A00002Z1cUe","Lake Michigan Credit Union","lmcu.org"
"0013j00002bCbKN","McCormick & Company","mccormickcorporation.com"
"0013j00002bALYV","The Kraft Group & Affiliates","thekraftgroup.com"
"001F0000010dTQT","Boston Properties, Inc.","bostonproperties.com"
"001VK000007lhbF","MD Helicopters","mdhelicopters.com"
"0012A000021JYIO","Totara","totaralms.com"
"001A000000Imynf","Oyster","oysterbooks.com"
"0013j00002cUNaf","MyComplianceOffice","mycomplianceoffice.com"
"0012A00002T74j1","Fivetran","fivetran.com"
"001VK00000bgzOR","MagVenture","magventure.com"
"0012A00002aGmti","Lifepoint Health®","lifepointhealth.net"
"001VK00000AXCuQ","ITSS","itssglobal.com"
"0012A00002ZbKMg","Zoocha","zoocha.com"
"0013j000037iK20","Volkswagen Group","volkswagenag.com"
"001F0000017GM6U","Carpenter Co.","carpenter.com"
"001VK00000f7y9a","Laboratorio Comunicazione","labcompr.com"
"0013j00003GYpHA","Orona","orona-group.com"
"001VK000003mrJd","State of Ohio","ohio.gov"
"0013j00002mc8ic","Michigan Department of Health and Human Services","michigan.gov"
"001F0000017GMic","Fender Musical Instruments Corporation","fender.com"
"0012A000021K3yF","Webedia","webedia-group.com"
"0013j000037iRUz","CUMIS","cumis.com"
"0012A00002apJ7G","Ball","ball.com"
"001F0000010dSld","Cloud Imperium Games","cloudimperiumgames.com"
"0012A00002EuFgu","PrettyLittleThing.com","prettylittlething.com"
"0012A00002ZpJcc","University Hospitals","uhhospitals.org"
"0012A00002Bonll","Dremio","dremio.com"
"0013j00003ALmQZ","Neoss AB","neoss.com"
"0013j00002mc9kN","City of Largo","largo.com"
"001F000001Av8we","Precisely","precisely.com"
"001F0000017GMZO","Cape Fear Valley Health","capefearvalley.com"
"0012A00002EttSO","UEFA","uefa.com"
"0012A00002Z1cP4","arvato Systems","arvato-systems.com"
"0013j00002ybD1p","Jonas Premier","jonaspremier.com"
"001VK00000R6fPD","Greatness PR","greatness.se"
"001F000001Yg4Ke","Oscar Health","hioscar.com"
"001F000000vY55o","Enterprise Products Partners","enterpriseproducts.com"
"0013j00002cTUqA","Axis Capital","axiscapital.com"
"0013j00002bBwtF","Sinful","sinful.com"
"001F000000s0WAs","SAP Fieldglass","fieldglass.com"
"0013j00002cULSD","IWG Plc.","iwgplc.com"
"0012A00002TyfDH","Procurant","procurant.com"
"001VK00000Hmobp","Nomain","nomain.ai"
"0012A00002Tzsux","Sectra","sectra.com"
"0013j00002cTYnd","USAID","usaid.gov"
"001VK000003st8A","Georgia Medicaid","medicaid.georgia.gov"
"0012A00002QvBvW","Jack & Jones (Bestseller)","jackjones.com"
"001F000000luWB8","Camping World","campingworld.com"
"001VK00000cChzQ","Native Translation AB","native.se"
"001VK00000fcUnQ","Instylla","instylla.com"
"0012A00002858jc","World Wildlife Fund","worldwildlife.org"
"0012A00002BnQmh","Next Insurance","next-insurance.com"
"001F0000010dTba","J.B. Hunt Transport Services, Inc.","jbhunt.com"
"0013j00003ALmPf","FULLSTEP NETWORKS","fullstep.com"
"0013j00003GVCYh","WETTERLING GALLERY","wetterlinggallery.com"
"0013j00002bBqL7","Consolidated Edison Company of New York Inc.","coned.com"
"0013j00003JrSgS","ElevenLabs","elevenlabs.io"
"001F0000017GMSu","Swissport","swissport.com"
"0013j00002mbcHu","Anyfin","anyfin.com"
"001VK00000iUOA7","de","de.abb.com"
"0012A00002N7myJ","Brex","brex.com"
"0012A00002ZpLGn","Chemonics International","chemonics.com"
"001VK000003st8p","Attorney General Hampshire","doj.nh.gov"
"001VK000007lbBp","W¸rth Oy","wurth.fi"
"0012A00002852BK","Gupshup","gupshup.io"
"001VK00000Agekr","California Public Utilities Commission","ca.gov"
"0012A00002BmkjD","Hotel Engine","hotelengine.com"
"001F0000010dTrf","Weyerhaeuser","weyerhaeuser.com"
"0013j000037iJZH","Premier Home Health Care Services, Inc","premierhomehealthcare.com"
"001VK000003st8J","Attorney General Georgia","law.georgia.gov"
"0013j00002mdjqy","Deel","deel.com"
"0013j00003ANOmi","City of Waukegan","waukeganil.gov"
"0012A000021K3ny","Guerbet","guerbet.com"
"0012A00002SA6dH","BlueVoyant","bluevoyant.com"
"0013j000034t43H","Kyndryl","kyndryl.com"
"0013j00003AMANp","OURA","ouragami.org"
"001F0000017GMts","HelloFresh","hellofresh.com"
"001F000001W9fte","Kering","kering.com"
"001F000000j7VOY","Nutanix","nutanix.com"
"001A000000SPO22","Best Buy","bestbuy.com"
"0013j00002bAI5E","McLaren Automotive","mclarenautomotive.com"
"001F000001pKHvG","iHerb, LLC","iherb.com"
"0012A00002QuS6B","Highspot","highspot.com"
"001F000000jUJQ9","Nextdoor","nextdoor.com"
"001VK00000cloEv","LMArena","lmarena.ai"
"0013j00002mbu2i","Resurs Bank","resursbank.se"
"0013j00003GXilv","Revvity","revvity.com"
"0013j00002yb1mg","Postnord","postnord.com"
"001F0000010dTrD","Bond Drug Company of Illinois, LLC","walgreens.com"
"0012A00002RMzwd","Sostrene Grene","sostrenegrene.com"
"0013j00002mca8W","Vercel","vercel.com"
"001F000001rpEOX","Darktrace","darktrace.com"
"0012A00002XpJDC","XYO","xyo.network"
"0013j00002ybyza","Quest Diagnostics Employer Population Health","questforhealth.com"
"0013j00002mbgUc","AniCura AB","anicuragroup.com"
"001F000000rZtoE","Wind River","windriver.com"
"0012A00002XpKXE","Simpson Thacher","stblaw.com"
"001VK00000bHgVN","Kafrit","kafrit.com"
"0012A00002Bn6AV","SIX","six-group.com"
"0013j000034t45G","AFRY","afry.com"
"0013j00003ANUrI","Legrand","legrandgroup.com"
"001VK0000021H8y","Howden Broking","howdengroup.com"
"0013j00002mduLa","Air Transat","airtransat.com"
"0013j00002cSr3j","CipherTrace","ciphertrace.com"
"001VK00000c7gEO","EUROTROLL","eurotroll.se"
"0012A00002ZdBT5","Banca March","bancamarch.es"
"0013j00003GVEj8","Spring Education Group","springeducationgroup.com"
"0012A00001vZFja","Valmet","valmet.com"
"001F0000010dToM","TE Connectivity","te.com"
"001F0000017GN0b","Brightpearl","brightpearl.com"
"001F0000017GMad","Rack Room Shoes","rackroomshoes.com"
"0013j00003AOamA","Goeteborgs Stad","goteborg.se"
"001F000001FE1a5","L P International Inc. / PowerMate","powermate.info"
"0013j00002cTA2I","Ferratum Group","multitude.com"
"0012A000021IMSG","ArrivalGuides ? a Lion Ventures company","arrivalguides.com"
"0013j00003GVKjq","TRATON GROUP","traton.com"
"0013j00003ANOk8","San Mateo County Sheriff's Office","smcsheriff.com"
"0013j00002bALbR","AMERICAN Cast Iron Pipe Company","american-usa.com"
"0012A00002871bt","The Janssen Pharmaceutical Companies of Johnson & Johnson","janssen.com"
"001VK00000Uu9ow","Siemens","siemens.com"
"001F0000010dTMd","American Financial Group","afgifg.com"
"001VK000008rWoL","Xynteo","xynteo.com"
"001VK00000VtGzy","Titanbay","titanbay.com"
"001VK000003st8O","Attorney General Arizona","azag.gov"
"0013j000031voOt","Eleiko","eleiko.com"
"001VK00000V7CY6","Carrefour","carrefour.fr"
"001F000000fcOSC","Warner Brothers Records Inc.","warnerbrosrecords.com"
"0013j00002cUP5u","FE Fundinfo","cssp-ag.com"
"0013j00002mcwYE","Ventura Foods","venturafoods.com"
"001F000001CLAEU","Ipsos","ipsos.com"
"0013j000031udxR","LianLian","lianlianpay.com"
"0013j00003ANWBW","Brookfield Oaktree Wealth Solutions LLC","brookfieldoaktree.com"
"0012A00001vZSzy","Building Engines","buildingengines.com"
"001VK00000S5F9c","Ulta Beauty","ulta.com"
"0012A00002aI2sm","Turck","turck.de"
"001VK00000SuHCY","Octave Intelligence","octaveintelligence.com"
"001A000000dWbjb","Dick's Sporting Goods","dickssportinggoods.com"
"0012A00002Tztb9","Futurice","futurice.com"
"0013j00003GUwXx","Christian Dior (LVMH)","dior.com"
"0013j00003ALmK8","BSH Hausger?te","bsh-group.com"
"0012A00002Z1bC0","Locus Robotics","locusrobotics.com"
"0012A00002WyPch","U.S. Department of Homeland Security","dhs.gov"
"001F000000xQZbM","SCIEX","sciex.com"
"001VK000003st8T","Attorney General Maryland","marylandattorneygeneral.gov"
"0013j00002mc93P","Dayton Children's Hospital","childrensdayton.org"
"0013j00002ybr4e","bybit","bybit.com"
"0013j00003GVSRk","Occidental Petroleum Corporation","oxy.com"
"0013j00003AMuWE","Argo Group","argolimited.com"
"0013j00003AMRFp","Greater Los Angeles County Vector Control District","glamosquito.org"
"0012A00002867x0","Infinidat","infinidat.com"
"001F000000vbE4O","Allstate","allstate.com"
"0013j000034tI16","Keen Design","keen.design"
"0013j00002mc93l","Racine County","racinecounty.com"
"001F000000luWKO","Meijer","meijer.com"
"001F000001meMgg","River Island","riverisland.com"
"001F0000017GMjM","Benteler Steel & Tube","benteler.com"
"0012A00002J6Hz6","Vontobel","vontobel.com"
"001VK00000VD81B","ZEISS Group","zeiss.com"
"0013j000034t344","Randstad","randstad.com"
"0013j00002meP7j","DRA Consulting","pharmalex.com"
"001F000001qOwuq","Fontainebleau Hotel","fontainebleau.com"
"001A000000UQQLZ","Zendesk","zendesk.com"
"001F0000015gBBJ","Biosense Webster // MedTech","biosensewebster.com"
"001F000000n4hUr","Avid","avid.com"
"0013j000034t0Te","GlobalBees","globalbees.com"
"001F000000lvIN8","BJ's Wholesale Club","bjs.com"
"001F0000010dTSs","State of Kentucky","ky.gov"
"0012A00002BmnEQ","Medrio","medrio.com"
"0012A00002ZpJe6","Borrowell","borrowell.com"
"001VK000009OoJg","Teknoware","teknoware.com"
"0012A00002ZpJHw","Fairview Health Services","fairview.org"
"0012A000021JYHy","Preservica","preservica.com"
"001F000000qrGu3","Jumio","jumio.com"
"0012A00002Bn0hk","Columbus A/S","columbusglobal.com"
"001F0000010dTdO","LKQ Corporation","lkqcorp.com"
"001VK000007S3II","University of Vienna","univie.ac.at"
"001F0000017GMl4","Welch Allyn","welchallyn.com"
"0012A00002aUnpj","Dyspatch","dyspatch.io"
"001F000001rrUEz","Pharmapacks","pharmapacks.com"
"0012A00002Z1aHh","SHL","shl.com"
"0013j00003ANko0","City of Noblesville","cityofnoblesville.gov"
"001F000001teC36","Glencore","glencore.com"
"0013j00003ANrqO","Eptura","eptura.com"
"001VK00000f7y9b","Grupo OSDE","osde.com.ar"
"0013j000034rxbk","Ultrahack","ultrahack.org"
"0013j00002cTVJM","Ascend Money","ascendmoney.io"
"0013j00002mdcc4","Veriff","veriff.com"
"001VK00000VBqMs","Securitas","securitas.se"
"0013j000037iKIo","A-Insin??rit","ains.fi"
"0012A00002TWu4t","blueprintgenetics.com","blueprintgenetics.com"
"0012A00002ZpLCL","Community Healthcare System","comhs.org"
"001VK00000EHpcO","Burgundy","bgbic.com"
"0013j00002cTJSu","Nouryon","nouryon.com"
"001A000000cob5V","Concur Technologies, Inc.","concur.com"
"001F0000012huUN","Ethiopian Airlines","ethiopianairlines.com"
"001F000001N2AOC","BlackBerry","blackberry.com"
"0012A00002ZpLCs","Southeastern Grocers","segrocers.com"
"0013j00002bCbGe","Everi Holdings Inc.","everi.com"
"0013j00003ALtM4","Flowcarbon","flowcarbon.com"
"0013j000037iPY7","NAOS (Bioderma - Institut Esthederm - Etat Pur)","naos.com"
"001F000000nFFfb","International Paper","internationalpaper.com"
"001F0000017GMXm","GP Strategies Corporation","gpstrategies.com"
"0013j00002yb7Ua","apotea.se","apotea.se"
"0012A00002Z1Zkc","FirstEnergy","firstenergycorp.com"
"001F0000017GMEN","Nexteer Automotive","nexteer.com"
"0013j000031vdvR","Hi Fi Klubben A/S","hifiklubben.com"
"0012A00002870PZ","KATERRA","katerra.com"
"0012A00002Bn67u","SYSTRA Group","systra.com"
"001VK000002H4j2","Hilti Group","hilti.group"
"001A000000YzBzk","UPS","ups.com"
"001F000000psfPY","Safeway","safeway.com"
"0012A00002ZpL8s","School City Hobart","hobart.k12.in.us"
"0013j00002cTVFy","AArete","aarete.com"
"0012A00002IhNDm","Blue Water Shipping","bws.dk"
"0012A00002AghO9","CircleCI","circleci.com"
"0012A0000284AD1","APUS","apusapps.com"
"0012A00002852VT","BBVA","bbva.com"
"001VK00000fDCaG","Desert Valley Hospital & Medical Group","dvmc.com"
"0013j00002cRdq9","Papa","joinpapa.com"
"0013j00002yafg5","Forage","theforage.com"
"001VK00000BOPzp","Merck Consumer Health Care (Shanghai) Trading Co. Ltd","merck.com"
"001F000001bz250","Suunto","suunto.com"
"0012A00002Bn5vw","Endesa","endesa.com"
"0013j00003AMRGD","Santa Ynez Band of Chumash Indians","santaynezchumash.org"
"0012A00001rIfgx","Flexport","flexport.com"
"0013j00002cRVzc","Therabody","theragun.com"
"0012A00002Z1bGO","Ohio Department of Education","education.ohio.gov"
"0013j00002yaGCI","Hitachi ABB Power Grids","hitachienergy.com"
"0012A00002AgYXO","Loewe (LVMH)","loewe.com"
"0013j000037iUBG","BrightView Landscapes","brightview.com"
"0013j00003ANOpw","Midland County, Texas","midland.tx.us"
"001VK000008QMZl","ORLEN Deutschland GmbH","orlen-deutschland.de"
"001F000000sguXw","SmartThings","smartthings.com"
"0013j00002bC6j0","knak.","knak.com"
"001F0000010dTd5","KEYES & ASSOCIATES, INC.","keyesandassociates.com"
"001F0000017GLyW","Convatec","convatecgroup.com"
"0013j00003ANOkx","Osceola County Government","osceola.org"
"0012A00002WbSJQ","Mazda North American Operations","mazdausa.com"
"001F000001o35uX","Scotch & Soda","scotch-soda.com"
"001F000001Ukr3O","Swissquote","swissquote.com"
"001F000000mEEV3","MassMutual","massmutual.com"
"001F0000010dTcn","Land O'Lakes, Inc.","landolakesinc.com"
"001F0000017GMgQ","Worldwide Techservices","wwts.com"
"0013j00003ALmQ2","Kielikone","sanakirja.fi"
"001F000001o3ZXf","Ferrari","ferrari.com"
"0013j00002yaWV5","M-Files","m-files.fi"
"0013j00002md7wO","Gubra","gubra.dk"
"0013j00003GVCpE","Going","scottscheapflights.com"
"0013j00003AMRFt","Board of County Commissioners | Marion County, FL","marioncountyfl.org"
"001F0000010dTB4","Palo Alto Networks","paloaltonetworks.com"
"0013j00002bADw5","MTX Group","mtxb2b.com"
"001F0000011o574","Lightspeed Systems","lightspeedsystems.com"
"0012A00002BmnGj","Stash","stash.com"
"001F000001o35us","Quadient","neopost.com"
"0012A00002ZbLlu","Cobiro","cobiro.com"
"0013j00003AP45x","FORVIA","forvia.com"
"001F0000010dTb7","Inteva Products","intevaproducts.com"
"0013j00002yaXlv","Panther","runpanther.io"
"001VK00000EB7UL","Linde Material Handling","linde-mh.com"
"001F000001Avb0P","Etihad","etihad.com"
"0013j00002bCEVn","Pestana Hotel Group","pestana.com"
"001F0000010dTSk","Cognizant","cognizant.com"
"001F0000017GMov","Swagelok","swagelok.com"
"0013j00003GWhGi","Dellner - Train Connection Systems","dellner.com"
"0012A00002Z1cLv","RIB Software","rib-software.com"
"0012A00002XnTZE","Globe Life","globelifeinsurance.com"
"001VK00000bnCAn","KitchenAid","kitchenaid.com"
"001VK000007lapy","HORNBACH Byggmarknad AB","hornbach.se"
"001F000001rpcEA","Contentful","contentful.com"
"001F000001meMhA","US Government","usa.gov"
"001F000000sgkTM","Backblaze","backblaze.com"
"001VK00000AdVfq","G5 Entertainment AB","g5software.com"
"001F0000010dTWX","Faurecia","faurecia.com"
"0013j00002md7bC","T-Systems International GmbH","t-systems.at"
"0012A00002aI2t7","IBEX","ibex.co"
"001F000001o35vu","Wacom Technology Corp.","wacom.com"
"001VK00000VN5tC","Wolters Kluwer Health","wolterskluwer.com"
"0013j00002yc1Bl","EasyJet","easyjet.com"
"001F000000luJg7","Mass General Brigham","massgeneralbrigham.org"
"0013j00002mc93o","SCAN Health Plan","thescangroup.org"
"001F0000010dTj7","Princess Cruises","princess.com"
"001F000001CNYzH","Salesloft","salesloft.com"
"001F000001aYP3I","Blizzard Entertainment","blizzard.com"
"0013j00003GVJDf","Voyce Global","voyceglobal.com"
"001F000000ma6Az","MGM Resorts International","mgmresorts.com"
"001F0000012Ef3s","Epilog Laser","epiloglaser.com"
"001A000000Yx3dH","Esri","esri.com"
"0012A00002ZpJE5","City of Philadelphia","phila.gov"
"001F0000010dTRo","The Cessna Aircraft Company","cessna.com"
"001F000001tff71","Eni","eni.com"
"001VK00000guwVn","unmmg.org","unmmg.org"
"001F0000010dToY","Terex Corporation","terex.com"
"001F0000011m5oe","WEX","wexinc.com"
"0013j00003GWnne","Qufora","qufora.com"
"0012A00002ZpJIi","UCHealth","uchealth.org"
"001F000001teBuJ","Commerzbank Digital Technology Centre Lodz","commerzbank.com"
"001F0000017GMcx","Yamaha Motor","yamaha-motor.com"
"0012A00002Tzkit","Qurate Retail Group","qurateretailgroup.com"
"0013j00002cTRcx","Zeta India","zeta.tech"
"001F0000010dTTI","Country Financial","countryfinancial.com"
"0013j00002mcrRN","Knowde","knowde.com"
"0012A00002ZpIgI","Ent Credit Union","ent.com"
"0012A000021JYLM","Sun Microsystems","sun.com"
"0013j00003ALmNl","STA Health communications","stacommunications.com"
"0012A00002QsXvo","Freyr Solutions","freyrsolutions.com"
"001F000000fap7v","Ford Motor Company","ford.com"
"001F0000010dTOT","Assurant","assurant.com"
"001VK000007lb8h","Jollyroom","jollyroom.se"
"001A000000e7DMq","Yext","yext.com"
"0013j00002cRaOX","New York Yankees","yankees.com"
"001VK00000fL19Z","Mitre Realty","mitrerealty.com.br"
"0013j00002ycNO8","Mashgin","mashgin.com"
"0012A00002JwPWn","VELUX 2025","velux.com"
"001VK00000ddh1u","Jincom","jincom.com"
"001F000001qEm1C","Purdue Pharma L.P.","purduepharma.com"
"001F0000017GLyO","Toshiba Business","toshiba.com"
"0013j00002mbjGb","Yousician","yousician.com"
"001F000001teBtl","UPM - The Biofore Company","upm.com"
"001VK000000QJv3","Valley Cities","valleycities.org"
"001VK00000C0ul5","Gernandt & Danielsson","gda.se"
"001VK000003k5fx","Willo AB","willo.se"
"0012A00002BnLd2","Vale","vale.com"
"0013j00002yaGUP","ERT","ert.com"
"001F000000j7SLr","TaskRabbit","taskrabbit.com"
"001VK00000YC16P","Iagloyalty","iagloyalty.com"
"0012A00002Bn6NC","KLM Royal Dutch Airlines","klm.com"
"001VK00000AeUZX","Rhenus Logistics","rhenus.group"
"0013j00002ybavL","M&S","marksandspencer.com"
"0013j000031w0dT","OneOf","oneof.com"
"0012A00002EvX1M","Kerzner International","kerzner.com"
"001VK000001z4xT","WTW","wtwco.com"
"0012A00002ZpKZi","San Francisco Department of Public Health","sfdph.org"
"0012A00002TztYz","Bonhams","bonhams.com"
"001F0000010dThu","PBF","pbfenergy.com"
"001VK00000e15OQ","Zapata","zapata.com.mx"
"0012A000021KEPC","Spireon","spireon.com"
"0012A00002TzsZy","Aviva Investors","avivainvestors.com"
"0013j000034t2kW","Trafigura","trafigura.com"
"001F000001GMEqb","Airbus Group Inc.","airbus.com"
"0012A00002Jbjyu","Calendly","calendly.com"
"0013j00002bAMjH","T?V Rheinland Group","tuv.com"
"001F000001NuuEk","Varnish Software","varnish-software.com"
"0012A00002TzrWl","Egon Zehnder","egonzehnder.com"
"0012A00002aUYQn","Moon Active","moonactive.com"
"0012A0000283tY7","Sonder","sonder.com"
"0013j000034t5EO","Likewize","likewize.com"
"0013j00002cSqu1","Circulation","circulation.com"
"001F0000017GM2s","Monro, Inc.","monro.com"
"0013j00002cUIYI","Marriott Hotels & Resorts","marriott-hotels.marriott.com"
"0013j00003GVN8m","MobiSystems, Inc.","mobisystems.com"
"001F0000010cRb2","US Foods","usfoods.com"
"0012A00002Vvy4b","Newsela","newsela.com"
"0013j00003ALmQ3","Kinetik Medical","kinetikwellbeing.com"
"001F000001N2AcF","Flywire","flywire.com"
"0013j00003AMrLS","Builder.ai","builder.ai"
"0013j00002ybyuF","CI Games","cigames.com"
"0012A000021JYFK","Festo","festo.com"
"0012A00002IhNF3","Dealer-FX","dealer-fx.com"
"001VK000008IkJ7","ASM International","asminternational.org"
"0013j00003GYSVz","National Cowboy & Western Heritage Museum Inc","nationalcowboymuseum.org"
"001F000001N2Ai3","Duolingo","duolingo.com"
"0012A00002OG2Jx","Tron","tron.network"
"0012A00002Z1cBK","ConvertKit","convertkit.com"
"0013j00002bAMj1","Texas Department of Transportation","txdot.gov"
"0013j000037iKY3","Sweco Nederland","sweco.se"
"001F000001qOwqy","Zurich","zurich.com"
"0012A00002BnANQ","Games Workshop Ltd","games-workshop.com"
"0013j00003GVQhm","MRM","mrm.com"
"0013j00002mcnWr","Fortnox AB","fortnox.se"
"0013j000031w2Tm","Nowports","nowports.com"
"0013j00002cTMt6","Chipper Cash","chippercash.com"
"0013j000031wIUM","Exinity","exinity.com"
"001F0000010dSnh","Lyft","lyft.com"
"001VK00000a8MEj","Littlejohn & Co","littlejohnllc.com"
"001F0000017GMOn","La Quinta","lq.com"
"001VK00000f5fTF","Onkos Surgical","onkossurgical.com"
"0013j000034t45B","Vitamin Well AB","vitaminwell.com"
"0012A00002HBzLr","OttoBock","ottobock.com"
"0013j00002ybu6w","Northwest Airlines","nwa.com"
"001F000001AERKC","Goya Foods","goya.com"
"001VK00000TeMFk","stanley1913","stanley1913.com"
"001F0000010dTqk","VeriFone","verifone.com"
"0013j00003ANOmh","McHenry County Conservation District","mccdistrict.org"
"001F000001abXOA","TAG Heuer","tagheuer.com"
"0012A00002Y5hvC","Appen Japan KK","appen.com"
"001VK00000bxoLF","Nordic Hotels & Resorts","nordichotels.com"
"001VK00000bzx62","Karo Healthcare","karohealthcare.com"
"0013j00002ybDIs","PDQ.com","pdq.com"
"0013j000034t3Fp","Medix Biochemica","medixbiochemica.com"
"001F0000010dTS8","Community Health Systems","chs.net"
"0013j00002yZMdm","Unger","ungerglobal.com"
"001F000000o1700","Cummins Inc.","cummins.com"
"001VK00000DQ2Q6","Daimler Truck AG","daimlertruck.com"
"0013j00002yax5i","OpenAI","openai.com"
"001F0000010dTNL","Altria","altria.com"
"001VK00000V7CXu","Armani","armani.com"
"0013j00002ycK0m","The Lifetime Value Co. f.k.a. BeenVerified","ltvco.com"
"001F0000017GN7H","Mixpanel","mixpanel.com"
"001VK00000VEFtN","Factset","factset.com"
"0012A00002EvhTb","Stockmann","stockmann.com"
"0013j00002cUIDj","Mölnlycke Health Care","molnlycke.com"
"001F000001jNMi5","Sonova Group","sonova.com"
"0012A00002VA8vv","Arthur D Little","adlittle.com"
"001F000000zA3MZ","Clio","clio.com"
"001VK00000UDE7Q","NPC, Inc.","npcweb.com"
"0012A00002Bn0v6","Ecovadis","ecovadis.com"
"0012A000021JYDk","Worldwide Clinical Trials","worldwide.com"
"0013j00002yaGNL","Siemens Healthineers","siemens-healthineers.com"
"001VK0000042vOB","United Nations Population Fund (UNFPA)","unfpa.org"
"0012A00002Bmn9C","Constellation Software","csisoftware.com"
"0013j00003GUqF2","Louis Vuitton (LVMH)","us.louisvuitton.com"
"0013j000031uVVe","Hillsborough County Sheriff's Office","joinhcso.com"
"0012A00002N5Vne","Alo Yoga","aloyoga.com"
"001F000001tff6L","Bluecore","bluecore.com"
"0013j00002cUP7M","Lime","li.me"
"0012A000021HoNO","American Red Cross","redcross.org"
"001F000000f53OY","Starbucks","starbucks.com"
"001F000000xMQfB","JAGGAER","jaggaer.com"
"0013j000034uIGK","Hedvig Insurance","hedvig.com"
"001F000001ESCyz","Vertex SMB","vertexinc.com"
"0012A000021K3mJ","Europcar","europcar.com"
"0013j00002cTfxg","TransferMate","currency.ie"
"0013j000031uXXt","Gorillas","gorillas.io"
"001F0000010dTrS","WellCare Health Plans","wellcare.com"
"0013j00002bA8pU","Seagull Scientific","seagullscientific.com"
"0013j00003ALmS3","Wcsap","wcsap.org"
"0012A000021JYJ3","Rohde & Schwarz","rohde-schwarz.com"
"001F000000pXO3V","SAIC","saic.com"
"0013j00002ybxI4","Global Rescue LLC","globalrescue.com"
"001F000000sgehk","Articulate","articulate.com"
"001F0000010dTRU","Catalent Pharma Solutions","catalent.com"
"001F000001abWbO","The Rockport Company","rockport.com"
"0012A00002Z1bq5","Federal Bureau of Investigation","fbi.gov"
"001VK000007lahg","Gymstick International Ltd","gymstick.com"
"0012A000021JYFR","Giant Tiger","gianttiger.com"
"0012A00002EHGtU","SEB","sebgroup.com"
"0013j00002mbkbg","Link Manufacturing","linkmfg.com"
"001F0000017GM02","1st United Bank","valleynationalbank.com"
"001F000000vuTAl","Paychex","paychex.com"
"0013j000031vec9","Foxway Sverige","foxway.com"
"001VK00000SUWyP","Toys R Us","toysrus.com"
"001VK000009OqBl","Software Point - LabVantage Nordics","softwarepoint.com"
"0013j00002mcu1N","Miracle A/S","miracle.dk"
"001F000000t3us1","Albemarle Corporation","albemarle.com"
"001VK00000iFrHG","8am","8am.com"
"001F000001o10xm","Singapore Tourism Board","stb.gov.sg"
"001VK000003st7e","Delaware Medicaid","dhss.delaware.gov"
"0013j000037iL8l","Sj?fartsverket","sjofartsverket.se"
"001F0000010dTcu","La-Z-Boy Incorporated","la-z-boy.com"
"001F0000010dTYq","Group 1 Automotive","group1auto.com"
"0013j000034uJ0N","Rud Pedersen Group","rudpedersengroup.com"
"001F000001N2ANT","D2L","d2l.com"
"0013j00002yYtuA","Government of Saskatchewan","saskatchewan.ca"
"0013j00003GYutt","LONGi Solar","longi.com"
"001F0000010fTwG","Vinted","vinted.com"
"0013j00002bA917","Lloyd's Register","lr.org"
"001F000000gAPHb","WeatherBug","weatherbug.com"
"0012A00002ZGm8q","Labster","labster.com"
"001VK000007lb8F","MOS MOSH","mosmosh.com"
"0012A00002Y573H","Opentrons Labworks Inc.","opentrons.com"
"001F000001bzzSC","Onshape, a PTC Technology","onshape.com"
"0013j00002yb2Pg","Otto","otto.de"
"0012A00002EwcP3","Budge Studios","budgestudios.com"
"001VK00000ZHjuK","Seven Ventures GmbH","sevenventures.de"
"0013j00002yaWSa","Dalux","dalux.com"
"001A000000ZQLwC","Thomson Reuters","thomsonreuters.com"
"0013j000034tH7U","Everly Health","everlyhealth.com"
"001F000001EQrnN","Orion Diagnostica","oriondiagnostica.fi"
"0013j000034s9NB","TotalEnergies","totalenergies.com"
"001VK00000guHdt","EMR by Nightingale Informatix","nightingale.md"
"0013j00003AME4g","Nitro Games PLC","nitrogames.com"
"0012A00002Bn66A","Roland Berger","rolandberger.com"
"0013j00002mbh3z","Subsea 7","subsea7.com"
"001VK000004dEVR","Sequence Advice","sequenceadvice.com"
"0013j000031u8J8","Kushki","kushkipagos.com"
"001F0000010dTNp","Amphenol","amphenol.com"
"0013j00003AMQkU","California Department of Education","cde.ca.gov"
"001VK00000dn1Cd","Women in Games International (WIGI)","getwigi.com"
"001VK00000ZpVP1","Inflight","inflightservice.se"
"0012A00002Z1b27","Expel","expel.io"
"001F00000161XmL","World Intellectual Property Organization ? WIPO","wipo.int"
"001F0000012eEZz","Bluebeam, Inc.","bluebeam.com"
"001F0000010dTc9","KFC","kfc.com"
"0013j00002cTBSX","NNE","nne.com"
"0012A00002WyPip","FEMA","fema.gov"
"001F000001Cuk0M","Vans, A VF Company","vans.com"
"0013j00003AP465","VSS Monitoring","netscout.com"
"001F000000vYZWc","SC Johnson","scjohnson.com"
"0013j00003GVWyM","R?hnisch Sportswear AB","rohnisch.com"
"001VK000003st8U","Attorney General Wisconsin","doj.state.wi.us"
"001F0000010dTnX","The Stop & Shop Supermarket Company LLC","stopandshop.com"
"0012A00002Esslj","Backbase","backbase.com"
"0013j00003ALzXH","Portal","Portaldefi.com"
"0013j00002cRbI1","Bona","bona.com"
"0013j00003ALLlA","Savelend","savelend.se"
"001VK00000VTSge","Giesecke+Devrient","gi-de.com"
"0013j000034rY90","Dopamine","evolution.com"
"0012A00002T7ZkC","Tresata","tresata.com"
"001F0000010dTfR","MSA - The Safety Company","msasafety.com"
"001F000000lYcva","Virtusa","virtusa.com"
"0012A00002Z1a5T","Postman","getpostman.com"
"001F000000orsa0","Sanmina Corporation","sanmina.com"
"001VK00000Apf8g","Saint-Gobain Ecophon AB","ecophon.com"
"0012A00002XT6zl","Die Schweizerische Post","swisspost.ch"
"001VK00000Xz8JM","hoppa","hoppa.com"
"001F000000wYH55","American Airlines","aa.com"
"001F000001N2AQi","SeatGeek","seatgeek.com"
"0013j00002yatq8","NexHealth","nexhealth.com"
"0013j00003ALmO8","THAI KIN CO., LTD TAIWAN BRANCH","thai-kin.com"
"0012A00002BnVV8","Snail Games USA","snailgamesusa.com"
"0012A00002ZpJLq","Dignity Health","dignityhealth.org"
"0012A00002Y2HCZ","Device42","device42.com"
"001F0000017GLtd","Interface","interface.com"
"001F0000015cjcI","SimilarWeb","similarweb.com"
"001F0000010dSyQ","Coinbase","coinbase.com"
"001VK000005AFu9","Lindex IT","octopibay.se"
"0013j00002ycM9I","Westfield Insurance","westfieldinsurance.com"
"0013j00003JpJyF","Kooth Digital Health (North America)","gov.kooth.com"
"0012A00002V8Sh4","Malt","malt.com"
"0013j00003ANOpx","Galveston Central Appraisal District","galvestoncad.org"
"001VK000007XGo9","BNP Paribas CIB","cib.bnpparibas"
"0013j00002cTwpq","Sayari","sayari.com"
"001F000001ro18P","Ascom Holding AG","ascom.com"
"0012A0000284yCG","Ginkgo Bioworks, Inc.","ginkgobioworks.com"
"0013j000034t3QF","Sainsbury's Digital, Tech and Data","sainsburys.jobs"
"001VK00000ZILGg","Euromonitor International","euromonitor.com"
"0013j00002mcesU","cityofanderson","cityofanderson.com"
"0013j000031uVVR","Office of the New York State Attorney General","ny.gov"
"0012A00002aXBB8","Paul Hartmann","hartmann.info"
"0012A00002V8FVV","Kong","kongcompany.com"
"001A000000aERHn","Broadcom","broadcom.com"
"001F0000017GLzp","UMB Bank","umb.com"
"001VK00000eAmVy","Cottage Health","cottagehealth.org"
"0012A00002BnE0u","SparkCognition","sparkcognition.com"
"001F000001FE304","Check Point Software Technologies, Inc","checkpoint.com"
"001F000001meftr","Belstaff","belstaff.com"
"001F0000010fixX","Genpact","genpact.com"
"0013j000034t2xw","Cobham SATCOM","cobham-satcom.com"
"001F000001W9fzw","Hard Rock International","hardrock.com"
"001F0000010dTIY","UNIFY","unify.com"
"0013j00002cTg8j","The Ritz-Carlton","ritzcarlton.com"
"001F000001meTSg","Rotary International","rotary.org"
"001F000000nDD2H","Crocs","crocs.com"
"0013j00002ybklr","Unit","unit.co"
"001F0000012GnfC","Canadian Tire Corporation","canadiantire.ca"
"001VK00000R6602","Nenda","nenda.com"
"0013j00002bA2Vs","NOVASOL","novasol.com"
"0013j00002md18i","Bupa","bupaglobal.com"
"001VK00000CuUHR","Deutsche Post und DHL","deutschepost.de"
"001VK00000fPHmF","Metropolitan Community College","mccneb.edu"
"001VK00000eDW4f","Omnitracs","omnitracs.com"
"0013j000034tEK7","Pattern TV","pattern.tv"
"0012A00002T9MLT","Children's National Medical Center","childrensnational.org"
"0013j00002ycDp5","Fibertex Nonwovens A/S","fibertex.com"
"001F000001roAMx","AirHelp","airhelp.com"
"0012A00002Bn0v3","Collective Health","collectivehealth.com"
"001VK00000VBoCQ","IHS Markit","ihsmarkit.com"
"0013j00002mc8ta","City of Bellingham","cob.org"
"001VK000002g0Ob","Win Win Collective","winwincollective.com"
"001F0000010dTox","T-Mobile","t-mobile.com"
"001F0000010dSnW","LendingClub","lendingclub.com"
"001A000000aFRcB","Cerner Corporation","cerner.com"
"0013j000034sE64","Noatum Logistics","noatumlogistics.com"
"0013j00003GUzQZ","CubiCasa","cubi.casa"
"001VK00000gYsvS","Nikon Precision","nikonprecision.com"
"001F0000010dTSQ","Citi Group","citigroup.com"
"0013j000031wIlD","WordPress","wpvip.com"
"0013j00002yZDG5","Apiture","apiture.com"
"001VK00000V7H8l","Arkema","arkema.com"
"001F000000zA3MW","Absolute Software","absolute.com"
"001F000000gTohQ","PepsiCo","pepsico.com"
"0013j00003AMRGI","United States Central Command","centcom.mil"
"0012A00002BmXt5","Sofitel Dubai The Palm","sofitel.com"
"0013j00003AMRAd","Florida Department of Management Services","dms.myflorida.com"
"0013j00002bADb2","Silgan Dispensing","silgandispensing.com"
"0013j00002ycJM9","Oyster®","oysterhr.com"
"0012A00002ZpIw1","Berkshire Bank","berkshireresidentialinvestments.com"
"0013j00002ya1kw","Lucasfilm Ltd.","starwars.com"
"001F000000guZVa","Vintage Parts, Inc","vpartsinc.com"
"0012A0000286HXk","Auth0","auth0.com"
"001F000001jMe5y","Repsol S.A.","repsol.com"
"0013j00002md7bG","Orbus Software","orbussoftware.com"
"0012A00002TzrVo","Daher","daher.com"
"001VK00000grgAd","Mission","thisismission.com"
"0013j00002mbkvw","Tranont","tranont.com"
"0013j00002mbkbo","Victory Hills Exhibitions","victoryhillexhibitions.com"
"001VK00000fGUPB","Cogent Biosciences","cogentbio.com"
"001F0000010dT1G","Enphase Energy","enphase.com"
"001F000001teHBz","Stingray","stingray.com"
"0012A00002ZpJVq","Hilton Grand Vacations","hiltongrandvacations.com"
"0013j00002yYyLP","Cree Board of Health and Social Services of James Bay","creehealth.org"
"0013j000034t2yF","Tailscale","tailscale.com"
"0013j00002bA1xV","Crown Holdings","crowncork.com"
"001VK00000VDQSh","Brose Group","brose.com"
"001F000001MZWyn","Clarks","clarks.com"
"001VK00000H2CzP","HeidelbergCement","heidelbergmaterials.com"
"001F0000010dTnO","STERIS","steris.com"
"001VK00000VAAyu","BNY Mellon","bnymellon.com"
"001F000000mEpTz","Rooms to Go","roomstogo.com"
"0013j00002ybxMQ","Moscot","moscot.com"
"0013j000031w3JN","On Cloud","on-running.com"
"001VK00000Um3vB","Prysmian","prysmiangroup.com"
"0012A0000283lh7","M-Files","m-files.com"
"0013j00002mbuEK","U.s. National Archives and Records Administration","archives.gov"
"001F0000010dTdN","Lithia & Driveway","lithia.com"
"001VK00000C0zbA","GuardTools","guardtools.com"
"0012A00002EwAMm","Peak Performance","peakperformance.com"
"0012A00002SAlz2","Morphe","morphe.com"
"0013j00003ALmP3","BIOMAPAS","biomapas.com"
"0013j00002mdoZZ","Mercury","mercury.com"
"001A000000ZQZxW","Vistaprint","vistaprint.com"
"001VK00000fGTuf","Champion","champion.com"
"0012A00002XmpPh","Pilot.com","pilot.com"
"0013j00002mdrug","Visicom Media","vmn.net"
"001F000001qOwrb","CarTrawler","cartrawler.com"
"001VK00000VHU1T","Payoneer","payoneer.com"
"0013j00003GUycT","Hearst Television","hearst.com"
"001VK00000YBWig","Headbrands","headbrands.com"
"0013j00002yavHv","CAIS","caisgroup.com"
"0013j000034uD8X","Orangetheory Fitness","orangetheory.com"
"0012A00001vZIoi","GoSee","goseetravel.com"
"001VK000009Oqi6","Bravissimo Agency AB","bravissimo.se"
"0013j00003GXilP","Stillstrom","stillstrom.com"
"0013j00002yawtX","Vaillant Group T¸rkiye","vaillant-group.com"
"001F000001jMZpb","Proximus","proximus.com"
"0013j00003ALmQn","PCI PharmaServices","pci.com"
"001F000000qEms1","The Clorox Company","thecloroxcompany.com"
"0012A00002Vs63L","Bowery Farming","boweryfarming.com"
"001VK00000JOqFT","MEDA","meda.org"
"001VK00000R6v0s","Convini","convini.se"
"0013j000037iQUd","Sentec Ltd","sentec.com"
"0012A00002KtC11","Blendtec","blendtec.com"
"0012A00002SBn9g","SessionM","sessionm.com"
"001F000000ieyP1","Infinera","infinera.com"
"001F000001H1ZUx","Maui Jim (Kering)","mauijim.com"
"0013j00003ALmS0","Vibrant Health","vibranthealth.com"
"001F000001jMa8d","Geberit","geberit.com"
"001F000000l09UC","Stripe","stripe.com"
"001F0000010dTXn","Gap Inc.","gapinc.com"
"001VK00000VDhwe","Dow","dow.com"
"0012A00002ZpLQp","Battelle","battelle.org"
"001F000000vuBtS","MAC Cosmetics North America","maccosmetics.com"
"001F000000vYZVA","Marathon Petroleum","marathonpetroleum.com"
"001F000001qEfRw","Rev","rev.com"
"001F000000fcORT","Genworth","genworth.com"
"0013j000034uEaX","Branch","branchapp.com"
"001VK00000br9Ha","Astrid Wild","astridwild.com"
"0013j00002yad77","dlocal","dlocal.com"
"001VK00000jQrJm","Brane Audio","braneaudio.com"
"0013j00002bAJhO","McCue","mccue.com"
"0013j00002bA7zO","Delhaize Belgium","delhaize.be"
"001VK00000DX9Ur","Barnebys","barnebys.com"
"0013j00002ybYLr","Boats Group","boatsgroup.com"
"001F000000mYQsq","Webroot","webroot.com"
"001F0000010dTpd","UFP Industries","ufpi.com"
"001VK000001WRqw","British American Tobacco","bat.com"
"001F0000010dTWp","Citizens","citizensbank.com"
"0012A00002Bn6UG","Polykemi","polykemi.se"
"0013j00002yaUU0","Avient Corporation","avient.com"
"0013j000034t3vK","Glean","glean.com"
"0013j000037iQ3a","Transgourmet Schweiz AG","transgourmet.ch"
"0013j00003AMRG7","NY Office of Addiction Services and Supports","oasas.ny.gov"
"001F000000hSnzl","Fifth Third Bank","53.com"
"0012A00001rKG5I","Phillips","phillips.com"
"0013j00003ALmOG","VB Private Equity SCS RAIF","vat-search.eu"
"0012A00002Bp0HV","Tucows","tucows.com"
"0013j00003ANPr1","stodulski.net","stodulski.net"
"0012A00002ZpJjL","Blue Cross and Blue Shield of Alabama","bcbsal.org"
"0012A00002Bn0i7","Studsvik","studsvik.com"
"001F00000137F0m","zalando","zalando.de"
"001F000001PfTYF","Charlotte Tilbury","charlottetilbury.com"
"0012A00002Z1aoA","PCI Pharma Services","pciservices.com"
"001VK00000WrkiX","J.P. Morgan Asset Management","jpmorgan.am"
"0013j00002mc8n0","City of Las Vegas","lasvegasnevada.gov"
"0012A00002EtLDK","Hogan Lovells","hoganlovells.com"
"001VK00000jQ5AL","Delta Vacations","deltavacations.com"
"001F000001rpgCd","NAVEX","navex.com"
"001F000001mbV5E","SecureWorks","secureworks.com"
"0012A00001rJvKA","Free2Move","share-now.com"
"001F0000017GMKc","Bostik","bostik.com"
"0013j00002mduY0","Republic","republic.com"
"0013j00002bAKov","CareFirst BlueCross BlueShield","carefirst.com"
"0012A00002T73Vb","Koopman International","koopmanint.com"
"0013j00002yc6hI","iris Concise (part of iris Worldwide)","iris-worldwide.com"
"0013j00002cTgf9","Effectory","effectory.nl"
"001F0000012IHIP","ICFi","icfi.com"
"001VK00000ZUdeG","High Tech Passport","htpassport.com"
"001F0000010dTTi","Sealed Air Corporation","sealedair.com"
"0013j00002mcwyC","Global Affairs Canada","international.gc.ca"
"0013j00003ALoFd","Talos","talos.com"
"0012A00002Z1cCD","State of Arizona","az.gov"
"001VK000004h0Ku","BusinessOulu","businessoulu.com"
"0013j00003ANOmn","City of Geneseo","cityofgeneseo.com"
"0012A00002Z1ccv","Banfield","banfield.com"
"001VK00000L6xXf","Affinian Consulting","affinian.com"
"0012A00002BoZyD","New York City Campaign Finance Board","nyccfb.info"
"0013j000034uItB","Spectrum Science","continuumclinical.com"
"001F000001HY16h","Aritzia","aritzia.com"
"0012A00002Bn6UB","Nynas AB","nynas.com"
"0012A00002aI2nV","Computer Services","csiweb.com"
"001F0000010dTV0","D.R. Horton","drhorton.com"
"0012A000021J4F8","Monolithic Power Systems, Inc.","monolithicpower.com"
"0013j00002ybOea","Qonto","qonto.com"
"0012A0000284dX3","Klook","klook.com"
"001VK000003st8X","Attorney General South Carolina","scag.gov"
"001VK00000Ys2Vt","The Cyber Maniacs","thecybermaniacs.com"
"0012A00002ZpKid","AlayaCare","alayacare.com"
"001F000000xM5KF","Ryder","ryder.com"
"001F0000017GNB9","ThoughtSpot","thoughtspot.com"
"0013j00003GY6bV","Mathpix","mathpix.com"
"0012A00002MlgMU","Gong.io","gong.io"
"0013j00002yYyJm","Freespee","freespee.com"
"0013j00002cRdg4","Calyx","calyxsoftware.com"
"0013j000034t1i8","Clara","clara.com"
"0013j000031vYqv","Forte","forte.io"
"0012A00002865sl","Peakon","peakon.com"
"001F0000010dTXD","Fidelity National Insurance","fnf.com"
"0012A00002KtLmd","Infosys","infosys.com"
"001VK00000fcUnH","PTI","ptisecurity.com"
"001F000000zA3Lq","FDM Group","fdmgroup.com"
"0012A00002Bn0nl","Boldyn Networks Group Limited","baicommunications.com"
"0012A00002XU5yJ","Vinnova","vinnova.se"
"001F0000010dTAG","Oclaro, Inc.","lumentum.com"
"001F0000010dTaO","Hughes","hughes.com"
"0012A00002833o3","Milestone Systems","milestonesys.com"
"001VK00000RHsqs","The House of Bruar","houseofbruar.com"
"0013j00003ANKJ4","Los Angeles County Department of Mental Health","dmh.lacounty.gov"
"001F0000012dqnq","Acorns","acorns.com"
"001VK000002RlKE","Expertinfo","expertinfo.se"
"0012A00002EHQ9I","Swedbank","swedbank.com"
"001F000001tfptn","Ceros","ceros.com"
"0012A00002apJhi","J.S. Held LLC","jsheld.com"
"001VK00000f6O4r","Artist","emtep.org"
"0013j00003Jp3Ti","National Science Foundation","nsf.gov"
"001VK000007laJH","HifiStudio","hifistudio.fi"
"0013j00002mdxMP","Smart Eye","smarteye.se"
"001F000001jMZs6","Brenntag","brenntag.com"
"0013j00002md7l1","Alkimam","formatherapeutics.com"
"0013j00002cSqt3","UK Research and Innovation","ukri.org"
"0012A00002Bn0cj","VTT Technical Research","vttresearch.com"
"001VK000008KbWf","PNW Fertility","pnwfertility.com"
"0013j00002mbkup","BillGO","billgo.com"
"0013j00003ALmRE","Seaman Corporation","seamancorp.com"
"001VK000001n7cT","Cardica","bbraunusa.com"
"001VK00000XFDwR","doola","doola.com"
"0013j00003JpUyl","Borenius","borenius.com"
"0013j00003ANOl6","City of Treasure Island","mytreasureisland.org"
"0012A00002arITP","Holiday Inn Club Vacations","hicv.com"
"001F000000n8EYc","Orange","orange.com"
"001VK00000HqWje","LearnSimple","learnsimple.com"
"001F0000010dTke","Rolls-Royce Power Systems AG","mtu-solutions.com"
"001VK000001aJWb","Cynaps","cynaps.se"
"001VK00000FQO9L","Thermo-Calc","thermocalc.com"
"0013j00003ALmQb","Newave Pharmaceutical Inc","patientwing.com"
"001VK00000UbN9H","McDonald's","mcdonalds.com"
"0012A00002VtouE","Dribbble","dribbble.com"
"0012A00002Sku4O","Celo","celo.org"
"0013j00002cTSMW","AiFi","aifi.com"
"001F0000017GMC9","Smith & Wesson Holding Corporation","smith-wesson.com"
"001F000000odLAO","Thermo Fisher Scientific","thermofisher.com"
"001VK000007lfdr","Baum und Pferdgarten","baumundpferdgarten.com"
"0013j00002ycKXO","Brilliant Future","brilliantfuture.se"
"001F0000012IES3","British Airways","britishairways.com"
"0012A00002T74kU","SSH Communications Security","ssh.com"
"001F0000017GM7Y","Academy, Ltd.","academy.com"
"0013j00002yc28v","Westermo","westermo.com"
"001F000000nb3kA","Tradeshift","tradeshift.com"
"0013j00002yauPT","Framatome","framatome.com"
"001F000000jmORy","Grubhub","grubhub.com"
"0013j00003ALmS4","World Class Training Institute Llc","worldclasstraining.net"
"0012A00002ZpInV","Wright-Patt Credit Union","wpcu.coop"
"0012A00002ZpL8B","Marshfield Clinic","marshfieldclinic.org"
"0012A00002UHg78","Duluth Trading","duluthtrading.com"
"0013j00002mc8pG","City of Miami","miamigov.com"
"0013j00002yZMkF","Public Company Accounting Oversight Board","pcaobus.org"
"0013j00002mbkQt","HSB - Hartford Steam Boiler","hsb.com"
"001F000001H0un3","Uphold Inc.","uphold.com"
"001A000000bVP1R","TuneCore","tunecore.com"
"0012A000021LLMn","Natural Cycles?","naturalcycles.com"
"001VK00000OxpBy","Attio","attio.com"
"0012A00002Z1cLJ","News Break","newsbreakapp.com"
"0013j00003AMtX8","livgolf","livgolf.com"
"0013j00003ANZTu","Swedish Match North America","swedishmatch.com"
"001VK00000A2eTU","Ascom Sweden AB","ascom.se"
"0012A000021J44O","Blue Buffalo","bluebuffalo.com"
"0013j00003AMRGE","South Coast Water District","scwd.org"
"001F0000010dSuL","Arteris","arteris.com"
"0012A00002V9Kw5","Golf Channel","golfchannel.com"
"0012A00002T7b6H","Beamery","beamery.com"
"001VK00000VDYjZ","Baxter International","baxter.com"
"0012A00002Z1bHD","Cameo","cameo.com"
"001F0000010dTpQ","ZF Group","zf.com"
"001F000000nhz5Q","Guidewire Software","guidewire.com"
"0013j00002bC71x","Verishop","verishop.com"
"0012A00002YzHAB","Cash App","cash.app"
"0013j00002mcIqK","ClimateView","climateview.global"
"001VK00000ZfEaj","Shields Health","shields.com"
"0012A00001vZSze","Demand Gen Report","demandgenreport.com"
"001F0000017bulR","HarperCollins Publishers","harpercollins.com"
"001VK00000fKkyM","Evaneos","evaneos.fr"
"0013j00003GVGyv","EBSCO","ebscoind.com"
"001VK00000VNIIY","Unum","unum.com"
"001VK00000VDYN1","Canopy Growth Corporation","canopygrowth.com"
"001F0000017GMiZ","PC Specialists, Inc.","tig.com"
"0012A00002TyYCe","Medpace","medpace.com"
"001F000001teBuB","Veolia","veolia.com"
"001F0000010dTWi","Fiat Chrysler Automobiles","fcagroup.com"
"001F000000ueCP2","tenable","tenable.com"
"0013j00003AMMsp","Bitget","bitget.com"
"0012A00002TW0BK","Tobii Dynavox","tobiidynavox.com"
"001VK00000FxllT","Dream Yacht Charter","dreamyachtcharter.com"
"0012A00002UJFjU","Insmed Incorporated","insmed.com"
"001F0000010dTNx","The Andersons, Inc.","andersonsinc.com"
"001F000000qV1mN","Qualcomm","qualcomm.com"
"0012A00001vZXKT","Loro Piana (LVMH)","loropiana.com"
"0012A00002Ze6yf","UNOPS","unops.org"
"0013j000037iSdM","Carson Group","carsongroup.com"
"0012A000021J4K7","Springer Nature","springernature.com"
"0012A00002Y4wkv","Zambon Group","zambon.com"
"0012A00002T73H0","Pipefy","pipefy.com"
"0013j00002bAMNL","Pixar","pixar.com"
"001F000000ot5wh","Applied Materials","appliedmaterials.com"
"001VK000002g0Oq","Blekinge Tekniska H?gskola","akeborn.se"
"0013j00002ybPRI","Boozt","boozt.com"
"001A000000cnz0H","Entrepreneur Media","entrepreneur.com"
"0013j00002ycFY8","Synthesia Technologies","synthesia.io"
"001VK00000AjQIL","Avon","avonworldwide.com"
"0013j00002mcV9U","Nepa","nepa.com"
"0013j00002cUE73","Infobric","infobric.com"
"001VK0000079Y1e","BON'A PARTE","bonaparteshop.com"
"001VK000006Hknm","St1 Suomi","st1.fi"
"0013j000034tTJ1","Organic Basics ApS","organicbasics.com"
"001F0000010dTpA","Total Quality Logistics","tql.com"
"001VK0000042tZG","Pilgrim A/S","pilgrim.net"
"001VK00000gZDiM","The Digital Chamber","digitalchamber.org"
"001VK00000HVGy0","East Forest Technologies","eastforest.se"
"001A000000cnFO0","NYC Department of Education","schools.nyc.gov"
"0012A00002arIgi","Moss Adams","mossadams.com"
"001F0000017GMN6","Lonza","lonza.com"
"0012A00002XSHIe","Munich Re Group","munichre.com"
"0012A00002BmYHv","Option Care Health","optioncare.com"
"001VK00000cisa5","iDeals","idealscorp.com"
"0012A00002Bn5wp","Danone","danone.com"
"0013j00002mces6","Town of Dedham","dedham-ma.gov"
"001F0000010dTsE","Wynn Resorts","wynnresorts.com"
"001VK000005RO1p","Johnson & Johnson Vision","jjvision.com"
"0012A00002BnVOX","iDrive","idrive.com"
"001F000001aaf3r","BetterHelp","betterhelp.com"
"001VK00000AeTyP","Sif Jakobs Jewellery","sifjakobs.com"
"0012A00001vaUxb","3Shape","3shape.com"
"0012A00002EwoK4","Monese","monese.com"
"0013j00003ALmRD","SCP Europe","scpeurope.com"
"0012A00002Xp0dD","State of Indiana","in.gov"
"0013j00002yb5iS","Wisetack","wisetack.com"
"001VK000007lfH4","bisgaard sko a/s","bisgaardshoes.com"
"0012A000021Ipo4","Life Fitness","lifefitness.com"
"001F000001qOwmg","Shoe Show","shoeshow.com"
"001VK000003st7a","Pennsylvania Medicaid","dhs.pa.gov"
"0013j00002mbuTe","Greenhouse.io","greenhouse.com"
"0013j000037iKdu","The Access Group","theaccessgroup.com"
"0012A00002Bp5Xq","Momenta","momentaglobal.com"
"0013j00003ANOms","City Of Edwardsville","cityofedwardsville.com"
"0012A00002ZeM9L","MAN Energy Solutions SE","man-es.com"
"001F000001ll9eN","O'Neill","oneill.com"
"001VK00000eAmVt","Vicarious","vicarious.com"
"0013j00002yatSS","Vethem","vethem.se"
"001VK00000jmW3o","Talkoot","talkoot.com"
"0013j00002cTsWr","UpKeep","onupkeep.com"
"001VK00000cytWs","gwplc.com","gwplc.com"
"0013j00002yabv4","MIS Implants Technologies","mis-implants.com"
"0012A00002AghRp","Consilio LLC","consilio.com"
"0012A000021JYLa","Royal Canin","royal-canin.com"
"0012A00002Ev9i6","Carta","carta.com"
"0012A00002Z1aQL","Aledade, Inc.","aledade.com"
"001VK00000fI4n7","Detail","detail.co"
"001F0000017GMRM","Joyson Safety Systems","joysonsafety.com"
"0012A00001vZf8l","Grammarly","grammarly.com"
"0013j00002meOnk","Canadian Commercial Corporation","ccc.ca"
"0013j00002yaG9x","Cribl","cribl.io"
"001F0000017GM0a","John Crane","johncrane.com"
"0013j00003ALcAw","Cree LED","cree-led.com"
"001VK000007lauu","Onion mash","loegismose.dk"
"001F000001N2AdJ","Greenhouse Software","greenhouse.io"
"001F000000p8PG1","Tesla","tesla.com"
"0013j00002ybYxr","Marshmallow","marshmallow.com"
"001F0000017GN4I","Redis","redislabs.com"
"0012A00002Bn0Fq","Opendoor","opendoor.com"
"001F0000017GMlA","Harp's Food Stores, Inc.","harpsfood.com"
"001F000001qOwlu","Rokt","rokt.com"
"0013j00002bAByf","Edrington","edrington.com"
"0013j00002ybE0f","CloudWalk","cloudwalk.io"
"001F0000010dToZ","Tetra Tech","tetratech.com"
"0012A00002U1Z42","Nikola Motor Company","nikolamotor.com"
"0012A0000284ai8","D-Link","dlink.com"
"0013j00002cUH0E","NTT Data Business Solutions","nttdata.com"
"0013j00002cTtMW","Flo Health Inc.","flo.health"
"0013j00003ALYrM","Airbyte","airbyte.com"
"0013j00002yc6h7","Thermo King","thermoking.com"
"001F0000017GMNo","Gerber","gerber.com"
"0013j00002yac0i","Bisnode","bisnode.com"
"0012A00002AghPC","Investis Digital","investis.com"
"0012A000021IhrR","Suncoast Credit Union","suncoastcreditunion.com"
"0013j00002bCD2h","Fabric","getfabric.com"
"0013j000037iPNS","BNL Gruppo BNP Paribas","bnl.it"
"001VK00000BDfqD","Jo Malone","jomalone.co.uk"
"0012A00001rJt5G","StockX","stockx.com"
"001VK00000VDSmE","Raiffeisen Bank International AG","rbinternational.com"
"001F0000010dTVQ","Wesco","wesco.com"
"0013j00002c2Ith","Touchplan","touchplan.io"
"001VK00000VDyCb","Intel Corporation","intel.com"
"001F000001Gzczb","mytheresa.com","mytheresa.com"
"0013j00002meOfG","Protective Asset Protection","protectiveassetprotection.com"
"001VK00000bwhCB","The Absolute Group","absolut.com"
"001F0000010dTY9","NAPA Auto Parts","genpt.com"
"0013j00002ybE08","ABL Space Systems","ablspacesystems.com"
"001F0000010dTjA","Protective Life","protective.com"
"001F000001N2AXr","Mdlive","mdlive.com"
"0013j000037iMJw","Young Life","younglife.org"
"0013j00002mc8mF","Florida Department of Financial Services","myfloridacfo.com"
"001VK00000i4kR9","Grain Farmers of Ontario","gfo.ca"
"0013j00003ALmMx","PLAYWAY","playway.com"
"0013j00003AMrT2","Phemex","phemex.com"
"001F000000p6q4O","Robert Half","roberthalf.com"
"001VK00000R815p","Innovative Trials","innovativetrials.co.uk"
"0013j00003GVELD","ALDI SUED","aldi-sued.de"
"001F000001GMVpf","Epidemic Sound","epidemicsound.com"
"0013j00002mc9GI","Ingham County","ingham.org"
"0013j00002cUPMM","Gallagher Security","gallagher.com"
"0012A00002T74hm","Kognity","kognity.com"
"001VK00000f6DMN","Krahn Specialty Fluids","krahnspecialtyfluids.com"
"0013j00002ybdcr","Material Exchange","material-exchange.com"
"0013j00002cUJsr","LabelBox","labelbox.com"
"001F000000yHRWV","FUJIFILM Sonosite, Inc.","sonosite.com"
"0013j00002mc8m1","Oakland County","oakgov.com"
"001F0000010dTgE","New York Community Bank (NYCB)","mynycb.com"
"0013j00002mafVp","Configura","configura.com"
"001VK00000gu8ac","Medovent Solutions","medoventsolutions.com"
"0013j00003GVSgN","Seco Tools","secotools.com"
"001F000001abTTm","Trainline","thetrainline.com"
"001VK000003st7r","Iowa Medicaid","hhs.iowa.gov"
"0012A000021JYLk","Deutsche Bahn Connect GmbH","deutschebahn.com"
"0013j00002yc1DB","AB Trav och Galopp ( ATG )","omatg.se"
"0013j000034t2xi","BICO","bico.com"
"0013j00002cTUZs","Hitachi Rail","hitachirail.com"
"0012A00002MLAiF","BetterUp","betterup.com"
"001VK00000HmnhQ","Pigello","pigello.se"
"0013j000034sLoZ","Roadpost","roadpost.com"
"0013j00002ycEa0","Goldcast","goldcast.io"
"001VK00000bqiqt","Pulzo.com","pulzo.com"
"001F0000017GNJU","Everbridge","everbridge.com"
"0012A00002QsXm3","Hoist Group Ltd","hoistgroup.com"
"001F0000014ruKG","Quest Software","quest.com"
"001F000001HalOO","Ridestore","ridestore.com"
"0013j00003ALmRa","SWISS BENEVOLENT SOCIETY","sbsny.org"
"0013j000031uLIS","The Habit Burger Grill","habitburger.com"
"0013j00002mc8co","State of Louisiana","la.gov"
"001VK000006gqQA","BGO","bgo.com"
"001VK00000cwNrF","UCLL","ucll.be"
"001VK000009bVu5","Iveco Magirus AG","iveco.com"
"001F000000f5SdS","CDW","cdw.com"
"001F0000010dTqq","VF Corporation","vfc.com"
"0013j00003GVXxS","HOLZKERN","holzkern.com"
"0012A00002Bn6W1","Fiege","fiege.com"
"0013j00002cULJf","World Vision International","wvi.org"
"0013j00003ALs8f","Stardust","stardust.gg"
"001VK00000IoLgP","Blueberry Markets","blueberrymarkets.com"
"0013j00003ANOpv","City of Portland, Texas","portlandtx.com"
"0012A00002EwESJ","NetEnt","netent.com"
"0012A00002Z1bpH","CouponFollow","couponfollow.com"
"001VK00000EEMbi","Flex","flex.com"
"001F000000itlmW","Shopify","shopify.com"
"001F0000017GMUm","Ben E. Keith Foods","benekeith.com"
"0012A000021Htst","YETI","yeti.com"
"0012A00002Qutpu","Chargebee","chargebee.com"
"0013j00002bBh6u","Doctrin","doctrin.se"
"0013j000037iIxp","NeueHealth","neuehealth.com"
"0013j00002ycDo8","Inspari A/S","inspari.dk"
"001F000000r3AjV","FireEye, Inc.","fireeye.com"
"001VK00000FDyiT","Pura","pura.com"
"001VK00000RiICq","lululemon","lululemon.com"
"0012A00001vZXIZ","Childrensalon","childrensalon.com"
"0012A00002RN0hA","LINDBERG","lindberg.com"
"0013j00002mcIAw","State of Oregon","oregon.gov"
"001F000000vYZV4","Lear Corporation","lear.com"
"001A000000LyR7S","Scribd","scribd.com"
"001VK00000VKett","AvidXchange, Inc.","avidxchange.com"
"0012A00002ZpIo5","DFCU Financial","dfcufinancial.com"
"001VK00000c7ZrH","LinQ Media Group","linqmg.com"
"001VK00000gu4lV","ATTAC Consulting Group (ACG)","attacconsulting.com"
"0013j00003GVLwY","Bob W.","bobw.co"
"001VK000004obOf","Exopen","exopen.se"
"001F0000011nzTe","Falcon.io","falcon.io"
"0013j00003GYY1o","IUS innovation AB","iusinnovation.se"
"001F0000010dTUj","Diversey Canada, Inc","diversey.ca"
"0012A000021Hr2Q","Boxed","boxed.com"
"001F000000s0ClF","T. Rowe Price","troweprice.com"
"0013j00003ANOq5","Housing Authority of the City of Austin","hacanet.org"
"0013j00002mcjrL","Pulsen","pulsen.se"
"0013j00002mc8py","Port of San Diego","portofsandiego.org"
"001F000000zRCP3","Medallia","medallia.com"
"001VK0000015aIP","ParentPower Public Benefit Corp","ready4k.com"
"0013j00002mcMff","Grape Street Digital LLC","nexstardigital.com"
"001F000000vYYuB","Donaldson","donaldson.com"
"001F000001rq2vM","JumpCloud","jumpcloud.com"
"0012A00002IhNFk","DigiCert","digicert.com"
"001F0000010dTls","Selective Insurance Group","selective.com"
"0013j00002bA8c1","Exyte","exyte.net"
"0013j00002bALuK","Mango","mango.com"
"001A000000aHLlc","Equinix","equinix.com"
"001VK00000YrGfm","National Nail","nationalnail.com"
"0013j00002bALbJ","Vitro","vitro.com"
"0012A00002Bn6Lw","Velcro Belgium NV","velcro.co.uk"
"001F0000010dTcc","Kwik Trip","kwiktrip.com"
"001VK00000gvDMy","Health Choice Utah","healthchoiceutah.com"
"001A000000WPP0m","Evernote","evernote.com"
"001VK00000iifMO","VeraData The Donor Science Company","veradata.com"
"0012A00002Z1axt","State of California","ca.gov"
"0012A00002aoK8P","Bolt Financial, Inc","bolt.com"
"0012A00002ZbFFu","LetsGetChecked","letsgetchecked.com"
"001F000001DWUNr","Narrative","getnarrative.com"
"001F000001Ij8Ip","Vodafone","vodafone.com"
"0013j00002mcwdT","Minna Technologies","minnatechnologies.com"
"0013j00003ALmMO","Mininavident AG","mininavident.com"
"001VK00000Cb2De","Medisca","medisca.com"
"001F000001AwSQ9","King County, WA","kingcounty.gov"
"0013j00002ya1ae","FIA Formula E","fiaformulae.com"
"001A000000axmbd","Cricket Wireless","cricketwireless.com"
"0012A00002BneO6","House of Dagmar","houseofdagmar.com"
"001VK00000erD6c","SURU ? Part of LIXIL","suru-water.com"
"0013j00002cRcbu","Arcus","arcusfi.com"
"0013j000034tPz2","Payfare Inc.","payfare.com"
"001VK00000dxMdy","Newberry College","newberry.edu"
"0013j00002yYyOD","Employment and Social Development Canada","canadastop100.com"
"0012A00002Bn6HY","SCC","scc.com"
"001F0000010dT5A","Intarcia Therapeutics, Inc.","intarcia.com"
"0013j000031vZJY","Maniere De Voir","manieredevoir.com"
"001F000001mbM5t","BMJ","bmj.com"
"0012A0000284a4S","Kuehne+Nagel","kuehne-nagel.com"
"0012A00002ZpJR9","Indiana State University","indstate.edu"
"0012A00002ZpJ59","GoodRx","goodrx.com"
"0013j00002yauPN","Reynaers Aluminium","reynaers.com"
"0012A00002Ju9P7","IG Group","iggroup.com"
"001F0000010dTgj","NTT DATA Europe & Latam","nttdata.com"
"0012A00002ZpIfI","Digital Federal Credit Union","dcu.org"
"0012A00002Bmn9R","SonarSource","sonarsource.com"
"0013j00003ANOk7","Ventura County Sheriff?s Office","venturasheriff.org"
"001F0000017GNKs","PharmMD","pharmmd.com"
"0012A00002apIOk","Publicis Media","publicisgroupe.com"
"0013j00002cSqtU","Sidecar Health","sidecarhealth.com"
"001F0000010dTas","Ingredion Incorporated","ingredion.com"
"001VK00000IbHab","SkillOnNet","skillonnet.com"
"0012A00002aI2oD","Genesis","genesishcc.com"
"0013j00002mc8dm","Florida Department of Children and Families","myflfamilies.com"
"0012A00002869rb","Zoox","zoox.com"
"0012A00002RLCMB","ByteDance","bytedance.com"
"0012A00002KKU7o","Airtable","airtable.com"
"001F0000017GMIv","Hach","hach.com"
"0012A000021J49g","GM Financial","gmfinancial.com"
"0012A00002Tztib","Business Finland","businessfinland.fi"
"001VK00000WUQIc","City of Chattanooga","chattanooga.gov"
"0013j00002cTZHN","Expondo","expondo.de"
"001VK00000gu4jt","Healthworx","healthworx.com"
"0013j00002bAE2w","Vizient Inc.","vizientinc.com"
"0013j00002mc8tZ","Illinois Comptroller","illinoiscomptroller.gov"
"001F000000gufxC","Frontier","flyfrontier.com"
"0013j000034t2LD","Optimism","optimism.io"
"0012A00002Zph4D","Matillion","matillion.com"
"001F000001LFQsT","VitalSource","ingramcontent.com"
"001F000001JAld7","Jumbo Supermarkten","jumbo.com"
"001F000001W9g2W","Emirates","emirates.com"
"001A000000cmvPJ","The Church of Jesus Christ of Latter-day Saints","churchofjesuschrist.org"
"0013j000034rwiv","1NCE GmbH","1nce.com"
"001VK000007lbNS","SkÂnska Byggvaror AB","skanskabyggvaror.se"
"0012A00002Bneco","Namirial","namirial.com"
"001VK00000342B8","Volkswagen","volkswagen-newsroom.com"
"0013j00003ALmRU","Standard Life Assets & Employee Services Ltd","standardlife.co.uk"
"0012A00002TzpCN","Telesat","telesat.com"
"001F000000xLRzc","Dunkin'?","dunkinbrands.com"
"001F0000010dTRa","Constellation Brand","cbrands.com"
"0013j00002yaTcT","Decerno AB","decerno.se"
"001F000001dtCcM","Smiths Medical","smiths-medical.com"
"0013j000034t3cY","Okendo","okendo.io"
"0013j00002cSr6O","Health Catalyst Inc","healthcatalyst.com"
"001VK00000Adc4V","Allen & Overy","aoshearman.com"
"0013j00002cTx05","Wrigley","wrigley.com"
"001VK00000UB2bx","Freedom Broker","ffin.kz"
"0013j000034tSeG","Oh Polly","ohpolly.com"
"001A000000ImyWb","Crunchyroll","crunchyroll.com"
"0013j00002yaGP3","McCann Worldgroup","mccannworldgroup.com"
"0013j00002yaGTv","Mercado Bitcoin","mercadobitcoin.com.br"
"0013j00002yaBl4","Coinfirm","coinfirm.io"
"0012A00002aHzqV","DENSO Products and Services Americas, Inc.","denso.com"
"001A000000dTZc6","Glassdoor","glassdoor.com"
"001A000000bD1Rf","Indeed","indeed.com"
"0012A00002Bne6y","Sana Commerce","sana-commerce.com"
"0012A000021J4Ll","ThoughtWorks","thoughtworks.com"
"0013j00002ybyDg","Rains","rains.com"
"001VK000007lazC","Jacobsen Plus A/S","jacobsenplus.dk"
"001VK00000c02IT","BWH Hotels - Scandinavia","bwhhotels.se"
"001VK00000dnBAO","Dataro","dataro.io"
"001VK00000VBb2a","Stanford University","stanford.edu"
"0012A0000285SFC","Bringg","bringg.com"
"0013j000031voWI","Bitwise Asset Management","bitwiseinvestments.com"
"001VK000007lgi6","BINO Products LLC","binoproducts.com"
"001F0000010dTQm","Brown-Forman","brown-forman.com"
"0012A00002TzrHD","Coface","coface.com"
"0012A00002N86ke","Calm","calm.com"
"0012A00002N5swX","IKEA","ikea.com"
"0012A00002apjHm","BitMEX","bitmex.com"
"001F000000zA33H","Viavi Solutions","viavisolutions.com"
"001F000000j8QSp","Axon","axon.com"
"001F000001rpEXj","TritiumÆ","tritiumcharging.com"
"0013j00002cTJGU","Flipdish","flipdish.com"
"0012A00002ZodRr","John F. Kennedy Center for the Performing Arts","kennedy-center.org"
"001F000001o367h","Epic Games","epicgames.com"
"0012A00002BnZGx","Culture Amp","holzkern.com"
"0013j00002yb14Y","IMCD Group","imcdgroup.com"
"0013j00002yZNiK","Joint Communications Support Element","jcse.mil"
"001F000000i43OL","Shazam","shazam.com"
"0013j00003ALmNE","SAMVARDHANA MOTHERSON REFLECTEC","smr-automotive.com"
"001F000000hUK3K","CenturyLink","centurylink.com"
"0013j00002bBpgo","Insilico Medicine","insilico.com"
"001F000001N2AgM","Fundbox","fundbox.com"
"0013j00002mc0Xc","Wellspect HealthCare","wellspect.com"
"001F000000mEvTy","Waters Corporation","waters.com"
"0013j000034t0dA","Leyton","leyton.com"
"001VK00000elTHO","PTC","sciquest.com"
"0013j00002ybVZT","Nava","navapbc.com"
"0012A0000286JJp","Camper","camper.com"
"0012A00002Bn6Fk","Wave","waveapps.com"
"001VK00000gvOv3","Managed Care Resource Alliance","managedcarealliance.org"
"0012A00002TztRk","Codan Rubber Danmark A/S","codan.com"
"001F000000uDabS","SMART Technologies","smarttech.com"
"0013j00002bAKvf","Patterson Dental","pattersondental.com"
"001VK00000OxLXJ","Deribit","deribit.com"
"001VK00000Af2Hs","Insta","insta.fi"
"0013j00003GUzte","VENZA","venzagroup.com"
"0013j00003ALmRY","Sunseed Research LLC","sunseedresearch.com"
"001VK00000eSR6I","Kidde Global Solutions","kiddeglobalsolutions.com"
"001A000000e6Y4l","Redfin","redfin.com"
"001F000001N2Af4","Rocket Software","rocketsoftware.com"
"0013j000034uDEj","Pratt & Whitney","prattwhitney.com"
"001F000000txlC8","Raymond James","raymondjames.com"
"0012A000021Ikhy","Genetec","genetec.com"
"0013j00002bA2gs","Reef Technology","reeftechnology.com"
"001F0000010dT6O","Kyruus","kyruus.com"
"001VK000007lexi","MnO International AB","mno.se"
"0013j00003AMBG6","Arkestro","arkestro.com"
"001VK00000gu9TS","Valaura Health","valaura.ai"
"001VK00000bhHjR","Phaedon","wearephaedon.com"
"0013j00002cTZWI","Logset Oy","logset.com"
"0013j00002ybeca","Ankorstore","ankorstore.com"
"0013j000037iNbc","Hydrogenics","hydrogenics.com"
"0012A00002Tzqt0","Danish Crown","danishcrown.com"
"001F000000v5l4S","Venmo","venmo.com"
"0013j00003JrMfs","Acquarama","aquarama.it"
"0013j00002mc92q","City of Modesto","modestogov.com"
"001F0000017GN1h","Fastly","fastly.com"
"0012A000021Ihqp","Thomson Reuters Corporation","thomsonreuters.com"
"0013j00002ybJwo","Columbia Sportswear Company","columbiasportswearcompany.com"
"001F000000kSPNA","Man Trucks","man.eu"
"001F000001N2AiA","Sunnova Energy","sunnova.com"
"0013j00002yc28w","Bluestep Bank","bluestep.se"
"001VK000005FVGl","M2","m2.com"
"0013j000031vwRp","Habi","habi.co"
"001F0000017GMJS","Modis","modis.com"
"001VK00000e4r57","MultiBank Group","multibankfx.com"
"001F0000010fooB","Devo","devo.com"
"0012A000021J4Kr","Tailored Brands","tailoredbrands.com"
"0013j00003GVWyN","Asimov","asimov.com"
"0012A00002Tzqs8","Gestamp","gestamp.com"
"0013j00002mdrmj","SkyHive","skyhive.io"
"001VK00000eSBw0","Innovobot Labs","innovobotlabs.com"
"001VK000005Ppqy","Aonic","aonic.co"
"0013j00002cRdFi","Cityblock Health","cityblock.com"
"001F000000tx8v8","Scopely","scopely.com"
"0013j00003GV8KX","Swisscom","swisscom.ch"
"001F0000010dTPf","Mahle","mahle.com"
"001VK00000UmxVy","Ecco Shoes","ecco.com"
"001VK00000iifMQ","Travel Spike","travelspike.com"
"0013j000031vihL","Clubhouse","joinclubhouse.com"
"001VK000003st8w","Attorney General Alaska","law.alaska.gov"
"0013j000031wB8m","Payhawk ? Business spend, reinvented.","payhawk.com"
"001F000001Cuk28","Applause","applause.com"
"0013j00003GV9fs","Alliance Healthcare","alliance-healthcare.com"
"0012A00002YMiwc","Akulaku","akulaku.com"
"001VK00000WZ9kT","SEM International","seminternational.com"
"001VK00000HzQ6B","Maison Francis Kurkdjian (LVMH)","franciskurkdjian.com"
"001F000001qPkTK","Neuberger Berman","nb.com"
"001VK000002g0PK","CHINA EXPERIENCE","china-experience.com"
"0013j00002mcaEn","Riksbyggen","riksbyggen.se"
"0012A00002S9Tiw","Udaan","udaan.com"
"0013j00002bAAgX","Commify","commify.com"
"0012A00002JbgkX","Nordic Games","thqnordic.com"
"0012A00002TyX74","Samtec","samtec.com"
"0013j00002meOgq","Canadian Partnership Against Cancer","partnershipagainstcancer.ca"
"0012A00002ZpImr","MIDFLORIDA Credit Union","midflorida.com"
"0013j00002yawsy","Egmont Publishing","egmont.no"
"001F000000g6uaV","Reddit","reddit.com"
"001F000000t3fTU","Scania Group","scania.com"
"0013j00003AOqkk","Priceless","priceless.com"
"0013j00003ALmQg","One IMS","oneims.com"
"0013j00002bA0lq","LEO Pharma","leo-pharma.com"
"0012A00002ZIdDa","Bolt","bolt.eu"
"0013j000037iOC4","CDM Media","cdmmedia.com"
"0012A00001vaMkV","KeepTruckin","keeptruckin.com"
"0013j00003ALmN8","Rendezvous Canada","rendezvouscanada.ca"
"0013j00003AOqVG","Atod AB","atodab.com"
"001VK00000ZHYNl","John Henric","johnhenric.com"
"0012A00002Bn6UC","Webhelp","webhelp.com"
"0013j00002mbkqg","Kindred Group","kindredgroup.com"
"001F000001W9fsW","LG Electronics","lge.com"
"001VK00000UMeLi","Free People","freepeople.com"
"0013j00002ycDAA","BabySam","babysam.dk"
"001VK00000XamW9","Tecan","tecan.com"
"0013j000037iV5x","3Commas.io","3commas.io"
"0012A000021J4Jk","Skype Communications SARL","skype.com"
"001F000000f55sK","Getty Images","gettyimages.com"
"001VK00000GVX1n","TP-Link Systems","tp-link.com"
"0013j00003AOAGc","ESCP Europe","escp.eu"
"001VK00000Aeo3h","LG Electronics","lg.com"
"001VK000004rQlK","factorial","factorial.co"
"0013j00002mc9AW","MedStarSoMD","medstarsouthernmaryland.org"
"001F0000017GMUp","Logicalis Brasil","logicalis.com"
"001F000001pKHug","Petrofac","petrofac.com"
"001F000001teBuD","W¸rth Group","wuerth.com"
"001VK00000R69E0","Skincity","skincity.com"
"0013j000034uIsQ","Pumpkin","pumpkin.care"
"001VK00000fDXJY","Premier Focus Translations","yourtranslation.agency"
"0013j00002ybuki","Knauf","knauf.com"
"001F000000vYYtt","Compuware Corporation","compuware.com"
"001VK000007xp5q","Beko Europe","bekoeurope.com"
"0013j00003GVb19","AES","aes.com"
"0013j00002bBnOh","Amount","amount.com"
"001VK000006QW2Q","Bosch Magyarorsz·g","bosch.hu"
"001VK00000eNLHd","Godsey & Gibb Wealth Management","godseyandgibb.com"
"0013j00002bA8w2","Cegid Retail","cegid.com"
"0012A00002XU3vD","The Carbon Trust","carbontrust.com"
"0012A00002Ew19o","Diehl Group","diehl.com"
"0013j00003JrEoe","Soundtrap","soundtrap.com"
"0013j000034tOG2","NTT DATA Business Solutions - US","nttdata-solutions.com"
"0012A00002TzrDG","ÿrsted","orsted.com"
"0013j00003JpHBt","Brothers AB","brothers.se"
"0013j00002ybtx2","WCG Clinical Services","wcgclinical.com"
"0013j000037iKtf","Mattel","mattel.com"
"001VK000006iWyQ","Paragon Tech","paragoncto.com"
"0013j000034sw2s","Candy Digital","candy.com"
"0013j00002cUB7B","Gategroup","gategroup.com"
"0013j00002ybfzk","Just Eat Takeaway.com","justeattakeaway.com"
"0013j00003GV9oe","Riverty","riverty.com"
"001VK000005CPFw","Think Huge Limited","thinkhuge.net"
"001F0000013tl8m","Xiaomi Technology","mi.com"
"001A000000bCQ0M","Marriott International","marriott.com"
"0012A00002VAxYq","UserTesting","usertesting.com"
"0013j00002yZB2C","Brightside Mental Health","brightside.com"
"001VK00000VNP4F","Sprint","sprint.com"
"0013j00002bA8zV","Region Stockholm","investstockholm.com"
"001VK00000VHc2D","Pentair","pentair.com"
"0012A000021JYKh","RÈmy Cointreau","remy-cointreau.com"
"001F000001LBhdw","DiDi","didiglobal.com"
"0013j000031ueIb","METRO AG","metroag.de"
"001F000000t4n4A","Kaplan","kaplan.com"
"0013j00002yacC0","ICA AB","ica.se"
"0013j00003GVWhg","Svenska Dagbladet","svd.se"
"001F000000ifrkR","Prada","prada.com"
"0012A0000286IAj","Slalom","slalom.com"
"0012A00002Et1gn","Viessmann","viessmann.com"
"0012A0000285krH","(USTA) United States Tennis Association","usta.com"
"0013j00002mbgHd","Orkla Sverige","orklafoods.se"
"0013j00002ycJtL","QleanAir Scandinavia AB","qleanair.com"
"0013j00002ycKfV","3 Danmark","3.dk"
"001F000000qoSSv","Walmart","walmart.com"
"0012A00001rIYZW","Fishbrain","fishbrain.com"
"0012A000021JYKy","Manchester United","manutd.com"
"001F0000010dTgt","Oceaneering","oceaneering.com"
"0013j00002ybY3v","Augusta, Georgia Government","augustaga.gov"
"0013j00002cRdyK","State of New Hampshire","nh.gov"
"0013j00003ANxNG","Ogilvy","ogilvy.com"
"0012A00002NoY8T","First Tech Federal Credit Union","firsttechfed.com"
"0013j00002cTv3h","UpCloud","upcloud.com"
"0012A00002TzrDN","Pepperl+Fuchs","pepperl-fuchs.com"
"0013j000034t2Y9","Grupo Abril","grupoabril.com.br"
"0012A00002WZaw6","Solvvy","solvvy.com"
"0012A00002asHGq","Randall-Reilly","randallreilly.com"
"001F0000010dTS4","Chipotle Mexican Grill","chipotle.com"
"0013j00002ybILD","Veo Technologies","veo.co"
"0012A00002EvhSJ","Mott MacDonald","mottmac.com"
"0012A00002XmOeF","Century 21","century21.com"
"0013j000037iLyX","Bloomberg Media","bloombergmedia.com"
"001F000000puN0z","Agilent Technologies","agilent.com"
"001F000001aXwsa","veeam","veeam.com"
"0012A00002aGnFj","Athena Health Care Systems","athenahealthcare.com"
"0012A000021J44V","Bluetooth SIG","bluetooth.com"
"001VK000007vpNe","InnoScan A/S","innoscan.dk"
"0012A00002Bn0e3","Torry Harris Integration Solutions","torryharris.com"
"001F000000g9Z48","Coca-Cola","coca-colacompany.com"
"001F0000010dTWV","Fastenal Company","fastenal.com"
"0013j00002bALVm","Health Canada | SantÈ Canada","hc-sc.gc.ca"
"0012A00002ZHlra","BostonGene","bostongene.com"
"0012A00002NrJxY","IL Makiage","ilmakiage.com"
"0013j00002cUTdR","DoiT International","doit-intl.com"
"001F000001LwPp7","FerBuy Online Payments","ferbuy.com"
"001F000001HZi4n","bol.com","bol.com"
"001VK00000DsnnR","Bluestar Alliance","bluestaralliance.com"
"0013j00003GV6Wu","Sopra Steria","soprasteria.com"
"0012A00002Bn6Qa","DEIF A/S","deif.com"
"0013j00002mbszJ","Mobile Industrial Robots A/S","mobile-industrial-robots.com"
"001F0000010dTmc","Smithfield Foods Inc.","smithfieldfoods.com"
"0012A00002TyP6R","moneymanagement.org","moneymanagement.org"
"001F0000010dTVo","EOG Resources","eogresources.com"
"0013j00003ANWTE","Elevate Outdoor Collective","elevateoutdoorcollective.com"
"0013j00002mcBZb","SonderMind","sondermind.com"
"0013j00002yYyWm","City of Richmond, Virginia","rva.gov"
"0013j00003AONxj","Omnicell","omnicell.com"
"0013j00002ybBiN","Blink Helsinki","blinkhelsinki.fi"
"001F000001qF1zL","CitroÎn ÷sterreich","citroen.com"
"001F000001FDGPL","Partnerize","partnerize.com"
"001F0000010dTK4","Workiva","workiva.com"
"0012A00001rJVue","Telnyx","telnyx.com"
"0013j000034uD8O","State of South Dakota","sd.gov"
"001F0000010dTWb","Freeport","fcx.com"
"001VK00000iMYXx","MALK Organics","malkorganics.com"
"0012A00002ZI4Es","Alumil S.A.","alumil.com"
"0012A00002Ij6Rf","Odoo","odoo.com"
"0012A00002aqrgq","Trax","i-trax.solutions"
"001VK00000e8t3Z","Winners Merchants International L.P.","tjxcanada.ca"
"0013j00002cTUl0","BCD","bcdme.com"
"0013j00002cSr8j","PlanetScale","planetscale.com"
"001F0000010dTYo","Greif","greif.com"
"001VK00000kCjzs","ExactCare","exactcarepharmacy.com"
"001F000000vYZVp","Northrop Grumman","northropgrumman.com"
"001F000000vYZVr","OSHKOSH BGOSH","oshkosh.com"
"0013j00002mc7Pp","Zacco","zacco.com"
"001F0000010dTMb","Affinia Group Intermediate Holdings Inc.","mann-hummel.com"
"001F000001o3J0u","Hyster-Yale Group","hyster-yale.com"
"001F000001N2AZK","Trov","trov.com"
"001F000000sgk0B","Aptiv","aptiv.com"
"001F0000017GMIt","Seabourn Cruise Line Limited Inc.","seabourn.com"
"0012A00002XRglL","Concentrix","concentrix.com"
"0013j00002meOgh","Alvogen","alvogen.com"
"001VK00000XCBSv","Tcn","tcn.com"
"001VK00000V7CYB","Teleperformance","teleperformance.com"
"001VK00000ZRrYj","Framingham Public Schools","framingham.k12.ma.us"
"0012A000021K3ju","Chloe","chloe.com"
"001VK00000gusgg","HEALTHVISIONS MIDWEST INC","hvusa.org"
"0013j00003ALmRQ","SOURCE COMMUNICATIONS","sourcead.com"
"0012A00002VAwbA","Instabug","instabug.com"
"001F0000010dTpn","UniFirst Corporation","unifirst.com"
"0013j00002yZysN","Distrokid","distrokid.com"
"0012A00002TzsOI","Energinet","energinet.dk"
"0013j00002ybnqU","IFCO SYSTEMS GmbH","ifco.com"
"0013j00002bA3x3","CVS Health","cvshealth.com"
"0012A00002RN19O","V-Ray India","chaosgroup.com"
"0013j00002yZMnk","Orange County Department of Education","ocde.us"
"0012A00002T9MLg","iA Financial Group","ia.ca"
"001VK00000bhGh1","Health Connect Partners (HCP)","hlthcp.com"
"0013j00002ybd4t","TMF Group","tmf-group.com"
"001F000000pXQeC","Michaels Stores","michaels.com"
"001F000001W9fu3","redbull","redbull.com"
"0012A00002Tzryt","DiaSorin Molecular LLC","diasorin.com"
"001F00000138GWo","Yotpo","yotpo.com"
"0013j000037iP75","Noble Corp Plc","noblecorp.com"
"0013j00003ALmNJ","SCIVAC","scivac.it"
"0013j00002ycDCk","Tactile Games","tactilegames.com"
"0012A00002Bn6MY","Endress+Hauser Group","endress.com"
"0012A000021Ie11","Doka","doka.com"
"0012A00001rKEwZ","Dataiku","dataiku.com"
"0013j00003ANOkA","City & County of San Francisco","sf.gov"
"0013j000031vjnZ","Nova Talent","novatalent.com"
"001F0000017GMoJ","GLOBALFOUNDRIES","gf.com"
"001F000000osfZN","NI (National Instruments)","ni.com"
"0012A00002aptXD","Challengermode","challengermode.com"
"001F000001HaQpo","Thoma Bravo","thomabravo.com"
"001VK00000D1Sly","Disprz","disprz.ai"
"0013j00002ybu1A","SprintRay","sprintray.com"
"001VK00000VPJQe","Nintendo","nintendo.com"
"001F000000vb1uR","USDA","usda.gov"
"0012A00002V9KwY","Bob's Discount Furniture","mybobs.com"
"0013j00002mcCxY","EuroChem","eurochemgroup.com"
"001F000000vsHcA","Seamless Distribution Systems AB","seamless.se"
"001F000000rZZYo","Volkswagen of America, Inc","volkswagen.com"
"0013j00002ycKkl","JIFU TRAVEL","jifu.com"
"001F000001N2AP6","braze","braze.com"
"001F0000010dTjO","Pure Fishing","purefishing.com"
"0012A00002ZHDFw","Allego","allego.com"
"0012A00002WXv4s","Capital.com","capital.com"
"0013j00002cTUY6","KWS Group","kws.com"
"001VK00000dI3zf","ReferWell","referwell.com"
"001F0000010dTSe","Commercial Metals","cmc.com"
"0013j000031vZTi","Eskalera Inc.","eskalera.com"
"001VK000007P0FL","Keilhauer","keilhauer.com"
"001VK00000enOdH","CourseArc","coursearc.com"
"001VK00000iVcxZ","Vast Globe Logistics LLC","vastglobelogistics.com"
"0013j000034tWKJ","Keyloop","keyloop.com"
"001VK00000V99YT","Tiffany & Co.","tiffany.com"
"001F0000017GMk4","Progress Software Corporation","progress.com"
"001F0000011oI6I","Emburse Chrome River","chromeriver.com"
"0013j00003ANOpt","City of Mansfield, Texas Municipal Government","mansfieldtexas.gov"
"0013j000034sHL5","SOURCE Global","source.co"
"001A000000YyqNc","The Weather Channel","weather.com"
"001F000000hWbi7","American Kennel Club","akc.org"
"0013j00002mbhQP","Naava","naava.io"
"001VK00000VTepq","Semrush","semrush.com"
"0012A00002Z1cTD","Champs Sports","champssports.com"
"0012A00002AgeFd","Docebo","docebo.com"
"0013j00003Jpk6F","Nelly","nelly.com"
"0013j00002bC72v","Securitize","securitize.io"
"001VK000007vnPO","Tactel AB","tactel.se"
"001F0000017GMmB","Amneal Pharmaceuticals","amneal.com"
"0012A00002TyTcm","Los Angeles World Airports","flylax.com"
"0013j00003JqxSN","Quaker Houghton","quakerhoughton.com"
"0013j000031vywJ","The Berner Group","berner.de"
"0013j000031uVE6","IFC - International Finance Corporation","ifc.org"
"0012A00001rJO6Q","Caudalie","caudalie.com"
"0013j000031w1xq","Berkshire Hathaway Specialty Insurance Berxi","bhspecialty.com"
"0013j00002cTsnf","Weee!","sayweee.com"
"0012A00002TV8qz","Rexroth","boschrexroth.com"
"001F0000010dTbo","Jos. A. Bank Clothiers","josbank.com"
"001VK00000PczVZ","Horizon Blue Cross Blue Shield of New Jersey","horizonnjhealth.com"
"0013j00002mcpNW","Material Bank","materialbank.com"
"0012A000021JF4C","Embisphere","decathlon-united.com"
"001VK00000Vs9Vy","WearOptimo","wearoptimo.com"
"001F000001rpNnd","Effectly AB","effectly.com"
"0013j00003GVNYJ","AVL","avl.com"
"001VK00000iHgMU","Tait Communications","taitcommunications.com"
"0013j00002ybTAk","Goalbook","goalbookapp.com"
"001VK00000fPEGU","BellRock Brands","mmbrandsinc.com"
"0012A00002Xmozy","Consensus","goconsensus.com"
"0013j00003ALTZ3","Exeger","exeger.com"
"001VK000003st8F","Attorney General Florida","myfloridalegal.com"
"0013j000037iO30","Merck Group","merckgroup.com"
"001F000000vsTGq","Modernizing Medicine","modmed.com"
"0012A00002Z1Eb2","NFP","nfp.com"
"001F0000010dTNw","Analog Devices","analog.com"
"0013j00003ANKIt","Health Care at Home","ontariohealthathome.ca"
"0013j00002yaGNl","PBS","pbs.org"
"001F0000010dTQK","Boeing","boeing.com"
"0013j00002ybY6c","City of St. Petersburg","stpete.org"
"001VK00000AxzBN","ALTEN Finland","alten.fi"
"0013j00002cRdqg","Lilt","lilt.com"
"001F0000010dTmm","Sonic Automotive","sonicautomotive.com"
"0012A00002AgacY","D¸rr","durr.com"
"0013j00002mbkuO","Anine BING","aninebing.com"
"0013j00002yYt0S","Oneida Nation Enterprises","onenterprises.com"
"001F000001N2ANm","Top Hat","tophat.com"
"001VK00000jgL9Q","Yepstr","yepstr.com"
"0013j000034t2Ie","Standard","standard.ee"
"0012A00002ZpKm1","IntelyCare","intelycare.com"
"0012A00002Agb90","Mux","mux.com"
"0013j00002mbtyv","Printful","printful.com"
"001F000001N2AWM","NantHealth","nanthealth.com"
"001F000001MXgJD","Trip.com Group","trip.com"
"0013j00003GVPsI","New Era Technology","neweratech.com"
"0013j000034rYuI","Spruce Health","sprucehealth.com"
"0013j00002mc8po","Cook County Government","cookcountyil.gov"
"001F0000017GNDl","Acumatica","acumatica.com"
"0012A000021JYKo","Third Bridge (formerly Cognolink)","thirdbridge.com"
"0013j00003JoltX","Kin HQ","kinhq.com"
"0012A00002XTsYm","Greater Than One","greaterthanone.com"
"0013j00002ybxgX","11 bit studios S.A.","11bitstudios.com"
"001VK000003st7s","Kansas Medicaid","kancare.ks.gov"
"0012A00002EvWwR","Raspberry Pi","raspberrypi.org"
"001VK000003st7i","Idaho Medicaid","healthandwelfare.idaho.gov"
"001F000001qOwu9","EPFL","epfl.ch"
"001F000001jMeBr","Schindler Group","schindler.com"
"0013j000034tit0","Prime Medicine","primemedicine.com"
"0012A00002TzsCO","L.E.K. Consulting","lek.com"
"0013j00002mc9g7","City of Covina","covinaca.gov"
"001F000001N2AQh","Forward Networks","forwardnetworks.com"
"0013j000037iOLC","FreshRealm","freshrealm.com"
"0013j00002ycJl5","Naviair","naviair.dk"
"0013j00003ANOl1","Sarasota County Government","scgov.net"
"0012A000021LBDT","Vestiaire Collective","vestiairecollective.com"
"0012A00002BmnE2","Wacai","wacai.com"
"0013j00003GYnlJ","Volvo Trucks North America","volvogroup.com"
"0012A00002SmQ3Y","AppZen","appzen.com"
"0013j00002mcV9V","Swegon Group","swegon.com"
"0012A000021J4AU","HH Global","hhglobal.com"
"0013j00002yc6gj","STENA LINE LTD","stenaline.com"
"0013j00002yacQJ","Neo4j","neo4j.com"
"0013j00003AMAcA","Learnlux","learnlux.com"
"001VK00000UmulN","LVMH","lvmh.com"
"0012A0000285qdC","Boom Supersonic","boomsupersonic.com"
"0013j00002yb5f9","Tokobagus","olx.co.id"
"0013j00003AMMhj","L3Harris Technologies","l3harris.com"
"001VK000002da69","NBC Sports","nbcsports.com"
"0013j00002mdxgK","Datamine","dataminesoftware.com"
"001VK00000fPGV0","Team Cymru","team-cymru.com"
"0012A00002apTYn","WAVE","wavexr.com"
"001F0000010dTW6","Everest","everestre.com"
"001F000001meMgs","4Life Research","4life.com"
"0013j00002yalST","Cambly Inc.","cambly.com"
"0013j00002bBnQT","Societe Generale Corporate and Investment Banking","societegenerale.com"
"001VK00000e7nTE","Siemens Mobility GmbH","pargfrieder.at"
"001F0000010dSte","Anaplan","anaplan.com"
"0013j000031vazZ","Apple - Featured Content","apple.com"
"0013j00003GVWUa","Lippert","lippert.com"
"0013j00003AMuWH","RenaissanceRe US Group","renre.com"
"0012A0000285mgU","VanEck","vaneck.com"
"0013j000037iNex","Wolseley Canada Inc.","wolseleyinc.ca"
"001VK00000d0kFi","Fullcast, Inc.","fullcast.com"
"0013j00002ybyiI","Parkinson's Foundation","parkinson.org"
"0013j00003GVWSJ","Embr Labs","embrlabs.com"
"0012A00002Bn67q","Aptos Retail","aptos.com"
"0012A00002XTSlA","United Nations","un.org"
"0012A00002XU3ER","BioNTech","biontech.de"
"001VK00000guwPK","HealPros","healpros.com"
"001F000000xPeWn","Mouser Electronics, Inc.","mouser.com"
"0012A00002XQPdW","AveXis","avexis.com"
"0012A00002Tzqrq","Dr?xlmaier Group","draexlmaier.com"
"0013j00003AMMt4","Bitdeer","bitdeer.com"
"0012A00002KAMos","State of Vermont","va.gov"
"001VK00000bhGxE","SendSafely","sendsafely.com"
"0012A00002ZpKxu","City of Orlando","orlando.gov"
"001VK00000jgH5m","Webidoo","webidoo.com"
"0013j000034rYWT","Creandum","creandum.com"
"001F000001teBu1","Nexans","nexans.com"
"0013j00002mdAKo","Auditdata","auditdata.com"
"0012A000021J43s","Beam Suntory","beamsuntory.com"
"001VK000008s4V6","Wavemaker Global LLC","wavemakerglobal.com"
"001F000000rZc7V","Henry Schein","henryschein.com"
"0013j000031w5aQ","Linus Health","linushealth.com"
"0013j00002yaif9","ICW Group","icwgroup.com"
"001VK0000098DVy","Panasonic Europe","panasonic.com"
"0013j00003GV9oD","Versuni","versuni.com"
"001F000001N2AMo","Well.ca","well.ca"
"0013j000037iMry","Daiichi Sankyo , Inc.","daiichisankyo.us"
"001F000001jMaFO","Kerry Group, Plc","kerry.com"
"001F000001teBuZ","M?ºller Holding Ltd. & Co. KG","mueller.de"
"0013j00002bBnVO","Greenwich Biosciences","greenwichbiosciences.com"
"001F0000017Frvn","PlayStudios","playstudios.com"
"0012A00002EvVmE","PINKO","pinko.com"
"0013j00003ALmJs","Austin Preferred Integrative Medicine","austinpreferred.com"
"0013j00002bBy7P","Yoto","yotoplay.com"
"0013j00003AM8LQ","Office of the Queens Borough President","queensbp.org"
"0012A00002Y3lMq","Syndigo","syndigo.com"
"001VK00000bhInc","Human Appeal","humanappeal.org.uk"
"001VK00000guOgz","Sailor Health","sailorhealth.com"
"001F000001Lx0rJ","Vaisala","vaisala.com"
"0013j000034sMUi","Magna Steyr","magnasteyr.com"
"0013j000037iHr3","Tim Hortons","timhortons.ca"
"001VK00000ToSEv","Ingram Micro","ingrammicro.com"
"001VK00000c01EO","Maven Wireless","mavenwireless.com"
"0012A00002XQPQm","Takeda","takeda.com"
"0013j00002cTWF2","Kamax Automotive","kamax.com"
"001VK00000TX4c9","ICON plc","iconplc.com"
"0012A00002RMvPf","wearfigs","wearfigs.com"
"001F0000010dTVE","Anixter","anixter.com"
"001VK00000NZF3n","ICARDA","cgiar.org"
"0013j00002yauPg","Ista International","ista.com"
"0013j00003AMxFQ","whitebit","whitebit.com"
"0013j00003ALrF9","Wholesail","paywholesail.com"
"0012A00002VvRnA","The Zebra","thezebra.com"
"0013j00002ybXz9","frame-brand","frame-brand.com"
"0012A00002EtLAA","Sendinblue","sendinblue.com"
"001F0000017GMVs","Cushman & Wakefield","cushmanwakefield.com"
"0012A00002Rgy7Y","Qt Group","qt.io"
"0012A00002TzrTM","Eversheds Sutherland","eversheds-sutherland.com"
"001F000001teBvA","Indra","indracompany.com"
"0012A00002BmnEx","Olive","oliveai.com"
"0013j00003AOg7q","Anchor Worldwide","anchorww.com"
"001VK000007lfEB","Clarify Commerce","clarifycommerce.com"
"0012A00002Bn6WG","Socomec","socomec.com"
"0013j00002ybyyD","Emma ? The Sleep Company","emma-sleep.com"
"0012A00002asH7Z","Novocure","novocure.com"
"0012A00002Z1ane","Relativity Space","relativityspace.com"
"0013j00002bALVN","Liverpool","liverpool.com.mx"
"001VK00000VxoAE","Domino's","dominos.com"
"001VK000007vmuQ","Lytefire","lytefire.com"
"001VK00000MZRTp","DPD Deutschland","dpd.com"
"0013j00002bALgS","Pediatrix Medical Group","pediatrix.com"
"0012A000021IFRz","Glossier, Inc.","glossier.com"
"001VK000009PyF8","Weex Global","weex.com"
"001F0000017GMLd","Westat","westat.com"
"001VK00000ClYAb","Compass Group USA","compassgroupcareers.com"
"001VK00000enu8T","Aristeia Capital","aristeiacapital.com"
"001VK00000SQfXI","Interactive Sites","i-sites.com"
"0012A000021KEHM","Insightsoftware","insightsoftware.com"
"001F0000010dTrV","Wendy's","wendys.com"
"0013j00003ALmM0","LABPLAS","labplas.com"
"0012A00002T80gZ","Legion Technologies","legion.co"
"001VK000008WdCw","Apollo Sverige","apollo.se"
"001VK000004PQxt","UNIQLO EUROPE LTD","uniqlo.com"
"0012A00002Bn6CD","ams AG","ams-osram.com"
"0013j00002yZNgH","The Center for Health Care Services","chcsbc.org"
"001F0000010dTR5","Cabot Corporation","cabotcorp.com"
"0012A0000283Js1","Goat","goat.com"
"001F0000011oHvP","RUBICO","rubico.com"
"001VK00000jDGjf","zento","zento.app"
"0012A00002BlraI","Guerlain (LVMH)","guerlain.com"
"001VK00000jQ5AK","DEXIS","dexis.com"
"0013j000034rNpv","Cirkul","drinkcirkul.com"
"0013j00002cUMDh","Minerva Networks","minervanetworks.com"
"001F000000hVXQo","Workday","workday.com"
"0013j00002yc1u7","Castellum","castellum.se"
"0012A000021I9J0","JD.com","jd.com"
"0012A00002IhNFj","Designit","designit.com"
"0012A00002aGmm8","Bloomberg LP","bloomberg.com"
"0012A00002Z1bpn","State of North Carolina","nc.gov"
"0013j00002yc77F","Specsavers","specsavers.com"
"0013j00003JqxNj","Form Factory","theformfactory.co"
"0012A00002XnbxH","VAST Data","vastdata.com"
"0013j00002cUQVX","ActionAid Denmark","ms.dk"
"0013j00002yazfc","Kardex AG","kardex.com"
"001F000000raDjX","ViewSonic","viewsonic.com"
"0012A00002arpBF","InMoment, Inc.","inmoment.com"
"001F000001Ha2Fh","Bang & Olufsen","lbs-b-o.dk"
"001VK00000YecUP","Astemo","astemo.com"
"0013j00002ycLpg","NetJets","netjets.com"
"001F000000vYYti","Brady Corporation","bradyid.com"
"0012A000021K3vQ","Solocal","solocalgroup.com"
"001VK00000ZVeKt","LSEG","LSEG.com"
"001A000000XMECO","Zynga","zynga.com"
"001VK00000XbB7x","The Manitowoc Company","manitowoc.com"
"0012A000021J41Q","3E","3ecompany.com"
"0013j00002mcV6u","Turun kaupunki","turku.fi"
"0013j00002mc968","City of Concord","concordnc.gov"
"001F0000010dTcH","Kindred Healthcare","kindredhealthcare.com"
"001VK00000MGWNS","Accumed Revenue Systems","accumedrev.com"
"0013j00002macbU","Werfen","werfen.com"
"0012A00002IhNLO","Policybazaar.com","policybazaar.com"
"001VK000007vn8x","NBC News","nbcnews.com"
"0012A000021J4Fh","Netcracker Technology","netcracker.com"
"001F0000010dSmj","GitHub","github.com"
"0013j00002mbgWo","Toms Gruppen A/S","tomsgroup.com"
"0012A00002Bmn9y","Solaris SE","solarisgroup.com"
"0013j00002cTfyU","Inkitt","inkitt.com"
"001F0000017GMUQ","Andritz","andritz.com"
"001F000000jaVRZ","SoundCloud","soundcloud.com"
"0012A00002XnTYa","Veritone","veritone.com"
"001VK00000V7IXq","Safran","safran-group.com"
"001F0000017GM25","Linde","linde.com"
"001F000000jm8pa","Redbubble","redbubble.com"
"001F000001GJdW0","Weber Shandwick","webershandwick.com"
"0013j00003ALi1E","backstitch","backstitch.io"
"001F0000017GMNg","Herb Chambers I-93, Inc.","herbchambers.com"
"001VK000004gstN","Flutter UK & Ireland","flutteruki.com"
"0012A00002QsXe4","Lyngsoe Systems Library","lyngsoesystems.com"
"0013j00002yc3zo","Picard SurgelÈs","picard.fr"
"001F0000010dToy","Toll Brothers Apartment Living","tollbrothers.com"
